Id,UserId,Avatar,Author,Content,Url,ReactionsCount,Depth,SubCommentsCount,CommentAt,Platform,SourceFile,clean_content,word_count,CommentAt_parsed
1,UCgnI4g2NinGoG3RB3vD0iFA,https://yt3.ggpht.com/ytc/AIdro_kx1S6OCnuVxADs8_eeF8cmwtZB-2mv9KkoBLbifF3_VKFhmKemilEL1SeVcrFS-c7LGQ=s88-c-k-c0x00ffffff-no-rj,@LerryHidayat,Mana orams yg tidak triak demo siap perang ....,,0,0,0,,YouTube,youtube_comments.csv,mana orams yg tidak triak demo siap perang,8,
2,UCJX8ABrxD8HhQAcBG6t6lGg,https://yt3.ggpht.com/eyGouifgaal--xdVM1NYdnR6LHGhAqS_wB09gK3xSOXlwp5OFv1oQT1yYf1HQrgB9faoG1pE=s88-c-k-c0x00ffffff-no-rj,@WibowoBudiL,bantuan  hanya cm dage sm bongkrek jelas ditolak mad😂😂😂,,0,0,0,,YouTube,youtube_comments.csv,bantuan hanya cm dage sm bongkrek jelas ditolak mad,9,
3,UCuuRjyDkXOEcx8XPKms-_5w,https://yt3.ggpht.com/ytc/AIdro_mGc5OSwq0RWWz9mXNxtewH9ljL1v-CUOxIuJLdP_Q=s88-c-k-c0x00ffffff-no-rj,@kristiarisuryani8842,"MEREKA MELANGGAR WILALAYAH PERANG ISRAEL...
JADI DITANGKAP ..
UNTUNG GK KENA TEMBAK",,0,0,0,,YouTube,youtube_comments.csv,mereka melanggar wilalayah perang israel jadi ditangkap untung gk kena tembak,11,
4,UCNmMdiMoafYqn3n1fDEsAuA,https://yt3.ggpht.com/ytc/AIdro_k1ClcGWoojc1OqdMjY5kfFzVaVV4WaoGCuKKYH2fKYDpI=s88-c-k-c0x00ffffff-no-rj,@cerita-menarik,Unt apa Prabowo bergabung dgn BOP klo tdk bisa apa2 unt INDONESIA🤔❤🇮🇩,,0,0,0,,YouTube,youtube_comments.csv,unt apa prabowo bergabung dgn bop klo tdk bisa apa2 unt indonesia,12,
5,UCbO4oO8o2yflpcohP7AKBVg,https://yt3.ggpht.com/6fBdHccEyA_KppSuxAmLN5wVTawjx8bkFKRkOB0ZiRxHXYY1ZSdoXezVmWGr57GNhSrHTOhcTtw=s88-c-k-c0x00ffffff-no-rj,@raharjokoerdisalam,"Gak lama juga dibebasin.., kan presidennya besti sama presiden Prabowo 😢",,0,0,0,,YouTube,youtube_comments.csv,gak lama juga dibebasin kan presidennya besti sama presiden prabowo,10,
6,UCcaKFIhaWIwnDPrWqzcLjZw,https://yt3.ggpht.com/ytc/AIdro_ktgf3psRkAgKqgtBrHqhFCpTwn8CtlBGMPzkRqQ28gVAm_OArHXAgXv_ztPUnBWg1sIA=s88-c-k-c0x00ffffff-no-rj,@RugunNa70,Mrk ditangkap bukan diculik. Yg suka nyulik tni. Ini resmi dia menangkap. Klu nyulik itu dilakukan diam2. Ini media israel sendiri umumkan. He he konoha2. Yg suka nyulik itu hamas,,0,0,0,,YouTube,youtube_comments.csv,mrk ditangkap bukan diculik yg suka nyulik tni ini resmi dia menangkap klu nyulik itu dilakukan diam2 ini media israel sendiri umumkan he he konoha2 yg suka nyulik itu hamas,30,
7,UCgRihIaZnVFDISbbzK6CyQw,https://yt3.ggpht.com/1WJVZBPk8KDp2N67YSnqHvfPqHqF6TsHaToaYLbILKunKcGZ8Z5tjtG-YdnZ5kLl38Lqon-xWg=s88-c-k-c0x00ffffff-no-rj,@Vebrii27,Dunia mengecam tapi sy tdk,,0,0,0,,YouTube,youtube_comments.csv,dunia mengecam tapi sy tdk,5,
8,UClJ1eu0UlBIoHMQ8azgtU3w,https://yt3.ggpht.com/ytc/AIdro_nX6uF4gU8Lo_Uy7QCzyRLukJBUW3LQtAg2LFIdS9uk3TzTi81ldpp-mp8bVl_n17DE1Q=s88-c-k-c0x00ffffff-no-rj,@EgiWaluyo-y9s,😂😂😂 masuk wilayah konflik pasti di anggap penyusup😂😂,,0,0,0,,YouTube,youtube_comments.csv,masuk wilayah konflik pasti di anggap penyusup,7,
9,UCgRihIaZnVFDISbbzK6CyQw,https://yt3.ggpht.com/1WJVZBPk8KDp2N67YSnqHvfPqHqF6TsHaToaYLbILKunKcGZ8Z5tjtG-YdnZ5kLl38Lqon-xWg=s88-c-k-c0x00ffffff-no-rj,@Vebrii27,Israel tdk mau kecolongan lagi setiap org yg masuk daerah konflik harus di periksa dan di interogasi atau terafiliasi dg teroris apabila clear akan di bebaskan,,0,0,0,,YouTube,youtube_comments.csv,israel tdk mau kecolongan lagi setiap org yg masuk daerah konflik harus di periksa dan di interogasi atau terafiliasi dg teroris apabila clear akan di bebaskan,26,
10,UCpWkctkp7x5clot3gcv93Vg,https://yt3.ggpht.com/ytc/AIdro_lb-9ymAQQEJsl5rSucrmYWE12vQrLj-p9NkMmTo1DNL4o0eje5ZMg1sC07WiAJVniy3Q=s88-c-k-c0x00ffffff-no-rj,@sebatangpohon3609,"Ke 9 wni teroris itu dideportasi ISRAEL, tidak ada kontribusi turki.",,0,0,0,,YouTube,youtube_comments.csv,ke 9 wni teroris itu dideportasi israel tidak ada kontribusi turki,11,
11,UCP3Jljqp0sKTD-l7B-rCccg,https://yt3.ggpht.com/xEdVbUBiSYVcq3WMa3emgw9YJkz9Usr8Op5uaxmiTO3HUyO72U18pOvwTszq6KFa2e_koU33=s88-c-k-c0x00ffffff-no-rj,@Deus_benedicat,"Mengecam.....??? Sejak kapan dunia mengecam, jangan jadi provokator tv oon...salah mereka kok menyusup ke negara orang...kondisi konflik lagi...",,0,0,0,,YouTube,youtube_comments.csv,mengecam sejak kapan dunia mengecam jangan jadi provokator tv oon salah mereka kok menyusup ke negara orang kondisi konflik lagi,20,
12,UCS4mv2bbkVzHjuH88CqV8Ow,https://yt3.ggpht.com/ytc/AIdro_nZnBYdbbSKzxA_3dH2cbWAwmC84HZnbbEnElweAUs=s88-c-k-c0x00ffffff-no-rj,@mujilanjilan8293,Datang sendiri resiko tanggung sendiri ya ....ngapain ngurusi negara lain di indonesia saja banyak yg susah,,0,0,0,,YouTube,youtube_comments.csv,datang sendiri resiko tanggung sendiri ya ngapain ngurusi negara lain di indonesia saja banyak yg susah,16,
13,UCkiVJ3tS20JlUlDklL2EmkQ,https://yt3.ggpht.com/ytc/AIdro_kAvXwKhF9W-758960a9XjLrXxvSdrZkX4XZl0vZ0CotMcCwuJe0HKveyMX8NMWQ9UFfw=s88-c-k-c0x00ffffff-no-rj,@MustafaKamal-r7x,Seharusnya bantuan lewat prosedur yg sdh ada jd biar tdk ada masalah,,0,0,0,,YouTube,youtube_comments.csv,seharusnya bantuan lewat prosedur yg sdh ada jd biar tdk ada masalah,12,
14,UCQqvqg5bH_o3LylL7U-t2Pw,https://yt3.ggpht.com/ytc/AIdro_kT64k4rg8us54JGPNfusGgnuSHZa0iZaRzPmxQj6Mb1Hw=s88-c-k-c0x00ffffff-no-rj,@sutrisna1266,Allahu Akbar... Kuatkan hati sodara kami,,0,0,0,,YouTube,youtube_comments.csv,allahu akbar kuatkan hati sodara kami,6,
15,UCAMlv6Bq0jsEVLVeR9eh1Ww,https://yt3.ggpht.com/DRenMeNcl3usaZ2qICPSyPApVcEZz4-3S9Su3MKelv1DbDni6M9Rg7gVTYZrbcuQOWBCLkP_Or0=s88-c-k-c0x00ffffff-no-rj,@Bila_bel,"Gimana nih pemimpinnya lambat amat gak punya empati, respon cepat doang...udah tau masyarakatnya di tangkap",,0,0,0,,YouTube,youtube_comments.csv,gimana nih pemimpinnya lambat amat gak punya empati respon cepat doang udah tau masyarakatnya di tangkap,16,
16,UCbP7kRqVJDx3xwRejQQSsnA,https://yt3.ggpht.com/ytc/AIdro_kreQYoMDitOiUhlQuQH74x8mvPequKq2PmlGBX4V_wyc2XSilO-PC-h-9Bd0LaJiGN4A=s88-c-k-c0x00ffffff-no-rj,@VghRonny-p9o,"udh biarin aj biar kapok, brangkat sendiri pulang sendiri",,0,0,0,,YouTube,youtube_comments.csv,udh biarin aj biar kapok brangkat sendiri pulang sendiri,9,
17,UC9_uPdeTXoDC6m3EtB3zhnQ,https://yt3.ggpht.com/ytc/AIdro_m8XKHqSWkWTWqWfEqmk_VKzILNNjD_Lzb82OiQOJGQrEQgbhrNF_TgQFrd7LuMlqJAqQ=s88-c-k-c0x00ffffff-no-rj,@sudirman5204,😂😂😂😂,,0,0,0,,YouTube,youtube_comments.csv,,0,
18,UC8wyskCGIXhjMCdK4ek_ABA,https://yt3.ggpht.com/ytc/AIdro_kSGfJDEc-ehaGCvwnyuNBr8kfhML-Yew76Nj8hUUSrrke4-fZIU5cLYjQMy1xZcxRHzA=s88-c-k-c0x00ffffff-no-rj,@sitirahmah3376,Semoga para jurnalis republika Alloh lindungi dan selamatkan dari kaum zionis Amiin..,,0,0,0,,YouTube,youtube_comments.csv,semoga para jurnalis republika alloh lindungi dan selamatkan dari kaum zionis amiin,12,
19,UCXiCcbrED8kiZ8Ld1AaW-gA,https://yt3.ggpht.com/ytc/AIdro_lotwq9kZ-zhxXUPYTHDURWd2bPVUP7N6Lmrz_CAiHeSQgwSE_79junSbEt4Q9YRbEFbA=s88-c-k-c0x00ffffff-no-rj,@BowoAbdullah-f6u,"Bagaimana ni Reaksi Pejabat, Pemimpin Indonesia. Terhadap zionis negosida israel.",,0,0,0,,YouTube,youtube_comments.csv,bagaimana ni reaksi pejabat pemimpin indonesia terhadap zionis negosida israel,10,
20,UCkwRBmIk8XR4mj23Np6knHQ,https://yt3.ggpht.com/ytc/AIdro_lqZZRWVeH6XqGcG2ZzeqBwu4JEmbDI7YNnRMhtqBHk1FvxA0I=s88-c-k-c0x00ffffff-no-rj,@SintoBria,Itu aktifis ilegal yang masuk Israel tanpa izin maka di anggap teroris paham itu....,,0,0,0,,YouTube,youtube_comments.csv,itu aktifis ilegal yang masuk israel tanpa izin maka di anggap teroris paham itu,14,
21,UCHtyriOPAdKNCaN7wzDCSRw,https://yt3.ggpht.com/ytc/AIdro_nHNmhgK4mtwlkvbYzWQNsHe7dvV4nJKisK6SmVW8O7u9Pa8T0cWxyinae9f8_eisKzEw=s88-c-k-c0x00ffffff-no-rj,@AgusWaluyo-o8d7g,Mana berani...para pangkat Bintang itu...mereka sudah Hidup nyaman...pasti akan takut Terhadap siapa pun yg sama sama punya senjata dan punya potensi akan membahayakan nyawanya..,,0,0,0,,YouTube,youtube_comments.csv,mana berani para pangkat bintang itu mereka sudah hidup nyaman pasti akan takut terhadap siapa pun yg sama sama punya senjata dan punya potensi akan membahayakan nyawanya,27,
22,UCg_L_diS-rTI6xQybPcfaHA,https://yt3.ggpht.com/ytc/AIdro_nd-vlBKVo5vb_gAzEJPPrEUmKAXLoruOBOoJd_R_KvGKjJu7amWAiwOcKi9RlsoFVuaw=s88-c-k-c0x00ffffff-no-rj,@PaulusCat,Pot9ng tangan mrk,,0,0,0,,YouTube,youtube_comments.csv,pot9ng tangan mrk,3,
23,UCGWp8erhkMbLB8IYEjPuE-g,https://yt3.ggpht.com/ytc/AIdro_nnvapz-_JpWyyMzx7ZxhhHsWePETRT7qW4nQZFBh0=s88-c-k-c0x00ffffff-no-rj,@tjiptadisetyokusumo7964,"Pekerjaan  Apapun  Punya  Resiko....
Pilih  Resiko yang  paling  Kecil
Sebelum  Berbuat Atau Memulai 
Pekerjaan  yang  akan kita  kerjakan...
Jangan  Memaksakan  orang lain
Untuk  memahami  kita...
Kitalah yang  harus  mengertiin dan menyesuaikan dengan suasana  diluar sana  
Biar  Aman...Slamet. 🎉🎉",,0,0,0,,YouTube,youtube_comments.csv,pekerjaan apapun punya resiko pilih resiko yang paling kecil sebelum berbuat atau memulai pekerjaan yang akan kita kerjakan jangan memaksakan orang lain untuk memahami kita kitalah yang harus mengertiin dan menyesuaikan dengan suasana diluar sana biar aman slamet,38,
24,UCZUBJ9XH0b_4-srkUfCbQHg,https://yt3.ggpht.com/ytc/AIdro_m4jJbEjL0SIaIOtfApQMcEAEbnC-hAy2naWEzpzZ-wcWvyVBEhmP2ZNn6PyBDPQpvKQA=s88-c-k-c0x00ffffff-no-rj,@KhendingHutagalung,"Jurnalis cari mati, sudah tahu Indonesia tidak di terima di situ",,0,0,0,,YouTube,youtube_comments.csv,jurnalis cari mati sudah tahu indonesia tidak di terima di situ,11,
25,UCpErbO0eqJ11AvxAEI7REyg,https://yt3.ggpht.com/ytc/AIdro_maFvjGfHiQ6xAV_LK4g9IQhf8G8teNHwpOkkSbbz4=s88-c-k-c0x00ffffff-no-rj,@mouzaalfatih4802,❤❤❤❤❤,,0,0,0,,YouTube,youtube_comments.csv,,0,
26,UCAAJ8c1XagUuAxhZTDAC5Vg,https://yt3.ggpht.com/ytc/AIdro_kvlWfpFiGDsOuWN8WC7fbTg_M3GnIyZoNdq97hjvUJDaKXfd4Br8mhKtbUbhXvgfORVQ=s88-c-k-c0x00ffffff-no-rj,@KhairunnisaAzkasaniya,sudah resiko masuk area konflik,,0,0,0,,YouTube,youtube_comments.csv,sudah resiko masuk area konflik,5,
27,UCmowpos0ukkYlwmfvnT2j7Q,https://yt3.ggpht.com/ytc/AIdro_nK8-2S8Mp_9iHgM6KD_W9H-WTUmsXZHxezS9hOvy8=s88-c-k-c0x00ffffff-no-rj,@Imaniman-eq6nm,"Molis wajib 300 km sekali cas dinamo minimal 6000 watt,pendingin dinamo, batre milik harga murah 10 juto wajib",,0,0,0,,YouTube,youtube_comments.csv,molis wajib 300 km sekali cas dinamo minimal 6000 watt pendingin dinamo batre milik harga murah 10 juto wajib,19,
28,UCC90THCYMSHExjOpHzl_0lw,https://yt3.ggpht.com/ytc/AIdro_nHNmhgK4mtwlkvbYzWQNsHe7dvV4nJKisK6SmVW8O7u9Pa8T0cWxyinae9f8_eisKzEw=s88-c-k-c0x00ffffff-no-rj,@Angga-gt3xh,Tanpa izin pemerintah artinya ilegal 😂 memasuki wilayah terlarang artinya menyusup 😂 wajar kalau di tangkap !!! 😂,,0,0,0,,YouTube,youtube_comments.csv,tanpa izin pemerintah artinya ilegal memasuki wilayah terlarang artinya menyusup wajar kalau di tangkap,14,
29,UCVT85sU0EDOtxzwA9P48hVQ,https://yt3.ggpht.com/ytc/AIdro_l7KMA2U6Jbi0Q1I7QM--IIAzFWbd_-smPfnGoQ0fcu-_w=s88-c-k-c0x00ffffff-no-rj,@abrahamtidore5496,berarti jgn asal masuk di area konfilk pace,,0,0,0,,YouTube,youtube_comments.csv,berarti jgn asal masuk di area konfilk pace,8,
30,UCZGyvsKq2FEg0lD-csV1uvw,https://yt3.ggpht.com/ytc/AIdro_kxaPCV2L3fp3myoqjqCfBYo2tEnef6unhHc4tWv0_mFCU=s88-c-k-c0x00ffffff-no-rj,@bahteratarigan6906,Sik kemanusiaan lu.. rasakan,,0,0,0,,YouTube,youtube_comments.csv,sik kemanusiaan lu rasakan,4,
31,UCLTqwN6iYoWvn5yyU4Yh3Nw,https://yt3.ggpht.com/ytc/AIdro_nt2oyYde-6nosceh6Bz_Di8W-sNOH6A4R-u83qg__sFIaHYw-rP5YpNX8o79X1We3LHg=s88-c-k-c0x00ffffff-no-rj,@opikjelek2719,di culik apa di tangkap..?,,0,0,0,,YouTube,youtube_comments.csv,di culik apa di tangkap,5,
32,UCJMmXCasbOaHYuDjWe3EA0w,https://yt3.ggpht.com/ytc/AIdro_lRTWRoJ5Mm1J6dwSFwLZYO2tYqK3zKpN4VbdDGguTxhPP-sB_V7uVUqTAw-NzD5GCobQ=s88-c-k-c0x00ffffff-no-rj,@FaizaSofyan-e8m,"Bantu wo, entekan temen si trump dan israel. Itu rakyatmu wo",,0,0,0,,YouTube,youtube_comments.csv,bantu wo entekan temen si trump dan israel itu rakyatmu wo,11,
33,UCdQLjUYury0Aq843Of4jK6A,https://yt3.ggpht.com/ytc/AIdro_mg_qk25UpUUPhVPvFFz1FkTivULche5MvItdzRZ6uEAA=s88-c-k-c0x00ffffff-no-rj,@hamitdoang3744,Semoga diberi keselamatan dr penyekapan ini,,0,0,0,,YouTube,youtube_comments.csv,semoga diberi keselamatan dr penyekapan ini,6,
34,UCU28bT-JcaGah_jSLIJu3kg,https://yt3.ggpht.com/ytc/AIdro_lydX-DL98jfCrvWockQnsuiyk-BIz1Anv1PT2C6e8=s88-c-k-c0x00ffffff-no-rj,@480prime4,Pasti Dusta2 jurnalis.... 😂,,0,0,0,,YouTube,youtube_comments.csv,pasti dusta2 jurnalis,3,
35,UCTER9vHXo554sP-NRMnrDDQ,https://yt3.ggpht.com/ytc/AIdro_njv5bj96nXZPdVSGWFsAya7ecRhM4u_78FX5cOyq1Aefxs0LYhy-CVDYRCpSNnYeaQwA=s88-c-k-c0x00ffffff-no-rj,@CikdinHamid,"Israel sudah keterlaluan dunia harus bertindak tegas, israel. Menculik ambil harta orang palestina, Genosida anak ibu2",,0,0,0,,YouTube,youtube_comments.csv,israel sudah keterlaluan dunia harus bertindak tegas israel menculik ambil harta orang palestina genosida anak ibu2,16,
36,UCVL0N0KyRnIYeWKZ3vwuPqw,https://yt3.ggpht.com/7GeiSWvAwQK2FFHFmUaX-ghCz_pwFLJ2CeSI2Lm8RvoJjmD_DG0aYNVGQmpplrrMcbri6qK_=s88-c-k-c0x00ffffff-no-rj,@Mercy_C-class,"Pasukan dajjal dilawan... Mana sanggup lawan mereka, kecuali pasukan imam Mahdi, tapi kayanya banyak yg ngk percaya 😂😂😂",,0,0,0,,YouTube,youtube_comments.csv,pasukan dajjal dilawan mana sanggup lawan mereka kecuali pasukan imam mahdi tapi kayanya banyak yg ngk percaya,17,
37,UC7KEkW4DkJ26u71eVm_mDTg,https://yt3.ggpht.com/ytc/AIdro_kMYxzuoALeklp701_RTTqcGyDmQBNx8RUq7hexDYiJAbjeefA32v6O8iwKUH_tJvomYg=s88-c-k-c0x00ffffff-no-rj,@RumahHaimi,israel sama indo g ada hubungan diplomasi langsung + masa perang.. Dan ada to sekelompok org dengan pedenya masuk territory itu. pdhl tentara perdamaian indo aja digasak di daerah netral sama bangsa penjajah,,0,0,0,,YouTube,youtube_comments.csv,israel sama indo g ada hubungan diplomasi langsung masa perang dan ada to sekelompok org dengan pedenya masuk territory itu pdhl tentara perdamaian indo aja digasak di daerah netral sama bangsa penjajah,32,
38,UCmowpos0ukkYlwmfvnT2j7Q,https://yt3.ggpht.com/ytc/AIdro_nK8-2S8Mp_9iHgM6KD_W9H-WTUmsXZHxezS9hOvy8=s88-c-k-c0x00ffffff-no-rj,@Imaniman-eq6nm,Israhel protes mbg kok begitu..,,0,0,0,,YouTube,youtube_comments.csv,israhel protes mbg kok begitu,5,
39,UCLTqwN6iYoWvn5yyU4Yh3Nw,https://yt3.ggpht.com/ytc/AIdro_nt2oyYde-6nosceh6Bz_Di8W-sNOH6A4R-u83qg__sFIaHYw-rP5YpNX8o79X1We3LHg=s88-c-k-c0x00ffffff-no-rj,@opikjelek2719,"udah tau sedang perang malah mau kesana, kocak😅",,0,0,0,,YouTube,youtube_comments.csv,udah tau sedang perang malah mau kesana kocak,8,
40,UCkhgj6rBfwverrhF--DEiCw,https://yt3.ggpht.com/9hNXXi_Q5Fl2b1ozeyktfFzfvg_11x5tuhVjCI29Ti8BR3zqicmfdvllqfXWUxL__jfBJtxH1z0=s88-c-k-c0x00ffffff-no-rj,@Kvnokey99,Mampuss....😂😂😂😂,,0,0,0,,YouTube,youtube_comments.csv,mampuss,1,
41,UCyhCfHgALoBMQF1O2nVIJpQ,https://yt3.ggpht.com/ytc/AIdro_leFFe8KMeL6dviJz4lflNtiouNm3lwAszN8UUFbfSwdMLOPurEgsecMSCzM5JDe-AUAA=s88-c-k-c0x00ffffff-no-rj,@leonardhutagaol922,"Diculik? Ah, lebay lu.",,0,0,0,,YouTube,youtube_comments.csv,diculik ah lebay lu,4,
42,UCDIWawuOMaPTDLayAvT_7zQ,https://yt3.ggpht.com/YRVBUMdNO37Udm5gWMYNzQhfbKLC7JMZT_Fm8CXOhf0U000m4gtGhG88uTjJC8r2CGZ3GjulBQ=s88-c-k-c0x00ffffff-no-rj,@galihardharaja,"Ndak ada yg nyuruh mereka ke sono.. sudah tahu Israel tdk pandang bulu walaupun itu pers, akan tetap dihajar oleh mereka..",,0,0,0,,YouTube,youtube_comments.csv,ndak ada yg nyuruh mereka ke sono sudah tahu israel tdk pandang bulu walaupun itu pers akan tetap dihajar oleh mereka,21,
43,UCsVB4QbrTurv9Xsv_iD1jEQ,https://yt3.ggpht.com/iFv6gfXJqyVYMvGoJbsiaIn8RumiifkIZCyc03j9MP5Eh_-hwyZ4oM_-PlCj-UWW8otgFfTX1IU=s88-c-k-c0x00ffffff-no-rj,@PUJAWALI_BALI,"Lha..nyari mati. Ngpain pergi kedaerah konflik. Sudah tau Mossad dan IDF itu biadab, gak pandang bulu klo bantai org",,0,0,0,,YouTube,youtube_comments.csv,lha nyari mati ngpain pergi kedaerah konflik sudah tau mossad dan idf itu biadab gak pandang bulu klo bantai org,20,
44,UCJ-tM_1NLHnLV8WIaJfMBmA,https://yt3.ggpht.com/ytc/AIdro_mc4Y9gQCEiemTFxftMBzkVs4f2dFVKIi2EzfEXVVougJ-byH1unVlcX4jadECPvzh2lg=s88-c-k-c0x00ffffff-no-rj,@michael2705simanjuntak,"betul kah beritamu ini pak, hoax pula",,0,0,0,,YouTube,youtube_comments.csv,betul kah beritamu ini pak hoax pula,7,
45,UCI_T8R5AxvvgJTO6ZWt9tYg,https://yt3.ggpht.com/ytc/AIdro_ktf9w-_Y-Ykk2WaCOrvRvto-DqwRfZrCwkWm-etOgO-lhcHcpTYkUtyPAuK6d42C4TAw=s88-c-k-c0x00ffffff-no-rj,@cemalcemol,"Sebetulnya aneh banget,bilang diculik,tapi masih bisa buat video kayak gini,bikin propaganda  saja,harusnya kalau memasuki wilayah suatu negara ya tidak seenaknya",,0,0,0,,YouTube,youtube_comments.csv,sebetulnya aneh banget bilang diculik tapi masih bisa buat video kayak gini bikin propaganda saja harusnya kalau memasuki wilayah suatu negara ya tidak seenaknya,24,
46,UCX7h8nV3UT6xsh0yaO3DSUw,https://yt3.ggpht.com/ytc/AIdro_lTRfiFPSakYg4RhJ0dUUDf5Fq4pnYA4PCRJF6rzkfguOz9=s88-c-k-c0x00ffffff-no-rj,@ivankandella8103,Untung kapalnya tidak dirudal seperti Hamas,,0,0,0,,YouTube,youtube_comments.csv,untung kapalnya tidak dirudal seperti hamas,6,
47,UCwXDngU_jQ1ubINb1LNNm4w,https://yt3.ggpht.com/ytc/AIdro_mB0AEzuPBnHUnbJ05Kn6OFC0GWil99rk2mq0C8tMcOp8jSTPBxtIYFzdnOER1R9KYpvA=s88-c-k-c0x00ffffff-no-rj,@tommiharhutapea7937,"Mana ada urus disini masih banyak pengangguran.
Banyak tetangga atau saudara lagi hidup susah 
Sorry..gak minat mending yang dekat dan depan mata saja.",,0,0,0,,YouTube,youtube_comments.csv,mana ada urus disini masih banyak pengangguran banyak tetangga atau saudara lagi hidup susah sorry gak minat mending yang dekat dan depan mata saja,24,
48,UC53R-mR5WmG_1sMjb9FJExg,https://yt3.ggpht.com/GerlEhBN9YjqbjT6akDaxcWwp2Kd5lChTo6QEYmjPOUm4QkRk7PG_7QV79_iJBtcQmpqF7c05A=s88-c-k-c0x00ffffff-no-rj,@RUKUNGAWESENTOSO,"Bagus ditangkap..., ngapin klayapan ke negara orang yang sedang konplik.....",,0,0,0,,YouTube,youtube_comments.csv,bagus ditangkap ngapin klayapan ke negara orang yang sedang konplik,10,
49,UCt0k19_sZrFoIoMm7P0ckWw,https://yt3.ggpht.com/ytc/AIdro_nPwj0q1VHy1hUfYBo_7UXCY62L6t2c04mW5iTRSxRUchtXqPf1ay264TypekgYI4LUIg=s88-c-k-c0x00ffffff-no-rj,@gagalm3f,manusia2 cari muka bgtu langsung dibuang ke laut sj.di negri sndiri banyak yg melarat sok relawan ke negri org.matikan sj.,,0,0,0,,YouTube,youtube_comments.csv,manusia2 cari muka bgtu langsung dibuang ke laut sj di negri sndiri banyak yg melarat sok relawan ke negri org matikan sj,22,
50,UC7UNe1N5HRTyj8c1PdVBrDA,https://yt3.ggpht.com/ytc/AIdro_mTM3I_J2ih6O_ventqDS1zxL7aVwUFw36WsAdUoadQlQ=s88-c-k-c0x00ffffff-no-rj,@thejoker49,Ngapain juga org2 ini,,0,0,0,,YouTube,youtube_comments.csv,ngapain juga org2 ini,4,
51,UCdnLz7nAlOqbZyWvvn25I1g,https://yt3.ggpht.com/S8jEFQcwazMY6Cbwe2SZmUxQBzJYXNdbGP0jm7aT3wygjD7fla5s20s5v9Cfun3UuisndIJYyA=s88-c-k-c0x00ffffff-no-rj,@djawadwipachannel5875,"Lagian lg pd ngapain disana, kyk org2 yg kurang kerjaan aja 🙊🤣🤣🤣
Makanya fokus kerja, cari duit, ngapain repot2 dtg ke negara yg lg perang, kyk jagoan aja 🙉🙈
Dukung palestina bkn begitu caranya, msh bnyk cara lain.",,0,0,0,,YouTube,youtube_comments.csv,lagian lg pd ngapain disana kyk org2 yg kurang kerjaan aja makanya fokus kerja cari duit ngapain repot2 dtg ke negara yg lg perang kyk jagoan aja dukung palestina bkn begitu caranya msh bnyk cara lain,36,
52,UCPJhZoGvd0g1q0VFcTYlifw,https://yt3.ggpht.com/fxJ106CGBiuKcRVM9cQwo7T507pY8TDh6lD4pQHF9Q_isRhQqAN48aXcJiqxo4Hqzp9BgRmTUA=s88-c-k-c0x00ffffff-no-rj,@elaeisguinensis3161,"Diculik???? ha ha ha ha ha 
Siapa yang goblok...",,0,0,0,,YouTube,youtube_comments.csv,diculik ha ha ha ha ha siapa yang goblok,9,
53,UCOeSvgUeXXjLEPMzIsKFyYg,https://yt3.ggpht.com/ytc/AIdro_mbuKjqaDp0piKIeBhSqxIqAI7x5o5MZ_Mb-sSBfzC4a6U=s88-c-k-c0x00ffffff-no-rj,@doraemon-ml7og,"DATANG TAK DI UNDANG, SAAT BERHASIL JADI SOK HERO, SAAT GAGAL YA NARASI DI BANGUN LAH. APAKAH PALESTINA PEDULI DENGAN ANDA ?",,0,0,0,,YouTube,youtube_comments.csv,datang tak di undang saat berhasil jadi sok hero saat gagal ya narasi di bangun lah apakah palestina peduli dengan anda,21,
54,UCK0D1gpNF-cfbLWMp9mBCBA,https://yt3.ggpht.com/ytc/AIdro_mNkj4pW6jUvChG4gBzsrYlBtzdpsU-SuNMu6MPKVmDoCxY2_D05vAOfPJE2IATJUm0Sw=s88-c-k-c0x00ffffff-no-rj,@moshesiregar4139,"Masuk zona perang,, yah beruntung klo bisa keluar dari zona perang itu masih hidup,,",,0,0,0,,YouTube,youtube_comments.csv,masuk zona perang yah beruntung klo bisa keluar dari zona perang itu masih hidup,14,
55,UCZQsIn1Atf3mKt0-mQDS5Zg,https://yt3.ggpht.com/FgHEJe_6JiCK7KOt66ykqm-G2bRUZUmaoLgJV2ScYmOd-O6FwijozPTkdASyONqID4p7YlBZQPw=s88-c-k-c0x00ffffff-no-rj,@studiobiangkala,diculik pa ditangkap...??,,0,0,0,,YouTube,youtube_comments.csv,diculik pa ditangkap,3,
56,UCXhKdkJurr9MBvCUwl2UTGQ,https://yt3.ggpht.com/ytc/AIdro_mecWnYm9YiZm0tb0Jd-a975_O3muvN6BBSaUFcDqU=s88-c-k-c0x00ffffff-no-rj,@kendykimbal7418,Maunya viral,,0,0,0,,YouTube,youtube_comments.csv,maunya viral,2,
57,UCHqgsGmqSD7zCVC-MylUXsA,https://yt3.ggpht.com/EankUMUNFSWbRZu63C5BIs0thCf6aVqRjGrm6lf1eiIeyy3VljNmIMxfnJzW-czYSBG50C4mcA=s88-c-k-c0x00ffffff-no-rj,@louisemerlo,Waduh.. kebetulan Indonesia tdk ada hubungan diplomatik dengan Israel jadi yaa wasallam saja 🙏,,0,0,0,,YouTube,youtube_comments.csv,waduh kebetulan indonesia tdk ada hubungan diplomatik dengan israel jadi yaa wasallam saja,13,
58,UCtvK4wy3crjkb13Owd5dK7Q,https://yt3.ggpht.com/tv0SSBE2jF-XYukt_k9ZQxrZUr8NCV-pNKlQ0oHDKTBUgnkwhhXBlYSH1dlDEcH0JprpkLbrE8I=s88-c-k-c0x00ffffff-no-rj,@LT.869,masuk untuk ngapain di medan konflik urusan negara org kok di campurin tu liat akibatnya tanggung sendiri😂😂😂,,0,0,0,,YouTube,youtube_comments.csv,masuk untuk ngapain di medan konflik urusan negara org kok di campurin tu liat akibatnya tanggung sendiri,17,
59,UCYvpMqX144FfPDqCBZqy8UA,https://yt3.ggpht.com/ytc/AIdro_mIq3VHfPUrGhS9seKsJqeGzc2vC6doz0-nM2OENLkRxafGhMnaFzOjB0stCwcIPBngbw=s88-c-k-c0x00ffffff-no-rj,@AhmadBasuki-m1o1q,Masya ALLOH laquwata ila biLLAH 🤲🤲🤲💪💪💪👍👍👍,,0,0,0,,YouTube,youtube_comments.csv,masya alloh laquwata ila billah,5,
60,UC3Hf-kRRwX3fShmgMjKmJVg,https://yt3.ggpht.com/ytc/AIdro_kJZjTdE9cKtD3niIQ_h5i0Day3VTecJTt6UVbyrzI=s88-c-k-c0x00ffffff-no-rj,@edyjensenem5193,SOKOR.....KOK MINTA BANTU PEMERINTAH😂😂😂😂,,0,0,0,,YouTube,youtube_comments.csv,sokor kok minta bantu pemerintah,5,
61,UCXWbqEGysOTKrw-9FAv_0Sg,https://yt3.ggpht.com/iBkTwlPIeG4qA6z4-ThVtCTaJtzfQtYXtG_hn0c5sWVoR0lbgAooQYnxxaHLB9UUjgQaB1rQHfA=s88-c-k-c0x00ffffff-no-rj,@loveYeshua-n7t,"Prihatin juga, tapi namanya usaha",,0,0,0,,YouTube,youtube_comments.csv,prihatin juga tapi namanya usaha,5,
62,UCMCG7yWS56DpLeEvQkOZvXQ,https://yt3.ggpht.com/ytc/AIdro_lWxs76FWK3zH4OnQKAfU05BzT8Ao-KUCqwhdh5X6s4POOHta4ToH0skn4tyf_yydneLw=s88-c-k-c0x00ffffff-no-rj,@KusniYati-q8x,Hasbunallah wa nikmal wakil nikmal maula wa nikman nasir,,0,0,0,,YouTube,youtube_comments.csv,hasbunallah wa nikmal wakil nikmal maula wa nikman nasir,9,
63,UCgPJM6UcmnwWCP3r0hebEGA,https://yt3.ggpht.com/ytc/AIdro_mUHtdpu4XzzdxF2ymzSrvOvM9l8ZkWMxT3YZsPUIvCmZk=s88-c-k-c0x00ffffff-no-rj,@runtuvaldy2970,"Betah"" d sana yahh .😂",,0,0,0,,YouTube,youtube_comments.csv,betah d sana yahh,4,
64,UCDU6VtFOs5zQlQH2K9HvN2g,https://yt3.ggpht.com/oLywDzBQnYpgZET30Xtjsm0O7qexDNwVO_ZU_EN62RQSXhCPruvf7Zc6_VquTlhfbcJbcpNu=s88-c-k-c0x00ffffff-no-rj,@Ciwie-f7m,Judul menyesatkan...bukan di culik woiii..!!!...tapi ditangkap...itu daerah konflik ngapain kesana haah....!!!...,,0,0,0,,YouTube,youtube_comments.csv,judul menyesatkan bukan di culik woiii tapi ditangkap itu daerah konflik ngapain kesana haah,14,
65,UCUJX8o_5k5TnJn1QCT_4Gaw,https://yt3.ggpht.com/ytc/AIdro_nGeYh4-7xWgW6DckTvLxzkztWhki3wHKZvfiwhyygVMpsmB4doNmyVapsBxqo15mDYCQ=s88-c-k-c0x00ffffff-no-rj,@NununRohayati,Saya baca tapi pagi inì saya harus kerja..gak kerja gak makan,,0,0,0,,YouTube,youtube_comments.csv,saya baca tapi pagi inì saya harus kerja gak kerja gak makan,12,
66,UCGNUekw6j-VD6lDXRIGyS2Q,https://yt3.ggpht.com/jX0Q3Dz_4dtvQxBuYK_S34DBsPbZolXAVwpacXQ5fUxt9YloGg14iD-H0Ch3E-q-hXiFnEf5Ww=s88-c-k-c0x00ffffff-no-rj,@Ucalucil1212,"Mas itu kameranya di zoom out lagi dong... shoot background sekelilingnya kayaknya itu di kamar nya bagus deh dekorasinya... mungkin lebih bagus dari pada kamar hotel bintang 2... Pake AC ga??? itu kayak bukan di culik trus dijebloskan, mungkin cuman diamankan... trus dikasih makan ga??? jangan bilang dikasih steak ama ayam lagi selama ditahan",,0,0,0,,YouTube,youtube_comments.csv,mas itu kameranya di zoom out lagi dong shoot background sekelilingnya kayaknya itu di kamar nya bagus deh dekorasinya mungkin lebih bagus dari pada kamar hotel bintang 2 pake ac ga itu kayak bukan di culik trus dijebloskan mungkin cuman diamankan trus dikasih makan ga jangan bilang dikasih steak ama ayam lagi selama ditahan,54,
67,UC2S37_tPw5fZq6hqzor70Vw,https://yt3.ggpht.com/RSSShrGT1kfs4JsQuULt6uEG0kTe96hVO-zH4cQ2LNIfI54HO35rsOaHD2uBPjzLaqkf6NvC=s88-c-k-c0x00ffffff-no-rj,@geng7166,Sudah layak dan sepantas nya jika perlu cebur Khan ke lhautttt👍🏻👍🏻👍🏻👍🏻👍🏻👍🏻😂,,0,0,0,,YouTube,youtube_comments.csv,sudah layak dan sepantas nya jika perlu cebur khan ke lhautttt,11,
68,UCMOUbMryGWoye4GPglucYfA,https://yt3.ggpht.com/ytc/AIdro_k4A7UBRjpHJd5pTJDS10pQ0oY8zU9MMO0YeawXUA4=s88-c-k-c0x00ffffff-no-rj,@jemalemtaguntingsuka3998,"Harusnya ditenggelamkan,",,0,0,0,,YouTube,youtube_comments.csv,harusnya ditenggelamkan,2,
69,UCbH15Zzst0EOPXfqVVsNpGQ,https://yt3.ggpht.com/ytc/AIdro_kQ70SUYIPRdvMpmawwFhYbLew2HuwHEs1DL8JWRrE=s88-c-k-c0x00ffffff-no-rj,@henrirotnedypardede4016,"Artikulasinya mohon diperbaiki,, yang saya dengar di kucil bukan di culik.",,0,0,0,,YouTube,youtube_comments.csv,artikulasinya mohon diperbaiki yang saya dengar di kucil bukan di culik,11,
70,UCTIcqGJqHRMYFWuOF5Z9m-A,https://yt3.ggpht.com/ytc/AIdro_mGCcO77qRAILeeq23h9y6AoVb-S6jhNjs55xh4H1JqzRtYoueMFrSC8S9Y7lZhzF6Tww=s88-c-k-c0x00ffffff-no-rj,@SautSitumorang-nt2in,"Saat berkumpul teman2 di warung nasi Tegal Bahari.
Mereka menyarankan :
Saat nanti kembali pulang ke Indonesia, .. silakan buka donasi bela Palestina. 
Kayak si Husen Gaza. Pasti .  Gampang dapat duit.
Nggak usah jadi wartawan lagi.
Begitu kata mereka.",,0,0,0,,YouTube,youtube_comments.csv,saat berkumpul teman2 di warung nasi tegal bahari mereka menyarankan saat nanti kembali pulang ke indonesia silakan buka donasi bela palestina kayak si husen gaza pasti gampang dapat duit nggak usah jadi wartawan lagi begitu kata mereka,37,
71,UCAm82dcmAO-JvIV6SrIjjsw,https://yt3.ggpht.com/kHf2A0lowW3NLyFbpfF6cM8qSqwXTfnLj97MLMO2FHLWylJumjWzSp90v8mLCugA3nzgg0gEOA=s88-c-k-c0x00ffffff-no-rj,@bahaludino,TNI harus bertindak,,0,0,0,,YouTube,youtube_comments.csv,tni harus bertindak,3,
72,UCsoUXbErGCAe5JHlKBx34zg,https://yt3.ggpht.com/ytc/AIdro_nyJZKpD8RFXRVWvo_dDULCxJcc5r_h4U4Hs08LDyH0OMc=s88-c-k-c0x00ffffff-no-rj,@achilles7808,"slamat berjuang bro... tapi kamu bukan diculik bro, kamu ditahan ditahan aja bro... ente bandel sih, udah tau laut gaza diblokade, ente maksa masuk.....",,0,0,0,,YouTube,youtube_comments.csv,slamat berjuang bro tapi kamu bukan diculik bro kamu ditahan ditahan aja bro ente bandel sih udah tau laut gaza diblokade ente maksa masuk,24,
73,UCoWI2-YCdPwNPSd3VkpbK5A,https://yt3.ggpht.com/ytc/AIdro_lL65w7mwV3if_CAiM1nT4LPbbv9YwD_--xR53WYd3UwiXlfTpdyK9qdGD-xiBjBOHe2Q=s88-c-k-c0x00ffffff-no-rj,@arapura12,Rasaiin,,0,0,0,,YouTube,youtube_comments.csv,rasaiin,1,
74,UCY3ISoQ6rsygOch6MUgkiYA,https://yt3.ggpht.com/ytc/AIdro_n-6RW7yHnAVJghxO10WjUQZsKvMPGOD7WLkQp8UMcyRafOGcU9XC42RB35QvDCecSw1g=s88-c-k-c0x00ffffff-no-rj,@karuniaPetrusgulo,"Mantap israel saya sebagai warga negara konoha saya senang mendengar berita ini jatuhkan saja hukuman mati kepada warga konoha yang sudah tertangkap itu karna mereka yang sering bikin berita hoxs di negara konoha, warga negara konoha yang ada disana sudah di ikhlaskan pak presiden kami untuk menjatuhkan hukuman mati",,0,0,0,,YouTube,youtube_comments.csv,mantap israel saya sebagai warga negara konoha saya senang mendengar berita ini jatuhkan saja hukuman mati kepada warga konoha yang sudah tertangkap itu karna mereka yang sering bikin berita hoxs di negara konoha warga negara konoha yang ada disana sudah di ikhlaskan pak presiden kami untuk menjatuhkan hukuman mati,49,
75,UC2YrE8HvXCmwrr6rBqOGeOA,https://yt3.ggpht.com/ytc/AIdro_kRdiwgGASa43GPYT-c3Z6MApteJOGOBXuLd7u6TpOt2CJm9iQ6p6u16RMmQYwe-Tke3g=s88-c-k-c0x00ffffff-no-rj,@SugengPrayitno-k7m,"Paling mereka sudah tenggelam , sudah dimakan ikan hiu",,0,0,0,,YouTube,youtube_comments.csv,paling mereka sudah tenggelam sudah dimakan ikan hiu,8,
76,UC2ahvGBJP1vXcyrPQjNx7fA,https://yt3.ggpht.com/ytc/AIdro_kDVWTVor4oDMnrA8JSn1QfWKy679_pAFdisj868GXmAFhdW5SbK7lG9s-tsd8cKauiOQ=s88-c-k-c0x00ffffff-no-rj,@Haaaaaaaaahahahahaha,"Yang komen bilang ( lagian ngapain kesana? datang sendiri giliran dibawa bilang diculik, harusnya ditenggelamkan, dll) konyol kalian ini, gak punya sisi kemanusiaan, itu perairan masuk wilayah Gaza Palestina bukan hak israel. Orang kayak kalian ini kalau Indonesia dijajah mungkin senang ya. prabowo senang melihat ini, Indonesia hilang harga diri dipimpin Prabowo! TNI empat orang gugur juga diam aja, sekarang 9 WNI diculik oleh israel prabowo bisa apa???????? Mungkin nanti merengek ke trump minta tolong, semakin dimanfaatkan oleh trump lihat aja!",,0,0,0,,YouTube,youtube_comments.csv,yang komen bilang lagian ngapain kesana datang sendiri giliran dibawa bilang diculik harusnya ditenggelamkan dll konyol kalian ini gak punya sisi kemanusiaan itu perairan masuk wilayah gaza palestina bukan hak israel orang kayak kalian ini kalau indonesia dijajah mungkin senang ya prabowo senang melihat ini indonesia hilang harga diri dipimpin prabowo tni empat orang gugur juga diam aja sekarang 9 wni diculik oleh israel prabowo bisa apa mungkin nanti merengek ke trump minta tolong semakin dimanfaatkan oleh trump lihat aja,80,
77,UC6OSMpruqVvLRg_MblERGvg,https://yt3.ggpht.com/ytc/AIdro_mFJtBwqtipbI8n9jD6eUj1kgb61C1LOvDNnMEGQK1tJkGVm5JMsves7uYeZFZLGyYHbg=s88-c-k-c0x00ffffff-no-rj,@rudolfiolobos-b7o,Wartawan IQ 78 🤣,,0,0,0,,YouTube,youtube_comments.csv,wartawan iq 78,3,
78,UClW35-xN_5NXOWwz50IzQ1A,https://yt3.ggpht.com/ytc/AIdro_lu2GvO15oLoFqtmkrWoInS2HA3EvUIuYaSEl5ezEb8Gvc30M1jhmQ3R_ZkJAHMGki_Pw=s88-c-k-c0x00ffffff-no-rj,@blackswanismyfav,Aku pgn tahu apa prabowo akan bertindak? 😂,,0,0,0,,YouTube,youtube_comments.csv,aku pgn tahu apa prabowo akan bertindak,7,
79,UCJRKbjVcAXLURLwakQTcIug,https://yt3.ggpht.com/ytc/AIdro_lPAu5LcUW1h_9K92DDPIFAt7oKeKn1gaScOAfzdeLy0FyHMrhcwYmEo-u21qNz3kJRkA=s88-c-k-c0x00ffffff-no-rj,@MahaAnim,"Israel sedang menguji Indonesia..
Negara nya peduli gak sama rakyat nya..",,0,0,0,,YouTube,youtube_comments.csv,israel sedang menguji indonesia negara nya peduli gak sama rakyat nya,11,
80,UCJFlnqFhwD2E2D6te0nGoEg,https://yt3.ggpht.com/ytc/AIdro_nPJ4joKBNG1QXoFUaaTix47BBZ4PIGkUGACXcHu1D3JB7O_rQyCsb15fk7nwY3T_gC1A=s88-c-k-c0x00ffffff-no-rj,@dayakwaweysampit,Gak belajar dari WANDA HAMIDAH dan HUSIEN😂,,0,0,0,,YouTube,youtube_comments.csv,gak belajar dari wanda hamidah dan husien,7,
81,UCNmMdiMoafYqn3n1fDEsAuA,https://yt3.ggpht.com/ytc/AIdro_k1ClcGWoojc1OqdMjY5kfFzVaVV4WaoGCuKKYH2fKYDpI=s88-c-k-c0x00ffffff-no-rj,@cerita-menarik,Prabowo masuk BOP apa gunanya..? Israel tdk menghargai sama skli Indonesia❤️🇮🇩,,0,0,0,,YouTube,youtube_comments.csv,prabowo masuk bop apa gunanya israel tdk menghargai sama skli indonesia,11,
82,UCU-g1uEjmRDOeetKPTO0KAQ,https://yt3.ggpht.com/ytc/AIdro_k72kUK-NdEdKfvEjJEUjhKu5jOpxP8mcXuVAfdnchHTvhLLwVeyihENTDtYpKNM5EVmA=s88-c-k-c0x00ffffff-no-rj,@Blackhunter0-f9e,😂 itu bukan di culik namanya ? Masuk ke zona perang.. utk ngemis ngemis minta di culik... lawak 🤣🤣🤣🤣🤣🤣🤣,,0,0,0,,YouTube,youtube_comments.csv,itu bukan di culik namanya masuk ke zona perang utk ngemis ngemis minta di culik lawak,16,
83,UCKsE0nvIJmgZaVGEpVoDPUA,https://yt3.ggpht.com/ytc/AIdro_kVdpO8ivPdZZAErstqtg2TpFkq5Hop6AkCf9nePX87tg=s88-c-k-c0x00ffffff-no-rj,@zhenren6032,"jujur ajj yah, gua benci sih sama sirewel, karena suka memutar balikkan fakta, tapi kita harus bisa hadapi realita. sekarang rupiah sudah 17k lebih wooooy, bukannya sih gak mau menolong, tapi rakyat kita sendiri masih banyak yang susah boss ! ada uang mendingan senangin dulu rakyat sendiri. ingat antara saudara dan tetangga, maka harus di dahulukan terlebih dahulu tetangga, karena dia yang terdekat. kalau indonesia sudah bisa kek qatar, di mana pajak mobil dan motor ajj gak ada, dan pendapatan gede, dengan harga barang yang murah, nah barulah tolong orang yang jauh.

jujur ajj gua dah muak, ketika sirewel melakukan kejahatan, dunia cuma bisa ""mengecam"" terus kecaman bisa apa, sekarang gua mau ""mengecam"" seluruh dunia, apa yang terjadi ? kalian baik baik saja kan ?? yah itulah yang di rasakan sirewel ketika dunia mengecam, BOMAT doooong. cuma kecaman, kecuali yang lo sampaikan itu NUKLIR, baru tuh ada efeknya.  dasar pada PE'A !",,0,0,0,,YouTube,youtube_comments.csv,jujur ajj yah gua benci sih sama sirewel karena suka memutar balikkan fakta tapi kita harus bisa hadapi realita sekarang rupiah sudah 17k lebih wooooy bukannya sih gak mau menolong tapi rakyat kita sendiri masih banyak yang susah boss ada uang mendingan senangin dulu rakyat sendiri ingat antara saudara dan tetangga maka harus di dahulukan terlebih dahulu tetangga karena dia yang terdekat kalau indonesia sudah bisa kek qatar di mana pajak mobil dan motor ajj gak ada dan pendapatan gede dengan harga barang yang murah nah barulah tolong orang yang jauh jujur ajj gua dah muak ketika sirewel melakukan kejahatan dunia cuma bisa mengecam terus kecaman bisa apa sekarang gua mau mengecam seluruh dunia apa yang terjadi kalian baik baik saja kan yah itulah yang di rasakan sirewel ketika dunia mengecam bomat doooong cuma kecaman kecuali yang lo sampaikan itu nuklir baru tuh ada efeknya dasar pada pe a,149,
84,UCqA5jFXKHnOJMRWMNXgJMPA,https://yt3.ggpht.com/ytc/AIdro_lTjWu-3Nr3rnVWW3pjtTt92B02C81EFsYtH532LAAnVfdL_xLvCVos3GLgui6Fba6opw=s88-c-k-c0x00ffffff-no-rj,@GitaNelwan,"Tidak perlu minta tolong, pasti dideportasi karena itu bukan penculikan tapi penangkapan, mau masuk tanpa ijin. Sebelumnya Greta dkk di deportasi, ini pasti begitu juga. Dan mereka sudah tahu juga sebelum berangkat bahwa pasti ditangkap, yaa ditangkaplah 😅",,0,0,0,,YouTube,youtube_comments.csv,tidak perlu minta tolong pasti dideportasi karena itu bukan penculikan tapi penangkapan mau masuk tanpa ijin sebelumnya greta dkk di deportasi ini pasti begitu juga dan mereka sudah tahu juga sebelum berangkat bahwa pasti ditangkap yaa ditangkaplah,37,
85,UCqk-T_lqVWgksv3XgOvW-bQ,https://yt3.ggpht.com/jDy-dRW75QQYMw6-hWeovHR6iDnpZa_VBLR4DDLC9r9kK6uzAAJWrS9GSebmxBDiPaXTqsOp=s88-c-k-c0x00ffffff-no-rj,@dcw2212,"BTW,  KATANYA JURNALIS REPUBLIKA INI DICULIK, TAPI KOQ ADA DIHOTEL JA..JA..JA...LIHAT DIBELAKANGNYA ADA GORDENG HOTEL... 🤥🤔",,0,0,0,,YouTube,youtube_comments.csv,btw katanya jurnalis republika ini diculik tapi koq ada dihotel ja ja ja lihat dibelakangnya ada gordeng hotel,18,
86,UCItk7dLnM38vOAXIf1dGb6Q,https://yt3.ggpht.com/ytc/AIdro_mg-3LSQTcv63c8aJEw_a0sGVyP3KPdtuarg8HsEIc=s88-c-k-c0x00ffffff-no-rj,@astriantolilik8158,Khusus journalis dr Indonesia yg bikin berita hoax tenggelamkan saja...jangan kasih ampun,,0,0,0,,YouTube,youtube_comments.csv,khusus journalis dr indonesia yg bikin berita hoax tenggelamkan saja jangan kasih ampun,13,
87,UCTOyL9R6zXhIA2659lZnEGw,https://yt3.ggpht.com/EqZjY9zJnguJJjYlGnyN1-S7GFU6XFYodw3BiaNzTjw4QwxoPtY9ukNZ6ztZ3VXk9yoKKXvnXA=s88-c-k-c0x00ffffff-no-rj,@Devsmusik,"Ini komentar orang"" bot pendukung Israel 😂",,0,0,0,,YouTube,youtube_comments.csv,ini komentar orang bot pendukung israel,6,
88,UCOY5uNhEmkvK48b3FrK2FuQ,https://yt3.ggpht.com/CSyZX_WjaJvH3GsB5DrugMlDZMD6nEja5KFRR7qcSmwjHmOmlKqURwjPlWwYlomil83T8-qn=s88-c-k-c0x00ffffff-no-rj,@jsroom2593,"Narasinya yg benar dong,,,,,ditahan itu yg benar......jgn oon ya",,0,0,0,,YouTube,youtube_comments.csv,narasinya yg benar dong ditahan itu yg benar jgn oon ya,11,
89,UCXt3zK0eD09ax2GQdeHZFNg,https://yt3.ggpht.com/ytc/AIdro_mHPoL9jjqUht_xyVnj8ULLpy4jSnyCqyJTLzkHKbca7hguTFKyBj-NIKU3jfxRWApPNw=s88-c-k-c0x00ffffff-no-rj,@roymartyn1192,itu di culik apa ditangkap mas????,,0,0,0,,YouTube,youtube_comments.csv,itu di culik apa ditangkap mas,6,
90,UC2VzVV1WqbEaYSFdTsEWeqA,https://yt3.ggpht.com/WQzLkCG6e9ANRjdnaidtLh66tt1qYvdS5YlJoiECAUE2aVFp2JcsufjLEKchCuCHzbB2r6-DRA=s88-c-k-c0x00ffffff-no-rj,@jtssibarani8127,"Saya dukung bantu rakyat palestina soalnya saudara seiman, kalau rakyat indo yang juga kelaparan gak perlu diperhatikan, nolong bangsa arab akan masuk surga, kalau nolong bangsa sendiri gigit jari, hidup palestina, sekali palestina tetap palestina, rakyat sendiri bodo amat..!!!😭😭😭😭😭😭😭 kasihan kau rakyat indo, merdeka berjuang sendiri, sudah merdeka tidak diperhatikan malah memperhatikan orang lain…..",,0,0,0,,YouTube,youtube_comments.csv,saya dukung bantu rakyat palestina soalnya saudara seiman kalau rakyat indo yang juga kelaparan gak perlu diperhatikan nolong bangsa arab akan masuk surga kalau nolong bangsa sendiri gigit jari hidup palestina sekali palestina tetap palestina rakyat sendiri bodo amat kasihan kau rakyat indo merdeka berjuang sendiri sudah merdeka tidak diperhatikan malah memperhatikan orang lain,54,
91,UCV5yL01zvxUAgvsr_7Lfe4w,https://yt3.ggpht.com/4NCenWHL-tyb7_Q3bQ8oDFe1hZgW4JW2ck7M73Q3dnoH_1R4SDwptLKP0uUHNFRKkUUHOBsPnQ=s88-c-k-c0x00ffffff-no-rj,@mrpeaceworld,"Bro kok d culik tirainya latar belakang mewah mirip hotel.setau gw zionist ga kasih fasiltaa tempat dah mau juga d kasih di gorong²...mdhn selamat ya bro 😂😂😂

❤❤❤️ Palestina",,0,0,0,,YouTube,youtube_comments.csv,bro kok d culik tirainya latar belakang mewah mirip hotel setau gw zionist ga kasih fasiltaa tempat dah mau juga d kasih di gorong² mdhn selamat ya bro palestina,29,
92,UCqxdRtVWGlyTD2CjtzHHgJw,https://yt3.ggpht.com/ytc/AIdro_kVrDUhBwT9mRE2gmGtChvxhznEB5UPX2XPBtWPAOOek_gveCxp4-WhcCMLH1t7oFAkEQ=s88-c-k-c0x00ffffff-no-rj,@NoLimiT-KK,"Konoha ga ada hub diplomatik dgn Israel..gimana mau bebasin ? sumud flotilla bukan misi kemanusiaan tapi misi penipu donasi...tidak ada bantuan kemanusiaan yg dibawa, malah ditemukan narkotik dan kondom...kapal ditangkap karena masuk zona blokade, tapi narasinya diculik, memang kadrun sebaik baiknya penipu..🤮🤮",,0,0,0,,YouTube,youtube_comments.csv,konoha ga ada hub diplomatik dgn israel gimana mau bebasin sumud flotilla bukan misi kemanusiaan tapi misi penipu donasi tidak ada bantuan kemanusiaan yg dibawa malah ditemukan narkotik dan kondom kapal ditangkap karena masuk zona blokade tapi narasinya diculik memang kadrun sebaik baiknya penipu,44,
93,UCgbaxfya4bUM7DXy6sopUWQ,https://yt3.ggpht.com/HgJn5JW81MjemTtLKz6abpDv_tL6P27FfrOSXsl1mU_f84zMfQtSYkk-q2oOWYN5xzuQ0voe=s88-c-k-c0x00ffffff-no-rj,@Yonathan-s6c,"Alhamdulillah ya robb 🎉🎉🎉😂😂😂😂😂😂😂😂😂😂😂😂😂😂😂😂😂😂😂😂😂😂😂😂😂😂😂😂😂😂😂😂😂😂

Bravo Yahudi ❤🇮🇱🇮🇱🇮🇱❤",,0,0,0,,YouTube,youtube_comments.csv,alhamdulillah ya robb bravo yahudi,5,
Y29tbWVudDoxMzE0MDM5MTM3NTg1Nzg5XzE0MDY4MTEyMjc4ODgzNTQ=,100009324980146,https://scontent.fcgk43-1.fna.fbcdn.net/v/t39.30808-1/704672202_4484497045204417_6432521998522106700_n.jpg?stp=cp0_dst-jpg_s32x32_tt6&_nc_cat=103&ccb=1-7&_nc_sid=e99d92&_nc_eui2=AeGDoudeYtVknAL6rPTUC7FDrAuZjxd-hHusC5mPF36Ee61gJdPDmhrgvw7CF5QbKeabqwh9Z4jzCv-Wsk0DQPUH&_nc_ohc=AvJYOL4q3y8Q7kNvwEVdJjw&_nc_oc=AdqpfQOVO3PH-DeuJ7vgfEpJnTdxARJp7pzNBJckjS2tPtoHeSjSBzNRpFXlq8VI-wc&_nc_zt=24&_nc_ht=scontent.fcgk43-1.fna&_nc_gid=mp92s7364ofFbHzYV4IECw&_nc_ss=7b2a8&oh=00_Af5MZCU617HDEjAWmQ-DhQR7rhfiGNzIybjvgBVFpZDdWw&oe=6A1A386C,Yongky So II,"Dari wajahnya tdk tampak tanda2 kekerasan, ceritanya penuh dgn semangat dan wajah yg ceria, bisa Anda2 simpulkan sendiri lah",https://www.facebook.com/reel/1336508365019749/?comment_id=1406811227888354,30,0,7,05/22/2026 13:29:33,Facebook,facebook_comments_post_1.csv,dari wajahnya tdk tampak tanda2 kekerasan ceritanya penuh dgn semangat dan wajah yg ceria bisa anda2 simpulkan sendiri lah,19,2026-05-22 13:29:33
Y29tbWVudDoxMzE0MDM5MTM3NTg1Nzg5XzI2OTQ1NzY4MjAxNzMwODMw,100027835089421,https://scontent.fcgk43-1.fna.fbcdn.net/v/t1.6435-1/79257778_470078033930029_7223156546782363648_n.jpg?stp=c0.18.540.540a_cp0_dst-jpg_s32x32_tt6&_nc_cat=107&ccb=1-7&_nc_sid=e99d92&_nc_eui2=AeFotm-ve36x4nOYg8UBkL1UGi6UV5QOt6gaLpRXlA63qKdepB4fslc7oxZtSdBBR3hS8ZOm_-XzeiqZVDPgVB8r&_nc_ohc=RoqJzV8BoR4Q7kNvwFt691p&_nc_oc=Ado8ruJa4BVSi7MgekebeUZIPfT7hkW2bTHUB5UC4U2RAJKlVqwK24iy2Rm2C-1PgzM&_nc_zt=24&_nc_ht=scontent.fcgk43-1.fna&_nc_gid=4OgdNujfGguZbg1M2Rr19A&_nc_ss=7b2a8&oh=00_Af6XteIncznWUgDNdl1NzH5xLO6oPSfOTUbFX6oU612lDg&oe=6A3BB01C,Anderman Matarah,-Yongky So II semua  diceritain drama masa orang sisiksa  malah cerita sambil KETAWA²,https://www.facebook.com/reel/1336508365019749/?comment_id=1406811227888354&reply_comment_id=26945768201730830,2,1,1,05/22/2026 14:37:24,Facebook,facebook_comments_post_1.csv,yongky so ii semua diceritain drama masa orang sisiksa malah cerita sambil ketawa²,13,2026-05-22 14:37:24
Y29tbWVudDoxMzE0MDM5MTM3NTg1Nzg5XzE2NTk0NzY1NTUyNzY2ODM=,100015748062895,https://scontent.fcgk43-1.fna.fbcdn.net/v/t39.30808-1/356613289_1520201825181405_7572780268732396458_n.jpg?stp=cp0_dst-jpg_s32x32_tt6&_nc_cat=111&ccb=1-7&_nc_sid=e99d92&_nc_eui2=AeFXDiwZAkTcbtV1nF5g_VvV0GuD3LVrINHQa4PctWsg0aSNLueRHHg4ECwpnzAVPEuzIx-qYI82XU3WuLPmzNg6&_nc_ohc=CNwmjIOvmuAQ7kNvwECSUt3&_nc_oc=AdpYJdccxbbqznfZlTlxx5DkHRUL0hdUdKslZC6S_9zOlD-AWdmup7RNj7ffe_e7QKI&_nc_zt=24&_nc_ht=scontent.fcgk43-1.fna&_nc_gid=4OgdNujfGguZbg1M2Rr19A&_nc_ss=7b2a8&oh=00_Af7ft3Xi-AgZS-d5QFhzC5pPiVhXv9TSKG_Jku0HkFewGg&oe=6A1A1900,Dek Rai Wijaya,-Yongky So II berharap sekali di sambut sebagai pahlawan,https://www.facebook.com/reel/1336508365019749/?comment_id=1406811227888354&reply_comment_id=1659476555276683,3,1,0,05/22/2026 14:58:47,Facebook,facebook_comments_post_1.csv,yongky so ii berharap sekali di sambut sebagai pahlawan,9,2026-05-22 14:58:47
Y29tbWVudDoxMzE0MDM5MTM3NTg1Nzg5XzEwMDA2Njg4NTIzMDA1NzM=,100000281975636,https://scontent.fcgk43-1.fna.fbcdn.net/v/t1.6435-1/93721830_3207546042598097_4539394425981239296_n.jpg?stp=c0.0.720.720a_cp0_dst-jpg_s32x32_tt6&_nc_cat=107&ccb=1-7&_nc_sid=e99d92&_nc_eui2=AeGesuxrHCeFIcfTcEjvjzzWeW_3FxlZNYp5b_cXGVk1iheLtb6FKnC5lJOG5-mP-srYsF7MmihUSN_QUgj1PA5j&_nc_ohc=e6oe-eFPLbAQ7kNvwGqqw4-&_nc_oc=Adq2vUTeiPQa5Os3gsbZm8UBWF5sZYAV28LBhP2opSotaD459Byx1l0WtHql8pG40sE&_nc_zt=24&_nc_ht=scontent.fcgk43-1.fna&_nc_gid=4OgdNujfGguZbg1M2Rr19A&_nc_ss=7b2a8&oh=00_Af5SyBTLHixh_9S7qoLr2iS0jHNE4JP3RVtbjIuf_m7ZXA&oe=6A3BD421,Armando N Idjab,-Yg lebam matanya yg pemuda gondrong sebelahnya,https://www.facebook.com/reel/1336508365019749/?comment_id=1406811227888354&reply_comment_id=1000668852300573,0,1,0,05/22/2026 18:21:22,Facebook,facebook_comments_post_1.csv,yg lebam matanya yg pemuda gondrong sebelahnya,7,2026-05-22 18:21:22
Y29tbWVudDoxMzE0MDM5MTM3NTg1Nzg5Xzk1NzkxNjQ2MDM2MTg3MA==,100076582100527,https://scontent.fcgk43-1.fna.fbcdn.net/v/t39.30808-1/613144296_901722942390434_703627514040677058_n.jpg?stp=cp0_dst-jpg_s32x32_tt6&_nc_cat=105&ccb=1-7&_nc_sid=e99d92&_nc_eui2=AeE_h0q3blrsj4AStENSUU6GHHTLPd_bELgcdMs939sQuKG0amBgnRqr8HDPmjBBni6qCjI9ZspZXdCl_VbNA7s5&_nc_ohc=LgbKz0SKE7AQ7kNvwFb_uGY&_nc_oc=AdqvfzTx_iaStQy7XykFLOkURB90O1JEMOtBly8Hz2PEFqKqaQaefohGzILv7dqTzGg&_nc_zt=24&_nc_ht=scontent.fcgk43-1.fna&_nc_gid=4OgdNujfGguZbg1M2Rr19A&_nc_ss=7b2a8&oh=00_Af7D3YmhTrOIHrplsErZRhoB1TAyV6k3tbqVrMfeo8AMKw&oe=6A1A29A2,Buddy Purwanto,-Yongky So II goblognya ente kasih komen...apa hrs sama kalo yg dialami itu dng yg hrs diceritakan..?pasti gak bisa..Krn sikon nya sdh berbeda...setelah dibebaskan baru bisa cerita yg sebenarnya...beda kalo msh dlm penahanan kelompok anjing² zionis,https://www.facebook.com/reel/1336508365019749/?comment_id=1406811227888354&reply_comment_id=957916460361870,1,1,0,05/22/2026 18:32:38,Facebook,facebook_comments_post_1.csv,yongky so ii goblognya ente kasih komen apa hrs sama kalo yg dialami itu dng yg hrs diceritakan pasti gak bisa krn sikon nya sdh berbeda setelah dibebaskan baru bisa cerita yg sebenarnya beda kalo msh dlm penahanan kelompok anjing² zionis,41,2026-05-22 18:32:38
Y29tbWVudDoxMzE0MDM5MTM3NTg1Nzg5Xzk5NDQ0OTQ3Mjk5Mjg0Nw==,100057227994832,https://scontent.fcgk43-1.fna.fbcdn.net/v/t39.30808-1/696631197_1477829300801322_5859969071286329682_n.jpg?stp=cp0_dst-jpg_s32x32_tt6&_nc_cat=107&ccb=1-7&_nc_sid=e99d92&_nc_eui2=AeEsRkwvzl_KvRKdM75hkED55ieZNdhCuF7mJ5k12EK4XkeAODjHr59g37wSMnqSF7PqGWIdvG0k2uaskIyNBzuy&_nc_ohc=PVORR_wK4yIQ7kNvwE0ydKL&_nc_oc=Ado0wHUcMIwGQWldhEtocXZOWRNx1770PkP6MWt9qbSLZkeJt6-jgUfrXKuHuXnCon8&_nc_zt=24&_nc_ht=scontent.fcgk43-1.fna&_nc_gid=4OgdNujfGguZbg1M2Rr19A&_nc_ss=7b2a8&oh=00_Af6ICJxNCQSc6at7k4Kt_KP_oxjJk1My9Q4Znskxnwtpug&oe=6A1A209A,Zacky Hasan,"-Yongky So II .
Zionis pesek",https://www.facebook.com/reel/1336508365019749/?comment_id=1406811227888354&reply_comment_id=994449472992847,0,1,0,05/22/2026 19:18:51,Facebook,facebook_comments_post_1.csv,yongky so ii zionis pesek,5,2026-05-22 19:18:51
Y29tbWVudDoxMzE0MDM5MTM3NTg1Nzg5XzExNjM2MzAyNTU5MDA2NjI=,100004940640265,https://scontent.fcgk43-1.fna.fbcdn.net/v/t39.30808-1/214487570_1878003185707685_2426705376213421190_n.jpg?stp=cp0_dst-jpg_s32x32_tt6&_nc_cat=101&ccb=1-7&_nc_sid=e99d92&_nc_eui2=AeGDTejwxKOMnz6EPjSW1GKcdd-XBb_QvYl135cFv9C9iYdeqesougiCByHT9KpNjaJ0UHwWJaGFdLPPOYMlXft6&_nc_ohc=Ux7svUJQjI8Q7kNvwE9YfO7&_nc_oc=Adq5lKLbRXPypSQhY7g4cZ0FHiUfKwEZxMmXyVXLu_QktTErh_ifpqfGhl6jRJsuUgI&_nc_zt=24&_nc_ht=scontent.fcgk43-1.fna&_nc_gid=4OgdNujfGguZbg1M2Rr19A&_nc_ss=7b2a8&oh=00_Af4TKLlvD_lvj2uMhGBjN7qio7UUaz4jAra_iC-ppFQB7A&oe=6A1A0EDA,Fe Agustina,-Yongky So II yg pasti tiba2 terkenal...,https://www.facebook.com/reel/1336508365019749/?comment_id=1406811227888354&reply_comment_id=1163630255900662,0,1,0,05/23/2026 07:47:34,Facebook,facebook_comments_post_1.csv,yongky so ii yg pasti tiba2 terkenal,7,2026-05-23 07:47:34
Y29tbWVudDoxMzE0MDM5MTM3NTg1Nzg5XzE3MjA5ODU2NzI0MzczMzY=,100033622864115,https://scontent.fcgk43-1.fna.fbcdn.net/v/t39.30808-1/364746979_992774018520018_7942764699602786134_n.jpg?stp=cp0_dst-jpg_s32x32_tt6&_nc_cat=109&ccb=1-7&_nc_sid=e99d92&_nc_eui2=AeEKbHW9x35IkDbzP7xbYrUhLANfRVg2JIwsA19FWDYkjHjbmZxHVCRrWon8_MX2XJLcepZ7rREEt6tEDfIPzgHy&_nc_ohc=Q8rviDL5YNQQ7kNvwFzfmIv&_nc_oc=AdrrVPcqJ9AkqDpWQBrKm61Df4szNlqgVSTbOKDDH-FwD7K_w0UgaWB9pyTnd86qfMk&_nc_zt=24&_nc_ht=scontent.fcgk43-1.fna&_nc_gid=mp92s7364ofFbHzYV4IECw&_nc_ss=7b2a8&oh=00_Af760WfOAayh6DZPTNo-GZDF0HSrt8H-ZcXe-nlOk0pmgQ&oe=6A1A0FAC,Agungjoen,"Pasti kalo sudah sampai Konoha disambut seperti Pahlawan, mendapat undangan dari berbagai stasiun TV.....!!! 
#silahkan mulai merangkai cerita yang dramatis",https://www.facebook.com/reel/1336508365019749/?comment_id=1720985672437336,20,0,6,05/22/2026 13:44:19,Facebook,facebook_comments_post_1.csv,pasti kalo sudah sampai konoha disambut seperti pahlawan mendapat undangan dari berbagai stasiun tv mulai merangkai cerita yang dramatis,19,2026-05-22 13:44:19
Y29tbWVudDoxMzE0MDM5MTM3NTg1Nzg5XzExODg1NTE0NDAwMDMxMzU=,100000251756526,https://scontent.fcgk43-1.fna.fbcdn.net/v/t1.6435-1/136795643_3904165979601755_8793035017049245882_n.jpg?stp=cp0_dst-jpg_s32x32_tt6&_nc_cat=106&ccb=1-7&_nc_sid=1d2534&_nc_eui2=AeHPtL9649MlEdFB8DizOJ8cMcEIFtgVeXMxwQgW2BV5czGrNKnZ6F1lUqRPvek0ew4TxKiHWO41NPYIS4q7kjp8&_nc_ohc=KFfrRD-LjewQ7kNvwGzWHZY&_nc_oc=AdrJOcsjLXynaqhgrQyxGCMHeduu_4chhi9KMmr1Az2DUpWPJZPRk9SoGhXS_NoE7lM&_nc_zt=24&_nc_ht=scontent.fcgk43-1.fna&_nc_gid=aF3zkdfZpejKj6fCGSZksQ&_nc_ss=7b2a8&oh=00_Af6IMXfEcjKh4EMX0Lmi3dk2gfiwbY2mRPwVhvHSe40Q8g&oe=6A3BDB8B,Tri Sulastri,-Agungjoen bagi saya dia pahlawan menggantikan kami umat islam yg tidak bisa membantu saudara2 kami di palestina,https://www.facebook.com/reel/1336508365019749/?comment_id=1720985672437336&reply_comment_id=1188551440003135,3,1,3,05/22/2026 13:57:42,Facebook,facebook_comments_post_1.csv,agungjoen bagi saya dia pahlawan menggantikan kami umat islam yg tidak bisa membantu saudara2 kami di palestina,17,2026-05-22 13:57:42
Y29tbWVudDoxMzE0MDM5MTM3NTg1Nzg5XzIwNjkxMTQ1NTQwMzE0OTg=,100011069621110,https://scontent.fcgk43-1.fna.fbcdn.net/v/t39.30808-1/440945417_2124833814562252_1642739740563866187_n.jpg?stp=cp0_dst-jpg_s32x32_tt6&_nc_cat=100&ccb=1-7&_nc_sid=e99d92&_nc_eui2=AeHaS7gWDgcrHpusXm_xjIONBIVtBBuy6zYEhW0EG7LrNqGiJKA6CHMwXZC7nHYJLLUaUZF2_oBx83ZaZM2clckX&_nc_ohc=J2imEI0yHMIQ7kNvwEsuuUt&_nc_oc=AdpCRudXg9I1w_BTImJx4DBxKoRdLy1GXTpzJB03bJ5cP4WSYh-TxoxDBeJjj0tNtOE&_nc_zt=24&_nc_ht=scontent.fcgk43-1.fna&_nc_gid=aF3zkdfZpejKj6fCGSZksQ&_nc_ss=7b2a8&oh=00_Af7AHtsm21WsKy1JQc8tuWvNST0Kl4TxT0kgicR3giNmMw&oe=6A1A2356,Betty Simanjuntak,-Agungjoen pasti,https://www.facebook.com/reel/1336508365019749/?comment_id=1720985672437336&reply_comment_id=2069114554031498,0,1,0,05/23/2026 00:22:42,Facebook,facebook_comments_post_1.csv,agungjoen pasti,2,2026-05-23 00:22:42
Y29tbWVudDoxMzE0MDM5MTM3NTg1Nzg5XzEzNDgzNjU5MDczNTM1OTU=,100042110975807,https://scontent.fcgk43-1.fna.fbcdn.net/v/t1.6435-1/93806154_228119141935117_8208134453474623488_n.jpg?stp=c8.0.353.353a_cp0_dst-jpg_s32x32_tt6&_nc_cat=102&ccb=1-7&_nc_sid=e99d92&_nc_eui2=AeHXQl4ukONhrZKwXlWhc1IFfBx6iZnuk298HHqJme6TbzWCVHCPQp_oFAJI3f5XG8H8ug-7PYhltVULcKGDAzIZ&_nc_ohc=NubrcrEUonUQ7kNvwFyq0ej&_nc_oc=AdoyP6zMmlP5Z20C8S4QF3F9fdt1l5h72dlb8cAAxIepYzd3xHkQisFg0wkiA9csLlQ&_nc_zt=24&_nc_ht=scontent.fcgk43-1.fna&_nc_gid=aF3zkdfZpejKj6fCGSZksQ&_nc_ss=7b2a8&oh=00_Af67nyvQtss8guEgYaSjzfNq-ja7iTDg4UBC2W6OQO5L6Q&oe=6A3BCA6F,Andi Petitz,-Agungjoen biar tenar biar dapat duit bro....,https://www.facebook.com/reel/1336508365019749/?comment_id=1720985672437336&reply_comment_id=1348365907353595,0,1,0,05/23/2026 12:40:39,Facebook,facebook_comments_post_1.csv,agungjoen biar tenar biar dapat duit bro,7,2026-05-23 12:40:39
Y29tbWVudDoxMzE0MDM5MTM3NTg1Nzg5XzEwMDc4MjAxNDU1NTk4NzM=,1432115834,https://scontent.fcgk43-1.fna.fbcdn.net/v/t39.30808-1/415025877_10224687741087561_5816880811431184813_n.jpg?stp=c6.0.421.421a_cp0_dst-jpg_s32x32_tt6&_nc_cat=102&ccb=1-7&_nc_sid=e99d92&_nc_eui2=AeG2WNpUKi7xyoj0TDth3IWdQK0zoagVfqtArTOhqBV-q3oTMV85gZarCYMhrcGgJKfam6b1ErrcmMYhBBaymjuD&_nc_ohc=gkom-l__visQ7kNvwHu3jtJ&_nc_oc=Adr45-qzr94COjcvGcHsM9P6F8tu7QrRpCDe10qYIeTnjgK4Tp7HkXuYlnVUJhu-Vp0&_nc_zt=24&_nc_ht=scontent.fcgk43-1.fna&_nc_gid=mp92s7364ofFbHzYV4IECw&_nc_ss=7b2a8&oh=00_Af7P_cn0E-BMSqBpBh3AvF7AYRbEN2nOUgf0_WMuz_MQTg&oe=6A1A2C3F,Heri Subagyo,"Nanti klo sdh sampe Jakarta, jelasin di depan Menlu, yg dlm statemen resmi' nya mengatakan yg dilakukan pihak Israel bukan penculikan atau penyanderaan.",https://www.facebook.com/reel/1336508365019749/?comment_id=1007820145559873,8,0,7,05/22/2026 12:47:10,Facebook,facebook_comments_post_1.csv,nanti klo sdh sampe jakarta jelasin di depan menlu yg dlm statemen resmi nya mengatakan yg dilakukan pihak israel bukan penculikan atau penyanderaan,23,2026-05-22 12:47:10
Y29tbWVudDoxMzE0MDM5MTM3NTg1Nzg5XzE3ODQ1NzMwNTkzNjg5NjM=,100013615147826,https://scontent.fcgk43-1.fna.fbcdn.net/v/t39.30808-1/291053499_1457901401340351_1386997807608273957_n.jpg?stp=cp0_dst-jpg_s32x32_tt6&_nc_cat=106&ccb=1-7&_nc_sid=e99d92&_nc_eui2=AeGIpr9xEBnVhTL-kGOhhnhIwPP5J3sPDEXA8_knew8MRXcrgGiyzQiQ-eG-2twKFtUHqjdFi__x565mzkHL01od&_nc_ohc=2qeLimWeKB0Q7kNvwH3E1wQ&_nc_oc=Adr4JNLs3KK-0EDSY6th3sGODMI4krd28_X69eWqJXo0wMH8uV84mfP5aqv40WXMvUg&_nc_zt=24&_nc_ht=scontent.fcgk43-1.fna&_nc_gid=yASMV7LeQz6vTCyOatgraA&_nc_ss=7b2a8&oh=00_Af7k3lzLx9gI9XLCLfWR_w3rG8XbxPU-3WoqqN1u2t2HZg&oe=6A1A29EE,Qudian Afrizal,"-Heri Subagyo bener, karna mereka yg nyamperin ke area orang terus ditangkep, ibarat maling masuk rumah kamu, kalau digebukin itu resiko",https://www.facebook.com/reel/1336508365019749/?comment_id=1007820145559873&reply_comment_id=1784573059368963,4,1,3,05/22/2026 13:04:15,Facebook,facebook_comments_post_1.csv,heri subagyo bener karna mereka yg nyamperin ke area orang terus ditangkep ibarat maling masuk rumah kamu kalau digebukin itu resiko,21,2026-05-22 13:04:15
Y29tbWVudDoxMzE0MDM5MTM3NTg1Nzg5XzI4NjgzMDgwOTY4MzY4Nzg=,100009324980146,https://scontent.fcgk43-1.fna.fbcdn.net/v/t39.30808-1/704672202_4484497045204417_6432521998522106700_n.jpg?stp=cp0_dst-jpg_s32x32_tt6&_nc_cat=103&ccb=1-7&_nc_sid=e99d92&_nc_eui2=AeGDoudeYtVknAL6rPTUC7FDrAuZjxd-hHusC5mPF36Ee61gJdPDmhrgvw7CF5QbKeabqwh9Z4jzCv-Wsk0DQPUH&_nc_ohc=AvJYOL4q3y8Q7kNvwEVdJjw&_nc_oc=AdqpfQOVO3PH-DeuJ7vgfEpJnTdxARJp7pzNBJckjS2tPtoHeSjSBzNRpFXlq8VI-wc&_nc_zt=24&_nc_ht=scontent.fcgk43-1.fna&_nc_gid=yASMV7LeQz6vTCyOatgraA&_nc_ss=7b2a8&oh=00_Af4b_0GZdP8Bt82KtoiwY4J6EwmOO6E2ntVWPisvd9tmWw&oe=6A1A386C,Yongky So II,"-Heri Subagyo lha emang bukan penculikan, diculik itu kalau lo ada dirumah lo sendiri lalu datang tentara esrael datang jemput anda tanpa sepengetahuan org lain, yg dilakukan pihak Israel itu menangkap bukan penculikan atau penyanderaan,",https://www.facebook.com/reel/1336508365019749/?comment_id=1007820145559873&reply_comment_id=2868308096836878,0,1,0,05/22/2026 13:25:36,Facebook,facebook_comments_post_1.csv,heri subagyo lha emang bukan penculikan diculik itu kalau lo ada dirumah lo sendiri lalu datang tentara esrael datang jemput anda tanpa sepengetahuan org lain yg dilakukan pihak israel itu menangkap bukan penculikan atau penyanderaan,35,2026-05-22 13:25:36
Y29tbWVudDoxMzE0MDM5MTM3NTg1Nzg5XzE1MzkxOTk3NDA5NzA5OTk=,1456191068,https://scontent.fcgk43-1.fna.fbcdn.net/v/t39.30808-1/453868792_10230350927744490_2539410922014159214_n.jpg?stp=cp0_dst-jpg_s32x32_tt6&_nc_cat=111&ccb=1-7&_nc_sid=1d2534&_nc_eui2=AeGTqkscVVuSx-YxrEaQqCCIh9HU0r17OJ6H0dTSvXs4ngnWD6sx1w5sqPSSwa-v-0t18hrMTKTCoH84HEgm4Tuu&_nc_ohc=TjBBDSX7IqsQ7kNvwEFL21v&_nc_oc=AdpsDd-xJOWmDg_Q8DkuMxV2uYyweOhLr65ufl_waBUmJQyPF5yS4gucoLbAEfM9MSw&_nc_zt=24&_nc_ht=scontent.fcgk43-1.fna&_nc_gid=yASMV7LeQz6vTCyOatgraA&_nc_ss=7b2a8&oh=00_Af5nJb7p0phKAAiZ-rJ0fZz3vNs53N-Xur21qFZhAYy4sA&oe=6A1A1829,Thomas Didimus,"-Heri Subagyo kalau penyanderaan apa tuntutan pihak penyandera 🤣
Kalau diculik penculiknya yang mendatangi lha ini jelas-jelas masuk tanpa visa datang ke perairan Israel 🤣Gaza tidak punya perairan internasional 🤪🤣😜😂😃
@pengikut",https://www.facebook.com/reel/1336508365019749/?comment_id=1007820145559873&reply_comment_id=1539199740970999,0,1,0,05/22/2026 14:11:52,Facebook,facebook_comments_post_1.csv,heri subagyo kalau penyanderaan apa tuntutan pihak penyandera kalau diculik penculiknya yang mendatangi lha ini jelas jelas masuk tanpa visa datang ke perairan israel gaza tidak punya perairan internasional,29,2026-05-22 14:11:52
Y29tbWVudDoxMzE0MDM5MTM3NTg1Nzg5Xzk4MjUxMzE2NDUyNDE4MA==,100005110158485,https://scontent.fcgk43-1.fna.fbcdn.net/v/t39.30808-1/414889824_2543024705877843_7870184109990078320_n.jpg?stp=c0.0.411.411a_cp0_dst-jpg_s32x32_tt6&_nc_cat=109&ccb=1-7&_nc_sid=e99d92&_nc_eui2=AeGqKqAmrRO7pxGy5xE6fySgRGvhKiLtQs9Ea-EqIu1Cz7PoXqmKWRU6f3eeIw7w7GtwFIW8rwoGf-38rbooFTgJ&_nc_ohc=Lk2iE8AKbW0Q7kNvwGhrCdM&_nc_oc=Ado-cMd3CkSWd0sCqX7lo8-w40ALxBwAVl9od4X4rkdFKjeqBrPfOtuSpPAqlH33gEs&_nc_zt=24&_nc_ht=scontent.fcgk43-1.fna&_nc_gid=yASMV7LeQz6vTCyOatgraA&_nc_ss=7b2a8&oh=00_Af79NtrPb2reIyqAzBd8zTn1OBv9mkdAOftCj4UQFYNn0g&oe=6A1A0EF0,Ida Lilio,-Heri Subagyo buzzer #israelteroris,https://www.facebook.com/reel/1336508365019749/?comment_id=1007820145559873&reply_comment_id=982513164524180,0,1,0,05/22/2026 17:16:05,Facebook,facebook_comments_post_1.csv,heri subagyo buzzer,3,2026-05-22 17:16:05
Y29tbWVudDoxMzE0MDM5MTM3NTg1Nzg5XzQzMTk1NjI4NjQ5NzExMzU=,1782150827,https://scontent.fcgk43-1.fna.fbcdn.net/v/t39.30808-1/621808828_10226533939453034_2337640231945790988_n.jpg?stp=cp0_dst-jpg_s32x32_tt6&_nc_cat=101&ccb=1-7&_nc_sid=1d2534&_nc_eui2=AeHZzkLlCNO-OTyDCNXo33Dp-2NbzUu-TCH7Y1vNS75MIVbU6Nt7hJe3wmeDE2LYHmaUh4O_ipAOalpsZViBFyBN&_nc_ohc=CvBJj154hNMQ7kNvwHXy_Sh&_nc_oc=Adrwr7NgWf0-PocK9AtNVoeNCaNc0f5FwaeGKpttxpkSPQNcm3Nm1KPdeK6cFKNbA0g&_nc_zt=24&_nc_ht=scontent.fcgk43-1.fna&_nc_gid=mp92s7364ofFbHzYV4IECw&_nc_ss=7b2a8&oh=00_Af6lTRRIjby-N9oOOQDzuXeWmsVxkqqqD8jKcJki_5j_AQ&oe=6A1A2397,Robert,Elu yg salah masuk rumah org tanpa permisi ya ditangkap lah BUKAN DI CULIK 😁🤣,https://www.facebook.com/reel/1336508365019749/?comment_id=4319562864971135,8,0,9,05/22/2026 12:27:38,Facebook,facebook_comments_post_1.csv,elu yg salah masuk rumah org tanpa permisi ya ditangkap lah bukan di culik,14,2026-05-22 12:27:38
Y29tbWVudDoxMzE0MDM5MTM3NTg1Nzg5XzE3MjcwMzk4NjE3OTY2MjQ=,1200623966,https://scontent.fcgk43-1.fna.fbcdn.net/v/t39.30808-1/444468388_10233590200755772_2369838757567969030_n.jpg?stp=c0.0.1142.1143a_cp0_dst-jpg_s32x32_tt6&_nc_cat=110&ccb=1-7&_nc_sid=e99d92&_nc_eui2=AeEmazDTkcQgCWjKI9kK_1ICBr4qmRkF4zkGviqZGQXjObFVAYZO_VHpcg-Tch6NKA8cdPKCmJbmV2rgH9yoQYLB&_nc_ohc=UuLp1kVIC9sQ7kNvwHY1o16&_nc_oc=AdpVPm5jYknwxsPhF4Up-FNr19CFph35ZylVPcxNTXWWwRUh3ponX0QpBWmHdVpgmo8&_nc_zt=24&_nc_ht=scontent.fcgk43-1.fna&_nc_gid=tKuAX10QVcseXcnoHf2ozQ&_nc_ss=7b2a8&oh=00_Af4C1Ycrxct75tJX5tcO1Vnl6Wbu8gGDEP1zi8JJO9HCOA&oe=6A1A2DF8,Bagus Widyanto,-Robert perairan internasional bukan punya siapa-siapa,https://www.facebook.com/reel/1336508365019749/?comment_id=4319562864971135&reply_comment_id=1727039861796624,3,1,3,05/22/2026 12:48:54,Facebook,facebook_comments_post_1.csv,robert perairan internasional bukan punya siapa siapa,7,2026-05-22 12:48:54
Y29tbWVudDoxMzE0MDM5MTM3NTg1Nzg5XzIwMjIxMzc0MDgzNDE0MDY=,100079030999186,https://scontent.fcgk43-1.fna.fbcdn.net/v/t39.30808-1/680487449_946224468021911_1711855587447955228_n.jpg?stp=cp0_dst-jpg_s32x32_tt6&_nc_cat=104&ccb=1-7&_nc_sid=e99d92&_nc_eui2=AeHAbZjwWBImlLKdtzFqYgEn2-q5_qhxBHjb6rn-qHEEeA4WpUXwDXdWYwSpdXHSaC2hLAP3evglWrMWEMsKYgBX&_nc_ohc=SVI5FErhJ-cQ7kNvwGuP_Oo&_nc_oc=AdqehxJaAXSZryy4_sY-jTIfSfstml506mxMCq7Tpe6aAJ7eR6FnjQCJFROfvTzIqEE&_nc_zt=24&_nc_ht=scontent.fcgk43-1.fna&_nc_gid=tKuAX10QVcseXcnoHf2ozQ&_nc_ss=7b2a8&oh=00_Af5HU5XB4CcgIsYPyZgLmXD0NU7zZz9wSHwT7fj3wEA_6A&oe=6A1A2D9F,Gunawicitra,-Robert zionis nongol!,https://www.facebook.com/reel/1336508365019749/?comment_id=4319562864971135&reply_comment_id=2022137408341406,0,1,1,05/22/2026 13:07:45,Facebook,facebook_comments_post_1.csv,robert zionis nongol,3,2026-05-22 13:07:45
Y29tbWVudDoxMzE0MDM5MTM3NTg1Nzg5XzEyODk2Njk1OTMzNDU4MTQ=,100005110158485,https://scontent.fcgk43-1.fna.fbcdn.net/v/t39.30808-1/414889824_2543024705877843_7870184109990078320_n.jpg?stp=c0.0.411.411a_cp0_dst-jpg_s32x32_tt6&_nc_cat=109&ccb=1-7&_nc_sid=e99d92&_nc_eui2=AeGqKqAmrRO7pxGy5xE6fySgRGvhKiLtQs9Ea-EqIu1Cz7PoXqmKWRU6f3eeIw7w7GtwFIW8rwoGf-38rbooFTgJ&_nc_ohc=Lk2iE8AKbW0Q7kNvwGhrCdM&_nc_oc=Ado-cMd3CkSWd0sCqX7lo8-w40ALxBwAVl9od4X4rkdFKjeqBrPfOtuSpPAqlH33gEs&_nc_zt=24&_nc_ht=scontent.fcgk43-1.fna&_nc_gid=tKuAX10QVcseXcnoHf2ozQ&_nc_ss=7b2a8&oh=00_Af4bfuH_LsrDMZSqfROUmOE6VDNmnXfJOTzdpw0QV15OCw&oe=6A1A0EF0,Ida Lilio,-Robert buzzer #israelteroris,https://www.facebook.com/reel/1336508365019749/?comment_id=4319562864971135&reply_comment_id=1289669593345814,0,1,2,05/22/2026 17:15:24,Facebook,facebook_comments_post_1.csv,robert buzzer,2,2026-05-22 17:15:24
Y29tbWVudDoxMzE0MDM5MTM3NTg1Nzg5XzE3NTcwNzU5NTg3ODg3OTQ=,1153712653,https://scontent.fcgk43-1.fna.fbcdn.net/v/t39.30808-1/472028693_10235091348561966_1438019022969175302_n.jpg?stp=cp0_dst-jpg_s32x32_tt6&_nc_cat=103&ccb=1-7&_nc_sid=1d2534&_nc_eui2=AeHqs9LhjsH0T-4igDVceS0V0xtQcwreo-7TG1BzCt6j7ucQvsvhFl6vT12lUK0iNgTpDseG6f0u-3VtMaqdjq98&_nc_ohc=7uL7Z3iTS90Q7kNvwGiYhOU&_nc_oc=AdpunkzwpM4UmP5D-F9PGfFVP1N7Vvm99vQ0gZiJg2ovbsavbsY2zZM5mMLPp9hq5OY&_nc_zt=24&_nc_ht=scontent.fcgk43-1.fna&_nc_gid=mp92s7364ofFbHzYV4IECw&_nc_ss=7b2a8&oh=00_Af6Kd64x_6WNqIXOdRQxfyVZ9L5OAf_EluVMOT1oHp2dcw&oe=6A1A19A5,Suseno Budidarsono,"Nah itulah tujuan sebenarnya, bikin dirinya ditangkap karena menerobos barikade, dan lantas ditangkap. Ada cerita untuk Playing Victim 

Ha ha ha ha....kayak gitu ya, kalau mau ikut perang membebaskan Palestina, harus bisa melawan itu semua",https://www.facebook.com/reel/1336508365019749/?comment_id=1757075958788794,8,0,2,05/22/2026 13:22:07,Facebook,facebook_comments_post_1.csv,nah itulah tujuan sebenarnya bikin dirinya ditangkap karena menerobos barikade dan lantas ditangkap ada cerita untuk playing victim ha ha ha ha kayak gitu ya kalau mau ikut perang membebaskan palestina harus bisa melawan itu semua,36,2026-05-22 13:22:07
Y29tbWVudDoxMzE0MDM5MTM3NTg1Nzg5XzE2MDQ0ODUwMzczMTIzOTc=,100000488132000,https://scontent.fcgk43-1.fna.fbcdn.net/v/t39.30808-1/477457824_29464682936464588_868395332642959300_n.jpg?stp=cp0_dst-jpg_s32x32_tt6&_nc_cat=107&ccb=1-7&_nc_sid=e99d92&_nc_eui2=AeH_kGx6vr7Z5vWkW5lX2BRAgAHP0N46uZeAAc_Q3jq5lxPcW7D726b0C0naHZFc072Y2aZXw9iMPRV_6w-DAXnG&_nc_ohc=9Fr9JGki7_MQ7kNvwGsxlge&_nc_oc=Ado3Fluv4PaGbiCWZPO8tj3EJ_IyINGkg3_edQGfKUFKwgTn6iPXTrR2sH5pe95ekf8&_nc_zt=24&_nc_ht=scontent.fcgk43-1.fna&_nc_gid=knzKH2XnyKx5Jws7uoFnFw&_nc_ss=7b2a8&oh=00_Af68ydd0ks9yAB_9YiIcFeAu_FzjAeX7OiJA5wK5a2RzkQ&oe=6A1A1BB4,Jens Henry Seseray,"-Suseno Budidarsono Betul... Mereka pikir, susana perang itu adem ayem 🤣🤣🤣🤣",https://www.facebook.com/reel/1336508365019749/?comment_id=1757075958788794&reply_comment_id=1604485037312397,1,1,0,05/22/2026 13:27:09,Facebook,facebook_comments_post_1.csv,suseno budidarsono betul mereka pikir susana perang itu adem ayem,10,2026-05-22 13:27:09
Y29tbWVudDoxMzE0MDM5MTM3NTg1Nzg5XzEwMDg5MDc2MzUxNjEzOTU=,100005110158485,https://scontent.fcgk43-1.fna.fbcdn.net/v/t39.30808-1/414889824_2543024705877843_7870184109990078320_n.jpg?stp=c0.0.411.411a_cp0_dst-jpg_s32x32_tt6&_nc_cat=109&ccb=1-7&_nc_sid=e99d92&_nc_eui2=AeGqKqAmrRO7pxGy5xE6fySgRGvhKiLtQs9Ea-EqIu1Cz7PoXqmKWRU6f3eeIw7w7GtwFIW8rwoGf-38rbooFTgJ&_nc_ohc=Lk2iE8AKbW0Q7kNvwGhrCdM&_nc_oc=Ado-cMd3CkSWd0sCqX7lo8-w40ALxBwAVl9od4X4rkdFKjeqBrPfOtuSpPAqlH33gEs&_nc_zt=24&_nc_ht=scontent.fcgk43-1.fna&_nc_gid=knzKH2XnyKx5Jws7uoFnFw&_nc_ss=7b2a8&oh=00_Af7IzJzVuBA_8o4X27xt2sxrUVRy-Lg2PX0mRWiKFcJDYg&oe=6A1A0EF0,Ida Lilio,-Suseno Budidarsono buzzer #israelteroris,https://www.facebook.com/reel/1336508365019749/?comment_id=1757075958788794&reply_comment_id=1008907635161395,1,1,0,05/22/2026 17:16:31,Facebook,facebook_comments_post_1.csv,suseno budidarsono buzzer,3,2026-05-22 17:16:31
Y29tbWVudDoxMzE0MDM5MTM3NTg1Nzg5XzEyMTI2MjE2MjQxNjQwMzk=,1257482367,https://scontent.fcgk43-1.fna.fbcdn.net/v/t39.30808-1/697257516_10234498890874353_5956708728350077777_n.jpg?stp=cp0_dst-jpg_s32x32_tt6&_nc_cat=106&ccb=1-7&_nc_sid=e99d92&_nc_eui2=AeFEg_1hOnl94Zfu6skwqPUcGoM9RuHsoGIagz1G4eygYtlRJh5_2DBNAZhwuewQdb79Ds_JxQ8tZF_wAtWQqA9e&_nc_ohc=ESHYHn3COS8Q7kNvwHi_cUa&_nc_oc=Adr58M2EfXsPTpdwMsir7igSDucm0slNenlN7ZKXZ1GzVby9cm9pdRIq71cr_TRYbXg&_nc_zt=24&_nc_ht=scontent.fcgk43-1.fna&_nc_gid=mp92s7364ofFbHzYV4IECw&_nc_ss=7b2a8&oh=00_Af5I6qvddd2_JriAEGO4hx27Ji046aR1hcXKeQQrRZWVjw&oe=6A1A1BF3,Refly R,Mungkin bisa di foto bukti lebam2 bekas pukulan atau bekas ikatan yang kecang bang supaya lebih menyakinkan buat pemirsa....,https://www.facebook.com/reel/1336508365019749/?comment_id=1212621624164039,4,0,3,05/22/2026 12:45:46,Facebook,facebook_comments_post_1.csv,mungkin bisa di foto bukti lebam2 bekas pukulan atau bekas ikatan yang kecang bang supaya lebih menyakinkan buat pemirsa,19,2026-05-22 12:45:46
Y29tbWVudDoxMzE0MDM5MTM3NTg1Nzg5XzE2MTkxOTM5NTkzMTI4MTE=,100005110158485,https://scontent.fcgk43-1.fna.fbcdn.net/v/t39.30808-1/414889824_2543024705877843_7870184109990078320_n.jpg?stp=c0.0.411.411a_cp0_dst-jpg_s32x32_tt6&_nc_cat=109&ccb=1-7&_nc_sid=e99d92&_nc_eui2=AeGqKqAmrRO7pxGy5xE6fySgRGvhKiLtQs9Ea-EqIu1Cz7PoXqmKWRU6f3eeIw7w7GtwFIW8rwoGf-38rbooFTgJ&_nc_ohc=Lk2iE8AKbW0Q7kNvwGhrCdM&_nc_oc=Ado-cMd3CkSWd0sCqX7lo8-w40ALxBwAVl9od4X4rkdFKjeqBrPfOtuSpPAqlH33gEs&_nc_zt=24&_nc_ht=scontent.fcgk43-1.fna&_nc_gid=bxkxcc1q2IliuwfNFqgdnw&_nc_ss=7b2a8&oh=00_Af4-I51PShg5uawetuctS9AUQxrH-udOSpzf3S-l4a7SWQ&oe=6A1A0EF0,Ida Lilio,-Refly R buzzer #israelteroris,https://www.facebook.com/reel/1336508365019749/?comment_id=1212621624164039&reply_comment_id=1619193959312811,0,1,1,05/22/2026 17:17:02,Facebook,facebook_comments_post_1.csv,refly r buzzer,3,2026-05-22 17:17:02
Y29tbWVudDoxMzE0MDM5MTM3NTg1Nzg5XzExMzE1MjMwMzU4NDQyNzI=,100008075741848,https://scontent.fcgk43-1.fna.fbcdn.net/v/t39.30808-1/341849482_1278873806316039_4499387905025955160_n.jpg?stp=cp0_dst-jpg_s32x32_tt6&_nc_cat=102&ccb=1-7&_nc_sid=1d2534&_nc_eui2=AeG3vmoj-dokKd7iQ8p-jCaVRTNFQ91I2MtFM0VD3UjYy_jjLMmcJnrfx64fo2C8-qvdH9Zr_qp2lPNWUekprbxx&_nc_ohc=IoVSmuR32aAQ7kNvwGPQ_XP&_nc_oc=AdqaoOn9pRW6pEmuhdcOltSen5JVEp4Dnp3Bklo0jzdLWE5ud194BWla99yvnSse1_M&_nc_zt=24&_nc_ht=scontent.fcgk43-1.fna&_nc_gid=bxkxcc1q2IliuwfNFqgdnw&_nc_ss=7b2a8&oh=00_Af73KnP4EMy2eTUOM7d7ONGtLhgs6pd3RRcmHwdW7fvsCw&oe=6A1A1747,Wati Hutagaol,"-Refly R betul bang,bukan malah menceritakan penuh semangat sambil ekspresi wajah ketawa 🤭",https://www.facebook.com/reel/1336508365019749/?comment_id=1212621624164039&reply_comment_id=1131523035844272,0,1,0,05/25/2026 12:09:50,Facebook,facebook_comments_post_1.csv,refly r betul bang bukan malah menceritakan penuh semangat sambil ekspresi wajah ketawa,13,2026-05-25 12:09:50
Y29tbWVudDoxMzE0MDM5MTM3NTg1Nzg5XzI0NzkyMzkwNjU4MzMxMDA=,100024974763869,https://scontent.fcgk43-1.fna.fbcdn.net/v/t1.6435-1/62056912_417493482426474_2879151169622507520_n.jpg?stp=cp0_dst-jpg_s32x32_tt6&_nc_cat=110&ccb=1-7&_nc_sid=e99d92&_nc_eui2=AeGopG-cqjZkqIktgHUXrZrgaEkix49sY6RoSSLHj2xjpB-t2UKrlAeQABoGrnrlALz5bp6rUesZLJZy1ZA9Lhbx&_nc_ohc=XWYaE0cH1XsQ7kNvwEdQO-e&_nc_oc=AdrKbNEoUxL3mMyq4sFfUcmrPC-vFn9y8j2oNQETJ-PHqZh20rC7tjFquvl-p4sXj1g&_nc_zt=24&_nc_ht=scontent.fcgk43-1.fna&_nc_gid=mp92s7364ofFbHzYV4IECw&_nc_ss=7b2a8&oh=00_Af4rq4z5xuvWGzp-khqP0NwubXByeNtkfZKy3szxnNOymA&oe=6A3BCC2A,Toni Anggara,"Semangat bangett utk berbohong,..😛",https://www.facebook.com/reel/1336508365019749/?comment_id=2479239065833100,5,0,3,05/22/2026 13:20:10,Facebook,facebook_comments_post_1.csv,semangat bangett utk berbohong,4,2026-05-22 13:20:10
Y29tbWVudDoxMzE0MDM5MTM3NTg1Nzg5XzEzMjgzNzM0NDUzMDgwMjM=,100005110158485,https://scontent.fcgk43-1.fna.fbcdn.net/v/t39.30808-1/414889824_2543024705877843_7870184109990078320_n.jpg?stp=c0.0.411.411a_cp0_dst-jpg_s32x32_tt6&_nc_cat=109&ccb=1-7&_nc_sid=e99d92&_nc_eui2=AeGqKqAmrRO7pxGy5xE6fySgRGvhKiLtQs9Ea-EqIu1Cz7PoXqmKWRU6f3eeIw7w7GtwFIW8rwoGf-38rbooFTgJ&_nc_ohc=Lk2iE8AKbW0Q7kNvwGhrCdM&_nc_oc=Ado-cMd3CkSWd0sCqX7lo8-w40ALxBwAVl9od4X4rkdFKjeqBrPfOtuSpPAqlH33gEs&_nc_zt=24&_nc_ht=scontent.fcgk43-1.fna&_nc_gid=mMPisqbJWbIQRJPrLSDddg&_nc_ss=7b2a8&oh=00_Af6UqGyqrdIgbIfjJAj6aZyQomIX7CLX6fC0GyxTkoN_mw&oe=6A1A0EF0,Ida Lilio,-Toni Anggara buzzer #israelteroris,https://www.facebook.com/reel/1336508365019749/?comment_id=2479239065833100&reply_comment_id=1328373445308023,1,1,2,05/22/2026 17:18:02,Facebook,facebook_comments_post_1.csv,toni anggara buzzer,3,2026-05-22 17:18:02
Y29tbWVudDoxMzE0MDM5MTM3NTg1Nzg5XzgyMTk0MTkwNzM0ODI0Mw==,1585793643,https://scontent.fcgk43-1.fna.fbcdn.net/v/t39.30808-1/668449451_10230016047977025_4027519183733086104_n.jpg?stp=c256.0.1536.1536a_cp0_dst-jpg_s32x32_tt6&_nc_cat=107&ccb=1-7&_nc_sid=1d2534&_nc_eui2=AeG1WPsEumnd4Mg9fY5dBnbuq5mPHr7Vo1SrmY8evtWjVMnHN6VwOTAfQkHq_AT2KLJi5fsNBCmCujL3GJ9DQgCG&_nc_ohc=gpaz3np15NkQ7kNvwFJsWyv&_nc_oc=Adr-9EK2tveKoU6YgBEQZnEfLyey457NCl_-iWjwC4P1_vH3_L4L1mSfMl3FZJ0kQcw&_nc_zt=24&_nc_ht=scontent.fcgk43-1.fna&_nc_gid=mp92s7364ofFbHzYV4IECw&_nc_ss=7b2a8&oh=00_Af41urNA16Lcn5oYi83Klnl6q0uquHa2ahj9puFiaYiDVQ&oe=6A1A0F51,Bram Sumantri,"Kita jadi mau tau apa reaksi pejabat negara mendengar kesaksian ini, relawan kemanusiaan itu bukan penjahat.",https://www.facebook.com/reel/1336508365019749/?comment_id=821941907348243,3,0,2,05/22/2026 12:57:15,Facebook,facebook_comments_post_1.csv,kita jadi mau tau apa reaksi pejabat negara mendengar kesaksian ini relawan kemanusiaan itu bukan penjahat,16,2026-05-22 12:57:15
Y29tbWVudDoxMzE0MDM5MTM3NTg1Nzg5Xzk2OTU4Nzk3MjQ1NDM3Mg==,61559552484349,https://scontent.fcgk43-1.fna.fbcdn.net/v/t39.30808-1/692073042_122215529132318416_264143457895968185_n.jpg?stp=cp0_dst-jpg_s32x32_tt6&_nc_cat=104&ccb=1-7&_nc_sid=e99d92&_nc_eui2=AeEaRxercVJyjZFX32OLXbssIH2hEknpCgcgfaESSekKBzgJra9ux7Awzr6fiyNc2agQSVOdzTNx_NJBQNHp9-dD&_nc_ohc=Wu5XH5wtg24Q7kNvwGblckO&_nc_oc=Adr6yg59RFEZjyLGl4XPngZDhyaGy3JWOzEHo1ClT-M-uWxWpPvNd39qH0NOHZ7GSbE&_nc_zt=24&_nc_ht=scontent.fcgk43-1.fna&_nc_gid=hea5FIgZdOT2dpKYpjc12g&_nc_ss=7b2a8&oh=00_Af4VoR4UzTOGlTGssiAFr4kZfoIbxyVF5dm8c-ifva02UA&oe=6A1A2B89,Willson Ar,-Bram Sumantri itu sampah,https://www.facebook.com/reel/1336508365019749/?comment_id=821941907348243&reply_comment_id=969587972454372,0,1,0,05/22/2026 14:40:18,Facebook,facebook_comments_post_1.csv,bram sumantri itu sampah,4,2026-05-22 14:40:18
Y29tbWVudDoxMzE0MDM5MTM3NTg1Nzg5XzE2NjU2MjU5NzQ3NTM1Njc=,100086461925813,https://scontent.fcgk43-1.fna.fbcdn.net/v/t39.30808-1/453065805_466212639604130_2767841825583409983_n.jpg?stp=cp0_dst-jpg_s32x32_tt6&_nc_cat=108&ccb=1-7&_nc_sid=e99d92&_nc_eui2=AeG2mosDPBBT5cWaMiCyq6_qMutziVhqh3My63OJWGqHc7a9Bqq5LWRwxCXSBokuy1XUXQgRDWnLBS5AAf6e3PJW&_nc_ohc=iJdBtSX16uIQ7kNvwHscXDp&_nc_oc=AdoDtbrlpNGcMNjQPjnId2sZ9IYKXNe6mLIJn56K5SVTZycdFzucYN49DEGDwGTkz1s&_nc_zt=24&_nc_ht=scontent.fcgk43-1.fna&_nc_gid=hea5FIgZdOT2dpKYpjc12g&_nc_ss=7b2a8&oh=00_Af512J-91onjpOCMMdyc5HRY4lf9iiPMMLAqxpMR9NQyDA&oe=6A1A3E73,Panglaran Bara'padang,-Bram Sumantri mereka penjahat,https://www.facebook.com/reel/1336508365019749/?comment_id=821941907348243&reply_comment_id=1665625974753567,0,1,0,05/22/2026 17:38:57,Facebook,facebook_comments_post_1.csv,bram sumantri mereka penjahat,4,2026-05-22 17:38:57
Y29tbWVudDoxMzE0MDM5MTM3NTg1Nzg5XzE2NzY0NzE1MjY4MDQzMzk=,100053573283245,https://scontent.fcgk43-1.fna.fbcdn.net/v/t39.30808-1/420425290_896766072119161_4679406794853102763_n.jpg?stp=cp0_dst-jpg_s32x32_tt6&_nc_cat=105&ccb=1-7&_nc_sid=1d2534&_nc_eui2=AeEbE1F5JFkkjIxUZ6vnvKb1AwC2hbh8oTkDALaFuHyhOSpp_XxCyuxaRWgiw_75JLgk9i-s_5hdh6VY7Rh_YiMy&_nc_ohc=5ep3ijmolb4Q7kNvwGzxY2z&_nc_oc=AdqFECGZxZHHzxClNnEoapqZGn3Q0P1DL39BUDC6DHcA8x43FSZKm3BX6arKvrzM4oQ&_nc_zt=24&_nc_ht=scontent.fcgk43-1.fna&_nc_gid=mp92s7364ofFbHzYV4IECw&_nc_ss=7b2a8&oh=00_Af6o1k0wfEXi1hvT96P-cFIidmenC_vw9qEhvKAH_p1wsA&oe=6A1A11F6,R N Sport,Kok bisa ew kalian pulang hidup 🤣,https://www.facebook.com/reel/1336508365019749/?comment_id=1676471526804339,3,0,1,05/25/2026 06:02:07,Facebook,facebook_comments_post_1.csv,kok bisa ew kalian pulang hidup,6,2026-05-25 06:02:07
Y29tbWVudDoxMzE0MDM5MTM3NTg1Nzg5XzEwMjYxNjExNTMwOTQwMjM=,100008075741848,https://scontent.fcgk43-1.fna.fbcdn.net/v/t39.30808-1/341849482_1278873806316039_4499387905025955160_n.jpg?stp=cp0_dst-jpg_s32x32_tt6&_nc_cat=102&ccb=1-7&_nc_sid=1d2534&_nc_eui2=AeG3vmoj-dokKd7iQ8p-jCaVRTNFQ91I2MtFM0VD3UjYy_jjLMmcJnrfx64fo2C8-qvdH9Zr_qp2lPNWUekprbxx&_nc_ohc=IoVSmuR32aAQ7kNvwGPQ_XP&_nc_oc=AdqaoOn9pRW6pEmuhdcOltSen5JVEp4Dnp3Bklo0jzdLWE5ud194BWla99yvnSse1_M&_nc_zt=24&_nc_ht=scontent.fcgk43-1.fna&_nc_gid=eEKRoYw8Tqvk7ppYZQ9D5A&_nc_ss=7b2a8&oh=00_Af72iGJfY5g3Dh2dGd-Gv9b1GYogPEv9OEqPuTbpetkQuw&oe=6A1A1747,Wati Hutagaol,-R N Sport biasa bang acting,https://www.facebook.com/reel/1336508365019749/?comment_id=1676471526804339&reply_comment_id=1026161153094023,0,1,0,05/25/2026 12:09:11,Facebook,facebook_comments_post_1.csv,r n sport biasa bang acting,6,2026-05-25 12:09:11
Y29tbWVudDoxMzE0MDM5MTM3NTg1Nzg5Xzk5NDE1NjU4MzEzMzUwMA==,100017066508575,https://scontent.fcgk43-1.fna.fbcdn.net/v/t39.30808-1/449131289_1550095908902611_2728119777434052825_n.jpg?stp=c0.0.480.480a_cp0_dst-jpg_s32x32_tt6&_nc_cat=102&ccb=1-7&_nc_sid=e99d92&_nc_eui2=AeHDAQXmJKAT5nUPgTswpqDhSkL6BBqGKMdKQvoEGoYox0N1CTVVjoNAdYPKTy8CnTMpmGgRuwrE1O5VqyczsJWG&_nc_ohc=DQbOjSwFWhUQ7kNvwEmXSAW&_nc_oc=AdqKmMFnJaJKSJMH8h9FEhxLFyfUYm_i4XTICiag1AhOTSo68-adoTgNXmiVr5ovBt4&_nc_zt=24&_nc_ht=scontent.fcgk43-1.fna&_nc_gid=mp92s7364ofFbHzYV4IECw&_nc_ss=7b2a8&oh=00_Af5XcS1CNk2Z3lRLH5H42PvB3RwK1c72U0za3x6p-0vq0Q&oe=6A1A0947,Jonhri Ambarita,"Sudah tau Indonesia tidak ada hubungan diplomatik dengan Israel, masih berani terobos wilayah konflik.",https://www.facebook.com/reel/1336508365019749/?comment_id=994156583133500,2,0,0,05/22/2026 12:56:30,Facebook,facebook_comments_post_1.csv,sudah tau indonesia tidak ada hubungan diplomatik dengan israel masih berani terobos wilayah konflik,14,2026-05-22 12:56:30
Y29tbWVudDoxMzE0MDM5MTM3NTg1Nzg5XzgzMTA4MzcwMjk3ODUwNQ==,100000027071165,https://scontent.fcgk43-1.fna.fbcdn.net/v/t39.30808-1/651011364_26645826275001580_1054030999069714597_n.jpg?stp=cp0_dst-jpg_s32x32_tt6&_nc_cat=103&ccb=1-7&_nc_sid=1d2534&_nc_eui2=AeF1Scffi1xn259UAl_926WI5vOaV4izMBTm85pXiLMwFOLVZWLDIvieyNe2htOfZWasAmpaQ73yE0kcfnYLIaYZ&_nc_ohc=J6Ddvml99UAQ7kNvwH_rRXS&_nc_oc=Adp4eby5EJRMGowhcqRkkQE9cBiZycgmJ5yS1QZf_pT6CANITFO9e-THdogMpwr3sek&_nc_zt=24&_nc_ht=scontent.fcgk43-1.fna&_nc_gid=yrR3h9K2Zqs9iwl2OHLXoQ&_nc_ss=7b2a8&oh=00_Af6luksLkVNBqPURfEeCDw1TlkuKdW9DUI-UpU5Rl3zk6w&oe=6A1A2725,Pangkar Donrikus,"Belum seberapa dengan yg dialami reporter tv yg skrng jd anggota DPR RI dari Golkar, Mutia Hafid. Namanya juga masuk daerah konflik ia wajar kena dampak.",https://www.facebook.com/reel/1336508365019749/?comment_id=831083702978505,0,0,1,05/22/2026 12:57:40,Facebook,facebook_comments_post_1.csv,belum seberapa dengan yg dialami reporter tv yg skrng jd anggota dpr ri dari golkar mutia hafid namanya juga masuk daerah konflik ia wajar kena dampak,26,2026-05-22 12:57:40
Y29tbWVudDoxMzE0MDM5MTM3NTg1Nzg5XzMzMzU4MDAwNjY1OTkxMDk=,100005607061881,https://scontent.fcgk43-1.fna.fbcdn.net/v/t39.30808-1/367467373_2277252345804979_8459457392498557021_n.jpg?stp=c0.0.720.720a_cp0_dst-jpg_s32x32_tt6&_nc_cat=109&ccb=1-7&_nc_sid=e99d92&_nc_eui2=AeEzk174ywgrCPud_sdLw8vM5lGYY7cSWafmUZhjtxJZp2_iGEgmcCybtHl9kO7zia0aW1Y7rlmzrcx6VN60Uh36&_nc_ohc=4J5QUWM731EQ7kNvwEtbePt&_nc_oc=AdpwEeb4NVXq1kJ_jg6EXJS-T1UCVdFXqrzqmiSWY1pB1A1RSJrikxJiKc_aqh3dPM8&_nc_zt=24&_nc_ht=scontent.fcgk43-1.fna&_nc_gid=pRhryjkB1wOVz8Na_FcCpQ&_nc_ss=7b2a8&oh=00_Af4d75tJA3FLXCnxowBjPcPr_AxAu3Br_vZplmNDxuPQrg&oe=6A1A3DFF,Asril,-Pangkar Donrikus Mutia tak ada apa2akn tak disakit.. Yg ditangkap smau kena mental.. Baik saat. Mutia atau aktivis yg dtangkap israel.. Dan Israel melakukan penyiksaan.. Bnyak yg patah tulang,https://www.facebook.com/reel/1336508365019749/?comment_id=831083702978505&reply_comment_id=3335800066599109,0,1,0,05/22/2026 17:52:02,Facebook,facebook_comments_post_1.csv,pangkar donrikus mutia tak ada apa2akn tak disakit yg ditangkap smau kena mental baik saat mutia atau aktivis yg dtangkap israel dan israel melakukan penyiksaan bnyak yg patah tulang,29,2026-05-22 17:52:02
Y29tbWVudDoxMzE0MDM5MTM3NTg1Nzg5XzE4NzE3MjMxODM0ODg0Nzk=,100060261143959,https://scontent.fcgk43-1.fna.fbcdn.net/v/t39.30808-1/485063659_1041329894552372_5909452531755703442_n.jpg?stp=cp0_dst-jpg_s32x32_tt6&_nc_cat=103&ccb=1-7&_nc_sid=e99d92&_nc_eui2=AeG-CxNDolpj_ej2CjzhL0YRV6JFDI47H6hXokUMjjsfqBCTb2czkrpkoYgYlarfxPIcuGjViz_kIbeba12oMBL2&_nc_ohc=VkSZV6kIHLsQ7kNvwFnFw1E&_nc_oc=AdqRV2xutfNwLQA_EC7yDkZ3egvCHBGQ07ueDziZKdnBUhwEwzeLMs5dVEVSWlImgAs&_nc_zt=24&_nc_ht=scontent.fcgk43-1.fna&_nc_gid=yrR3h9K2Zqs9iwl2OHLXoQ&_nc_ss=7b2a8&oh=00_Af74rACP-_zsj4x5cVIeW45CFzFSPltSfGl1et2LmcX51w&oe=6A1A1E90,Ninsu,Pergi lgi lebih banyak ke sana..,https://www.facebook.com/reel/1336508365019749/?comment_id=1871723183488479,3,0,0,05/22/2026 14:16:13,Facebook,facebook_comments_post_1.csv,pergi lgi lebih banyak ke sana,6,2026-05-22 14:16:13
Y29tbWVudDoxMzE0MDM5MTM3NTg1Nzg5Xzk3NDg3ODM3MTg1Mzg3MA==,100010368489768,https://scontent.fcgk43-1.fna.fbcdn.net/v/t39.30808-1/705627832_2862673974088191_2747768371491008414_n.jpg?stp=cp0_dst-jpg_s32x32_tt6&_nc_cat=101&ccb=1-7&_nc_sid=1d2534&_nc_eui2=AeGCC0ZrMMadFomde38L4sIwWTyyIZGjVdtZPLIhkaNV27h_qsDWQyseYwyBf1r86nja3Yge_3J-g_B_3kIEcbHj&_nc_ohc=YPNY8rcj3YUQ7kNvwGgtV36&_nc_oc=AdokayfrKimxSK-UMKBQ_WpBBHTntl8e4bWZWkBwxJU59VNjGHZnwcm_kNDJkcGawWg&_nc_zt=24&_nc_ht=scontent.fcgk43-1.fna&_nc_gid=yrR3h9K2Zqs9iwl2OHLXoQ&_nc_ss=7b2a8&oh=00_Af72JmPF0TDS72vClWXr6B5xkiTPmZj5SjMokCLIEN6h3Q&oe=6A1A0B2A,Vekie Julius,"Laen kali,, Jangan Masuk Campur urusan Orang. ngak usah tambah-tambah urusan.
*big boss aja nyerah..",https://www.facebook.com/reel/1336508365019749/?comment_id=974878371853870,2,0,0,05/22/2026 12:40:07,Facebook,facebook_comments_post_1.csv,laen kali jangan masuk campur urusan orang ngak usah tambah tambah urusan big boss aja nyerah,16,2026-05-22 12:40:07
Y29tbWVudDoxMzE0MDM5MTM3NTg1Nzg5XzEzNzM3Mzc3ODgxNDM5MTc=,100003711400475,https://scontent.fcgk43-1.fna.fbcdn.net/v/t39.30808-1/236156736_2356463437820680_1094448323185426107_n.jpg?stp=cp0_dst-jpg_s32x32_tt6&_nc_cat=110&ccb=1-7&_nc_sid=e99d92&_nc_eui2=AeESK1_u1FT4bwFf3o3nnIT8CABs6EzRk0EIAGzoTNGTQb7s2U_vjajwqaCsxZ4hUeFcNoKrsAoRQes3gNwd2ZiY&_nc_ohc=pxnfYZTO8RsQ7kNvwH-qChm&_nc_oc=Ado6VnKVBJJQNHojee-d5PArDRnzwQkSlYAP_d65MpbhER8IaBMhgzSHaHQl7jqydL4&_nc_zt=24&_nc_ht=scontent.fcgk43-1.fna&_nc_gid=yrR3h9K2Zqs9iwl2OHLXoQ&_nc_ss=7b2a8&oh=00_Af6NCNYe7X_MqowZ89bLefYD4-2cp2lGONYcdxXDqluJDw&oe=6A1A3E5E,Nur Muhammad Kahfi,"Kocak juga ini orang .
Negara Indonesia juga akan berlakukan hsl yg sama bila jurnalis atau apapun masuk papua tanpa ijin . Pasti aparat menangkap .
Dan untung kalian masih bisa bebas atas bantuan diplomasi negara turki yg di minta oleh pemerintah RI.  Negara kita jelas tidak bisa sebab tidak ada hubungan diplomatik .",https://www.facebook.com/reel/1336508365019749/?comment_id=1373737788143917,1,0,0,05/22/2026 13:33:47,Facebook,facebook_comments_post_1.csv,kocak juga ini orang negara indonesia juga akan berlakukan hsl yg sama bila jurnalis atau apapun masuk papua tanpa ijin pasti aparat menangkap dan untung kalian masih bisa bebas atas bantuan diplomasi negara turki yg di minta oleh pemerintah ri negara kita jelas tidak bisa sebab tidak ada hubungan diplomatik,50,2026-05-22 13:33:47
Y29tbWVudDoxMzE0MDM5MTM3NTg1Nzg5XzE2Mjc2NDkwODk0MTM5NjM=,100006305708445,https://scontent.fcgk43-1.fna.fbcdn.net/v/t39.30808-1/426048206_3787109234842563_7715919269678837597_n.jpg?stp=cp0_dst-jpg_s32x32_tt6&_nc_cat=102&ccb=1-7&_nc_sid=e99d92&_nc_eui2=AeFi4RuE4edziAL-eKACHGz4_1I4dusWzUv_Ujh26xbNS3o6nIbHSWhLbhzYzAAo13nfToHy_YWhu_wH2fa83cJ7&_nc_ohc=YYK_zTwIZdAQ7kNvwECIpyF&_nc_oc=AdpO142eBTx2ZOTtiXXHaLO84iCSc_-3DD6_1tjsLyJXcq26ABFfekNrubPrPXurX_8&_nc_zt=24&_nc_ht=scontent.fcgk43-1.fna&_nc_gid=yrR3h9K2Zqs9iwl2OHLXoQ&_nc_ss=7b2a8&oh=00_Af7Pkqtas0Qi46Uhj1JStVt4hLbbOgkec-T4iHZamzLggg&oe=6A1A3D69,Pak Tama Siahaan,"Segeralah berangkat yg belum berangkat,",https://www.facebook.com/reel/1336508365019749/?comment_id=1627649089413963,2,0,0,05/22/2026 14:01:19,Facebook,facebook_comments_post_1.csv,segeralah berangkat yg belum berangkat,5,2026-05-22 14:01:19
Y29tbWVudDoxMzE0MDM5MTM3NTg1Nzg5XzEzNjkzNTQxNTUxMDE1Mzk=,100023537260324,https://scontent.fcgk43-1.fna.fbcdn.net/v/t39.30808-1/429786390_1541127066681854_4091220311915152108_n.jpg?stp=cp0_dst-jpg_s32x32_tt6&_nc_cat=110&ccb=1-7&_nc_sid=e99d92&_nc_eui2=AeHloyZ7QIC0QPeEPeeeA9DCsoEn-7IFzYuygSf7sgXNiyHQ5-exEVJseKE5emaDdjOyPDvRxhn3U2apzD9ClHxx&_nc_ohc=Ow4HJyn7ASkQ7kNvwED3JGL&_nc_oc=AdpwtVK1BVwpFMw_UOS1vpR-7Vf9IFZIZhvlT9Ib75a00anU7z9CudD-hTNSr9UwCS0&_nc_zt=24&_nc_ht=scontent.fcgk43-1.fna&_nc_gid=yrR3h9K2Zqs9iwl2OHLXoQ&_nc_ss=7b2a8&oh=00_Af4E9JRtRAB_7ftDUDTsnhnsE3XEDzzOZvzHlgkXdZ_MTg&oe=6A1A2F45,Komang Darma,Yang namanya daerah komplik ya pasti keras beruntung ndak ditembak mati ...kalau mau bantu palestin lawan perang to israel jangan jadi kompor jos di negeri ini .kami mau hidup damai,https://www.facebook.com/reel/1336508365019749/?comment_id=1369354155101539,0,0,0,05/25/2026 08:07:03,Facebook,facebook_comments_post_1.csv,yang namanya daerah komplik ya pasti keras beruntung ndak ditembak mati kalau mau bantu palestin lawan perang to israel jangan jadi kompor jos di negeri ini kami mau hidup damai,30,2026-05-25 08:07:03
Y29tbWVudDoxMzE0MDM5MTM3NTg1Nzg5XzQ1MTUyNTg2MDg3MTg4NTI=,100032582771222,https://scontent.fcgk43-1.fna.fbcdn.net/v/t1.6435-1/49384541_103071114122314_4429524820337623040_n.jpg?stp=cp0_dst-jpg_s32x32_tt6&_nc_cat=100&ccb=1-7&_nc_sid=e99d92&_nc_eui2=AeFDnL-xoWGanFlQtVJJoYelgRTqOZSYSX6BFOo5lJhJfgqHRqL_0q7CGwW88UIGSZ5LgMRpQVJx-hUMMn8O6y1S&_nc_ohc=Afkb116hhI0Q7kNvwEVOOug&_nc_oc=Ado57ODz7b9M6neI0MQwfEgHZS5wXRf0zntHGsRjdpOsOZu26sx3rCNB1dmVn24T59I&_nc_zt=24&_nc_ht=scontent.fcgk43-1.fna&_nc_gid=yrR3h9K2Zqs9iwl2OHLXoQ&_nc_ss=7b2a8&oh=00_Af5_i34VPQevhq4pX267E32gcSwCOTZu8Q5T3szvBcTrvw&oe=6A3BC548,Opungwillyaruan,Berangkat lagi kesana ajak novel bak mumin mungkin israel takut sama dia karna statemennya nyawa bayar nyawa,https://www.facebook.com/reel/1336508365019749/?comment_id=4515258608718852,0,0,1,05/22/2026 15:31:24,Facebook,facebook_comments_post_1.csv,berangkat lagi kesana ajak novel bak mumin mungkin israel takut sama dia karna statemennya nyawa bayar nyawa,17,2026-05-22 15:31:24
Y29tbWVudDoxMzE0MDM5MTM3NTg1Nzg5Xzk4NzMzODU3NzEwNzg2MA==,100005110158485,https://scontent.fcgk43-1.fna.fbcdn.net/v/t39.30808-1/414889824_2543024705877843_7870184109990078320_n.jpg?stp=c0.0.411.411a_cp0_dst-jpg_s32x32_tt6&_nc_cat=109&ccb=1-7&_nc_sid=e99d92&_nc_eui2=AeGqKqAmrRO7pxGy5xE6fySgRGvhKiLtQs9Ea-EqIu1Cz7PoXqmKWRU6f3eeIw7w7GtwFIW8rwoGf-38rbooFTgJ&_nc_ohc=Lk2iE8AKbW0Q7kNvwGhrCdM&_nc_oc=Ado-cMd3CkSWd0sCqX7lo8-w40ALxBwAVl9od4X4rkdFKjeqBrPfOtuSpPAqlH33gEs&_nc_zt=24&_nc_ht=scontent.fcgk43-1.fna&_nc_gid=vwDXm1m5zi0mHUbhKogMhA&_nc_ss=7b2a8&oh=00_Af43OyVTHsSTC-d4NGOJ2VixeupG30Q61_99Aa7_ptQvcA&oe=6A1A0EF0,Ida Lilio,-Opungwillyaruan buzzer #israelteroris,https://www.facebook.com/reel/1336508365019749/?comment_id=4515258608718852&reply_comment_id=987338577107860,0,1,0,05/22/2026 17:20:10,Facebook,facebook_comments_post_1.csv,opungwillyaruan buzzer,2,2026-05-22 17:20:10
Y29tbWVudDoxMzE0MDM5MTM3NTg1Nzg5XzI5NDcxNDc4MTIyOTYxMzk=,1822244507,https://scontent.fcgk43-1.fna.fbcdn.net/v/t39.30808-1/492589199_10222040321276724_4242092432895584883_n.jpg?stp=cp0_dst-jpg_s32x32_tt6&_nc_cat=103&ccb=1-7&_nc_sid=e99d92&_nc_eui2=AeEPZ2DUUkAp2ekKL01dXlTQxX-x4bcUqsvFf7HhtxSqy3ZDTmgLd_BpM2-UEyOXEZaeOAvndbez01ZjnnVt5PEL&_nc_ohc=BGmcWk5F4v8Q7kNvwHkWXuP&_nc_oc=AdqcP6UjdUZENQ63YwnqV7o73831ldqgSJvgdSqsUxz8poKgXFzNAQ3--Kik339OEPo&_nc_zt=24&_nc_ht=scontent.fcgk43-1.fna&_nc_gid=yrR3h9K2Zqs9iwl2OHLXoQ&_nc_ss=7b2a8&oh=00_Af4ywb-aTw7Jn8vKu742ZaL-1-oxlo6GW5h5olrB75Y2Iw&oe=6A1A0DE6,Daniel Djunaidi Tanudjaja,Wajar ente terobos  zona darurat militer idf.,https://www.facebook.com/reel/1336508365019749/?comment_id=2947147812296139,0,0,0,05/23/2026 04:34:24,Facebook,facebook_comments_post_1.csv,wajar ente terobos zona darurat militer idf,7,2026-05-23 04:34:24
Y29tbWVudDoxMzE0MDM5MTM3NTg1Nzg5XzE1NDA5NzQzMDA3NTc1MDM=,100004620092140,https://scontent.fcgk43-1.fna.fbcdn.net/v/t39.30808-1/455690330_2753553374808639_1754514935527406321_n.jpg?stp=cp0_dst-jpg_s32x32_tt6&_nc_cat=102&ccb=1-7&_nc_sid=1d2534&_nc_eui2=AeHZLZzQLIrwDyE-wd8vhqg_opvgtJCGCoCim-C0kIYKgCSGCmNVUAGJRselH07UWjO0AhyQ0zDun5F_Ig5oRQ5h&_nc_ohc=YJqKtJc3sFMQ7kNvwG_hmi5&_nc_oc=AdqsqgdZz6vopHgTTNeFHf3IhBICie6Kx79-zjdNZ2ni1SDB9K8icc0VFbpfyf6RBf0&_nc_zt=24&_nc_ht=scontent.fcgk43-1.fna&_nc_gid=yrR3h9K2Zqs9iwl2OHLXoQ&_nc_ss=7b2a8&oh=00_Af40q_uJ0Sx42sGsiN8HKJY-j8lG1MnAfC3LW6YS4gbcjA&oe=6A1A1CDC,Nelio Vegas,"Kenapa masih hidup 
Mikirnya kenapa nga buang aja ke laut",https://www.facebook.com/reel/1336508365019749/?comment_id=1540974300757503,0,0,0,05/23/2026 05:40:59,Facebook,facebook_comments_post_1.csv,kenapa masih hidup mikirnya kenapa nga buang aja ke laut,10,2026-05-23 05:40:59
Y29tbWVudDoxMzE0MDM5MTM3NTg1Nzg5XzIxODE5Nzc5NDU5NTc5NzU=,100001521747647,https://scontent.fcgk43-1.fna.fbcdn.net/v/t1.6435-1/122132328_3600449056682450_2739295290641271176_n.jpg?stp=cp0_dst-jpg_s32x32_tt6&_nc_cat=107&ccb=1-7&_nc_sid=1d2534&_nc_eui2=AeGPuDpGSHz8Wy6sNIDlWMb_N1ip1Jvpkh43WKnUm-mSHjmsRjpTucnd_9NVvjgg4RQb_B-h7hpOP8ZBTlEg2OgX&_nc_ohc=zuqYHtLhJTEQ7kNvwF5hPr9&_nc_oc=Adp3DI5lhL7qmfZMD8vvp5Noly3Koen0J4DUq7-f2Z0I5EAlsoXBD1K-nauGBj0j80s&_nc_zt=24&_nc_ht=scontent.fcgk43-1.fna&_nc_gid=yrR3h9K2Zqs9iwl2OHLXoQ&_nc_ss=7b2a8&oh=00_Af69WlIu9Ebx8KDOnY1CztjHtQE7laqY7T2E9EYBYYSebg&oe=6A3BCF24,Heri Ribowo,Wajahnya bersih semua. Tdk lukas kecuali bekas ikatan tangan,https://www.facebook.com/reel/1336508365019749/?comment_id=2181977945957975,0,0,0,05/22/2026 20:57:26,Facebook,facebook_comments_post_1.csv,wajahnya bersih semua tdk lukas kecuali bekas ikatan tangan,9,2026-05-22 20:57:26
Y29tbWVudDoxMzE0MDM5MTM3NTg1Nzg5XzE4NTE2NzYwMDg4MzUyNjk=,61551695857745,https://scontent.fcgk43-1.fna.fbcdn.net/v/t39.30808-1/581049634_122230200116056528_6855028645374333633_n.jpg?stp=cp0_dst-jpg_s32x32_tt6&_nc_cat=106&ccb=1-7&_nc_sid=1d2534&_nc_eui2=AeFA-W6Q7sYLxWpYD-NLGLVEvg1e0c9uE12-DV7Rz24TXToYsQr3FAG__TyXTFuOTQFJIAwWa7FwGgbXjhc-y32N&_nc_ohc=wZin_mA9dVwQ7kNvwGbyUkv&_nc_oc=AdrclXXDkqvEQ552G8ROEz-8ALQKmgd7ngspnNJNJtC2M3hPBw32UBbYztyA7aH6EZY&_nc_zt=24&_nc_ht=scontent.fcgk43-1.fna&_nc_gid=8oqdORPND8icoM1tVTUqdg&_nc_ss=7b2a8&oh=00_Af7OCv0U4v_FlZ43plcEYghKOzlAzXtk9plXMkRBZe1GyQ&oe=6A1A3654,Tarsisius Saluluni,🤣🤣🤣🤣🤣 itu ma tandah nya tambah donasi lagi,https://www.facebook.com/reel/1336508365019749/?comment_id=1851676008835269,0,0,0,05/25/2026 12:23:33,Facebook,facebook_comments_post_1.csv,itu ma tandah nya tambah donasi lagi,7,2026-05-25 12:23:33
Y29tbWVudDoxMzE0MDM5MTM3NTg1Nzg5XzIwMzMxNzEwMjQyNzg3NjY=,100027565284141,https://scontent.fcgk43-1.fna.fbcdn.net/v/t1.6435-1/193053942_814952309433604_5721756425218268693_n.jpg?stp=cp0_dst-jpg_s32x32_tt6&_nc_cat=103&ccb=1-7&_nc_sid=e99d92&_nc_eui2=AeETpPmi-Lo95PFho2NO9EMqCV6UfGCwBQEJXpR8YLAFAf7wdeBHXi01QdQMgRZj2EpXC5IKcylq_DJrydTm_fUD&_nc_ohc=JUtd6P1gxFkQ7kNvwF3Ume7&_nc_oc=Adopd2705cQZaiVzfGFO3ug2E8nwutmQDc7lgH0c9nDxSHmVO0v6-4T6vFiHlhtykyQ&_nc_zt=24&_nc_ht=scontent.fcgk43-1.fna&_nc_gid=8oqdORPND8icoM1tVTUqdg&_nc_ss=7b2a8&oh=00_Af7iktBHswWRomTZiEf2f7iqsSKxGYwWiiqdAxGKKXoyaQ&oe=6A3BD811,Al Bana,"Jgn berharap pd pemerintahmu, mereka sama. Berharap lah pd Alloh SWT. Semoga menjadi bagian dari jihad. Tidak ada yg sia2 kalo karena Alloh SWT.",https://www.facebook.com/reel/1336508365019749/?comment_id=2033171024278766,0,0,1,05/22/2026 13:34:51,Facebook,facebook_comments_post_1.csv,jgn berharap pd pemerintahmu mereka sama berharap lah pd alloh swt semoga menjadi bagian dari jihad tidak ada yg sia2 kalo karena alloh swt,24,2026-05-22 13:34:51
Y29tbWVudDoxMzE0MDM5MTM3NTg1Nzg5XzE3MjAwNzQ2NDI3MDczMTM=,100003734994441,https://scontent.fcgk43-1.fna.fbcdn.net/v/t39.30808-1/550079026_3860177334116728_8214984074171828914_n.jpg?stp=cp0_dst-jpg_s32x32_tt6&_nc_cat=110&ccb=1-7&_nc_sid=e99d92&_nc_eui2=AeHWw0OZfWREGh3YyfBaryHvIMvKpJBLCz4gy8qkkEsLPiQDIfaN78pBYtU-tui_DA6-Dr4WtI_WExR9b_IGQJ1P&_nc_ohc=Y9Et0k_VRwAQ7kNvwFgMKZM&_nc_oc=AdrJuUc4ITgkmIqjbc6RQXbSswrkvOpR4me9-PzSmTBuVeECfWT1-TiYNHk5UnDSW-A&_nc_zt=24&_nc_ht=scontent.fcgk43-1.fna&_nc_gid=zYZbSN6dAnU0d55W1sCjMQ&_nc_ss=7b2a8&oh=00_Af4eZNBIxb85xxlZeimFY6y0KQOQOAWWJptUisgMa-LhyQ&oe=6A1A3A12,Rudi Niawan,-Al Bana ya udaj lu brangkat sana nyusul mereka,https://www.facebook.com/reel/1336508365019749/?comment_id=2033171024278766&reply_comment_id=1720074642707313,0,1,0,05/22/2026 14:10:02,Facebook,facebook_comments_post_1.csv,al bana ya udaj lu brangkat sana nyusul mereka,9,2026-05-22 14:10:02
Y29tbWVudDoxMzE0MDM5MTM3NTg1Nzg5XzE1NDcwNzAxOTY4NDExMTQ=,100076104457505,https://scontent.fcgk43-1.fna.fbcdn.net/v/t39.30808-1/660510382_977024561511017_4154706336488929350_n.jpg?stp=cp0_dst-jpg_s32x32_tt6&_nc_cat=109&ccb=1-7&_nc_sid=e99d92&_nc_eui2=AeHk2pyzNXFMMLwY_gEiBH7taImimrY5CcVoiaKatjkJxSH2wwUrfNnQHIoMs-qUtESYP5Da3K7M89CW7SxW-7q6&_nc_ohc=j1jEA__IvZQQ7kNvwGmyLEd&_nc_oc=AdpWRd6KZhYYw-Poh9E79Srf4AA_pbCuDWQG1qkSY6qW0BUAsn4wPFgaL1wJF-Y4AZQ&_nc_zt=24&_nc_ht=scontent.fcgk43-1.fna&_nc_gid=8oqdORPND8icoM1tVTUqdg&_nc_ss=7b2a8&oh=00_Af5NLSbJeorwgMLFrARTgsD1ZpxtjIAkTe4wcKrWZeH9Qg&oe=6A1A228B,Yanno Dava Haliu,"Kalau benar di pukul,, saya hanya mau lihat bekas lukanya,,",https://www.facebook.com/reel/1336508365019749/?comment_id=1547070196841114,0,0,0,05/25/2026 13:26:17,Facebook,facebook_comments_post_1.csv,kalau benar di pukul saya hanya mau lihat bekas lukanya,10,2026-05-25 13:26:17
Y29tbWVudDoxMzE0MDM5MTM3NTg1Nzg5Xzk5ODYzNTI1OTI0NzQ4MQ==,100003834773234,https://scontent.fcgk43-1.fna.fbcdn.net/v/t39.30808-1/615434312_3326717907466002_4483133247528434856_n.jpg?stp=cp0_dst-jpg_s32x32_tt6&_nc_cat=101&ccb=1-7&_nc_sid=1d2534&_nc_eui2=AeGCinmb1a7-6yP3gdEKLPcSLOlt156Vdz8s6W3XnpV3P1XrMxq6Zh7bM43Y4CvYbcldvwbLs-yWEvZPmForNATl&_nc_ohc=gZpeq-NP9n8Q7kNvwFIjxKx&_nc_oc=AdpdbS3dSqvnI5BdcSzzOYq2jLjvtApP7cBI4yz4sqZgOOO7MkDLWLUaN4dQ0_dmL1w&_nc_zt=24&_nc_ht=scontent.fcgk43-1.fna&_nc_gid=8oqdORPND8icoM1tVTUqdg&_nc_ss=7b2a8&oh=00_Af6vYZNQ8TIGqGGcdYvJuH-xz678nubTpSZ413sv5HrFVg&oe=6A1A2D80,Arsyi Gobang,"Itu perlakuan merak
Biar kalian cerita d Indonesia
Dan yg mau ikut biar takut
Kalian biar kapok
Semangat",https://www.facebook.com/reel/1336508365019749/?comment_id=998635259247481,0,0,0,05/22/2026 12:38:56,Facebook,facebook_comments_post_1.csv,itu perlakuan merak biar kalian cerita d indonesia dan yg mau ikut biar takut kalian biar kapok semangat,18,2026-05-22 12:38:56
Y29tbWVudDoxMzE0MDM5MTM3NTg1Nzg5XzE5MDQ5OTc0MTM1NDI5MzA=,100011069621110,https://scontent.fcgk43-1.fna.fbcdn.net/v/t39.30808-1/440945417_2124833814562252_1642739740563866187_n.jpg?stp=cp0_dst-jpg_s32x32_tt6&_nc_cat=100&ccb=1-7&_nc_sid=e99d92&_nc_eui2=AeHaS7gWDgcrHpusXm_xjIONBIVtBBuy6zYEhW0EG7LrNqGiJKA6CHMwXZC7nHYJLLUaUZF2_oBx83ZaZM2clckX&_nc_ohc=J2imEI0yHMIQ7kNvwEsuuUt&_nc_oc=AdpCRudXg9I1w_BTImJx4DBxKoRdLy1GXTpzJB03bJ5cP4WSYh-TxoxDBeJjj0tNtOE&_nc_zt=24&_nc_ht=scontent.fcgk43-1.fna&_nc_gid=8oqdORPND8icoM1tVTUqdg&_nc_ss=7b2a8&oh=00_Af42RQZUC30uIQ4ogGsjcSZb-IfsPz06_Hy5hOlkc10bWQ&oe=6A1A2356,Betty Simanjuntak,untung nyawamu msh selamat,https://www.facebook.com/reel/1336508365019749/?comment_id=1904997413542930,0,0,0,05/23/2026 00:22:14,Facebook,facebook_comments_post_1.csv,untung nyawamu msh selamat,4,2026-05-23 00:22:14
Y29tbWVudDoxMzE0MDM5MTM3NTg1Nzg5XzI0ODMwNzE4NzU0NDcyNDY=,100000439206610,https://scontent.fcgk43-1.fna.fbcdn.net/v/t39.30808-1/582724266_25542332725364684_1123977475212601562_n.jpg?stp=cp0_dst-jpg_s32x32_tt6&_nc_cat=100&ccb=1-7&_nc_sid=1d2534&_nc_eui2=AeGfwYi0rYkIuKdTPEuQwbxZf5Iis03H5EJ_kiKzTcfkQhnyjfR1XZpbGygoSizIDCjD3s9tAGH7GxNAIRxxWMX-&_nc_ohc=wJ72megfrQMQ7kNvwGhPqcr&_nc_oc=Adpu7HhaO46rObGrbZbmAuXr_ygR0c7jbTvVgTZVjNmryxh6_6TVeslP6agipmguLyw&_nc_zt=24&_nc_ht=scontent.fcgk43-1.fna&_nc_gid=8oqdORPND8icoM1tVTUqdg&_nc_ss=7b2a8&oh=00_Af5OBpIsb9GVJEpFShh4c8gBmJMs-PhLXC6O2_0WAzYnSA&oe=6A1A2C0F,Agung Donggeari,Keren aktingnya 😄,https://www.facebook.com/reel/1336508365019749/?comment_id=2483071875447246,0,0,0,05/25/2026 17:51:12,Facebook,facebook_comments_post_1.csv,keren aktingnya,2,2026-05-25 17:51:12
Y29tbWVudDoxMzE0MDM5MTM3NTg1Nzg5XzE0NjIwODczMzUyMDM0NjE=,100056507887036,https://scontent.fcgk43-1.fna.fbcdn.net/v/t39.30808-1/611084991_1297206275506290_6803941829362590795_n.jpg?stp=cp0_dst-jpg_s32x32_tt6&_nc_cat=100&ccb=1-7&_nc_sid=1d2534&_nc_eui2=AeHNZayFMolFUbqZOD5lszn0QEADMDGDi59AQAMwMYOLn2tcJkoE6yB8W0zHPH_mXFjDjmbCtdPxIhF3letxV0NN&_nc_ohc=NdMnR9R_OYAQ7kNvwGhJtc9&_nc_oc=AdqxF1xsKD6Ofitwq_l9jwp0GmKMYL6UTyB-4y7uu4Oiv6waK9TeIek8vgHHMVFha-o&_nc_zt=24&_nc_ht=scontent.fcgk43-1.fna&_nc_gid=8oqdORPND8icoM1tVTUqdg&_nc_ss=7b2a8&oh=00_Af4RSJQ7x_6d4U0sig3hdN_03cL6Z6QIOvEg4kJufXvB8w&oe=6A1A373B,I Penk,"Cepat sembuh botol, biar bisa balik lagi",https://www.facebook.com/reel/1336508365019749/?comment_id=1462087335203461,0,0,0,05/25/2026 15:38:53,Facebook,facebook_comments_post_1.csv,cepat sembuh botol biar bisa balik lagi,7,2026-05-25 15:38:53
Y29tbWVudDoxMzE0MDM5MTM3NTg1Nzg5XzkyMjgyODQ3MDc2MjMyNQ==,61574423125877,https://scontent.fcgk43-1.fna.fbcdn.net/v/t39.30808-1/704307182_122159294480814104_4161855642426941735_n.jpg?stp=cp0_dst-jpg_s32x32_tt6&_nc_cat=103&ccb=1-7&_nc_sid=1d2534&_nc_eui2=AeFfqHDfmwpgZRkELxxAneC53rmtvptsTafeua2-m2xNp90-dnph9QqfvxxpUroBaOTvW-s9_G-Yh9n7IBm35Opa&_nc_ohc=0YOKzKA9cBUQ7kNvwGSHC-P&_nc_oc=AdoIrsMwNdRzkMFpyPAyqMaNHoyqcxtpmr-YCb5yLv8lvfujheC64zE5EGNTuFFIqYQ&_nc_zt=24&_nc_ht=scontent.fcgk43-1.fna&_nc_gid=8oqdORPND8icoM1tVTUqdg&_nc_ss=7b2a8&oh=00_Af7ArrPxyWCFthzZrTh-vvtmWZheDLY_o5tplOajvaGaUg&oe=6A1A1C3C,Lewys Charibow Unmehopa,misi kemanusiaan😅,https://www.facebook.com/reel/1336508365019749/?comment_id=922828470762325,0,0,0,05/25/2026 13:12:38,Facebook,facebook_comments_post_1.csv,misi kemanusiaan,2,2026-05-25 13:12:38
Y29tbWVudDoxMzE0MDM5MTM3NTg1Nzg5XzE1OTMyMjIwMDk0NzcxNzY=,100011638176434,https://scontent.fcgk43-1.fna.fbcdn.net/v/t39.30808-1/275117784_1549719945425930_338677903807664024_n.jpg?stp=c0.0.720.720a_cp0_dst-jpg_s32x32_tt6&_nc_cat=109&ccb=1-7&_nc_sid=e99d92&_nc_eui2=AeEonRaRRxX5YE8C8dp5xdZHHKoAN51c-pMcqgA3nVz6k-anqnor7gpC-af-CXmURF9unN_Lp8yU0_BBIisStuQf&_nc_ohc=T0qapg6MjesQ7kNvwHb_0gB&_nc_oc=AdoA7kNKYgg8Mn8UO8wsUpjousIb7WP06pdZ3vZR8iwOax-tLZOagOZ3CDyItXMeCik&_nc_zt=24&_nc_ht=scontent.fcgk43-1.fna&_nc_gid=8oqdORPND8icoM1tVTUqdg&_nc_ss=7b2a8&oh=00_Af6alBnVbQfsDLl_gw-hJ38jmUtOlEKM4vXuaQZd4Nt5yw&oe=6A1A2D47,Rahelti Daang,Pantas ada kondom ada cewek ikut,https://www.facebook.com/reel/1336508365019749/?comment_id=1593222009477176,0,0,1,05/22/2026 13:48:16,Facebook,facebook_comments_post_1.csv,pantas ada kondom ada cewek ikut,6,2026-05-22 13:48:16
Y29tbWVudDoxMzE0MDM5MTM3NTg1Nzg5XzEzNTYwNDkyMTMwODcwMjg=,100056078620239,https://scontent.fcgk43-1.fna.fbcdn.net/v/t39.30808-1/480327181_1091481439397800_5435192196889216507_n.jpg?stp=c0.0.864.864a_cp0_dst-jpg_s32x32_tt6&_nc_cat=106&ccb=1-7&_nc_sid=1d2534&_nc_eui2=AeHZuzppp7Bmlb4iQE0KZRc7COiSIT_FfYkI6JIhP8V9iW7rGRWVVPQOSmCYLkuN62aHqsdF0Rc3jm9pIuyxySti&_nc_ohc=oMiY-DHlUSIQ7kNvwHmp0Ut&_nc_oc=AdqYHPwS6bQFRQ4unHvc5L2NFv6Vagyyv9znUy40bdy9qD5Jq9PA9s3FrQBbGMD_Lis&_nc_zt=24&_nc_ht=scontent.fcgk43-1.fna&_nc_gid=ZChYWwWs8wAZ_QdM9Ep5Yg&_nc_ss=7b2a8&oh=00_Af5tl7qI7aqHYfazu-Kq97uyG6C3sBrmwWJ9FWQaqPf95g&oe=6A1A1BCE,Jambai Jambai,-Rahelti Daang PESTA SEX RASULLULLAH BERSAMA BIDADARI 😅😅😜,https://www.facebook.com/reel/1336508365019749/?comment_id=1593222009477176&reply_comment_id=1356049213087028,0,1,0,05/22/2026 20:40:57,Facebook,facebook_comments_post_1.csv,rahelti daang pesta sex rasullullah bersama bidadari,7,2026-05-22 20:40:57
Y29tbWVudDoxMzE0MDM5MTM3NTg1Nzg5XzIxMzAyODg1MjQ0MzEzMDM=,100001514628046,https://scontent.fcgk43-1.fna.fbcdn.net/v/t39.30808-1/464919501_8671828576210877_3474418356990495779_n.jpg?stp=c153.0.462.462a_cp0_dst-jpg_s32x32_tt6&_nc_cat=109&ccb=1-7&_nc_sid=e99d92&_nc_eui2=AeHqjnIGVS9RYe0xTWzRC8F2pClb3GMEsTikKVvcYwSxOIiSHzjdYw360x3_6eYVd2Ef4mzQhj13UvdpWEvoqAii&_nc_ohc=1UBnxDdR8TsQ7kNvwHK-9iV&_nc_oc=AdponTdZ1gu0iO4zXTcxzBC-OLObrIfKYh3IG7uLBJnH9FH-3fJjRVEBFujqTUZ6SuQ&_nc_zt=24&_nc_ht=scontent.fcgk43-1.fna&_nc_gid=8oqdORPND8icoM1tVTUqdg&_nc_ss=7b2a8&oh=00_Af7WBW3arfuHT9amKSeU_sh2cYq30Sy6wRxMpcnjRvTDuw&oe=6A1A3AA2,Heddy Sibarani,Wajar lah jika melawan di daerah negara orang lain....,https://www.facebook.com/reel/1336508365019749/?comment_id=2130288524431303,0,0,0,05/22/2026 14:22:25,Facebook,facebook_comments_post_1.csv,wajar lah jika melawan di daerah negara orang lain,9,2026-05-22 14:22:25
Y29tbWVudDoxMzE0MDM5MTM3NTg1Nzg5Xzk4NDQ5OTMyMzk1NTc3OA==,100013481432291,https://scontent.fcgk43-1.fna.fbcdn.net/v/t39.30808-1/462116201_2020087315117297_1969820453044848745_n.jpg?stp=cp0_dst-jpg_s32x32_tt6&_nc_cat=111&ccb=1-7&_nc_sid=e99d92&_nc_eui2=AeGzdlyBQ5qD7CXIPFhFHORtw_cN41VKd3TD9w3jVUp3dJigeghO3v8ju4B4VgJbh67Mwqmc1Yhd4Eo8q1gWgOUM&_nc_ohc=oq7Md0IDDM0Q7kNvwFLS549&_nc_oc=Ado_SItPX-8G46tMge8vw2M8T9RbmN61_-jllRgjAGLRMTH_CTo_w_zT1ox131ejC94&_nc_zt=24&_nc_ht=scontent.fcgk43-1.fna&_nc_gid=geLzchCuGRYXbLZQ-Ms5lg&_nc_ss=7b2a8&oh=00_Af4Xxl_d5nE3zj10TIwTpna4xj3zkDay4BgaXfMiBOsjcA&oe=6A1A2B59,Malik Manurung,"Dah tau zone perang, masih ngotot juga untuk masuk hahh..",https://www.facebook.com/reel/1336508365019749/?comment_id=984499323955778,1,0,0,05/22/2026 12:33:39,Facebook,facebook_comments_post_1.csv,dah tau zone perang masih ngotot juga untuk masuk hahh,10,2026-05-22 12:33:39
Y29tbWVudDoxMzE0MDM5MTM3NTg1Nzg5XzI2ODY5MTMwNTQyNzQzMzk1,100009372174482,https://scontent.fcgk43-1.fna.fbcdn.net/v/t39.30808-1/461191813_3918420558480311_7077786623955429783_n.jpg?stp=cp0_dst-jpg_s32x32_tt6&_nc_cat=104&ccb=1-7&_nc_sid=e99d92&_nc_eui2=AeEcbLF90WDBp6IhwfKU0yNUcENirmAO_tFwQ2KuYA7-0VCtXG1R-sO_imGftkYUBp9YPhl2OuJcxpH3n4fH4FDZ&_nc_ohc=H5nDLbAi7CYQ7kNvwEUpX9A&_nc_oc=AdoUDzynp3WBd3lheZAoUW2x-bQO0Jm_iHDzP641tpSkRGovRfth7P15T8PV3zavLVk&_nc_zt=24&_nc_ht=scontent.fcgk43-1.fna&_nc_gid=geLzchCuGRYXbLZQ-Ms5lg&_nc_ss=7b2a8&oh=00_Af4OL33HZNR_9szC1cJEX6jtrTsQCziOHP2X6XAgcOxTqA&oe=6A1A2215,Paijo Suherman,"Mau pamer makanya mereka pakai jalur suka2, padahal ada jalur resmi pemerintah",https://www.facebook.com/reel/1336508365019749/?comment_id=26869130542743395,0,0,0,05/22/2026 13:02:56,Facebook,facebook_comments_post_1.csv,mau pamer makanya mereka pakai jalur suka2 padahal ada jalur resmi pemerintah,12,2026-05-22 13:02:56
Y29tbWVudDoxMzE0MDM5MTM3NTg1Nzg5XzgzODE1OTU0OTM1ODE2NA==,100002853422342,https://scontent.fcgk43-1.fna.fbcdn.net/v/t39.30808-1/696275073_26207608772250880_960912604549519795_n.jpg?stp=cp6_dst-jpg_s32x32_tt6&_nc_cat=111&ccb=1-7&_nc_sid=e99d92&_nc_eui2=AeGBMsu1qP1o3HZf9ZwKnETmA93IPD7KqGwD3cg8PsqobLcTqRgD8OwUodH1GWL2vfrOr26_YeVtSbEzGD-lb2LM&_nc_ohc=9ZhVHh1wZDAQ7kNvwFirVkV&_nc_oc=Adpno-M2GxKGnFO3UkjAdvtJt-8kpb7j8ATiN-0aoYenu3gfmiAkIvMvHufJyypEg40&_nc_zt=24&_nc_ht=scontent.fcgk43-1.fna&_nc_gid=geLzchCuGRYXbLZQ-Ms5lg&_nc_ss=7b2a8&oh=00_Af6UmzzdJhU1PwURiCIzJ58G_y0oqN-kM4EOpw3US15m4A&oe=6A1A30D6,Togu Parulian,"mana bekas lebam
nya ketua itu gk seberapa di banding penyiksaan di konoha 😂😂😂",https://www.facebook.com/reel/1336508365019749/?comment_id=838159549358164,1,0,0,05/22/2026 15:27:27,Facebook,facebook_comments_post_1.csv,mana bekas lebam nya ketua itu gk seberapa di banding penyiksaan di konoha,13,2026-05-22 15:27:27
Y29tbWVudDoxMzE0MDM5MTM3NTg1Nzg5Xzk3NTM5MTcxMTc5Mjk4Nw==,100004309171118,https://scontent.fcgk43-1.fna.fbcdn.net/v/t39.30808-1/470203987_2907756489377962_8674962949304610943_n.jpg?stp=cp0_dst-jpg_p32x32_tt6&_nc_cat=110&ccb=1-7&_nc_sid=1d2534&_nc_eui2=AeHYAFiYB4AR4IuOtgU4mhCdnJJxeEtm3CCcknF4S2bcIBC8Vzt4Sm7j95_k1pSt2NBlfEsi3zwiVNOP3mldMc85&_nc_ohc=GzVZGEL7hcUQ7kNvwGqSech&_nc_oc=AdrJt2G40tssrPhZQo452nqMGFN903pDu3uLea5JSFZOusBHPM_wb302D5XfhCm878M&_nc_zt=24&_nc_ht=scontent.fcgk43-1.fna&_nc_gid=geLzchCuGRYXbLZQ-Ms5lg&_nc_ss=7b2a8&oh=00_Af5ibd9HPvxnu7BpPsMmPXftoXKJjzYGjnCW3tcvFKJRTw&oe=6A1A3E31,Sem Anthonius Meliala,Mana Foto2 dan Cerita Kalian ngasi bantuan utk warga Gaza oiiiii  Jangan hanya Cari Popularitas ooiiii,https://www.facebook.com/reel/1336508365019749/?comment_id=975391711792987,0,0,0,05/23/2026 19:40:38,Facebook,facebook_comments_post_1.csv,mana foto2 dan cerita kalian ngasi bantuan utk warga gaza oiiiii jangan hanya cari popularitas ooiiii,16,2026-05-23 19:40:38
Y29tbWVudDoxMzE0MDM5MTM3NTg1Nzg5XzE3NDIwMzUwNTA1Njk1NDU=,100026174814363,https://scontent.fcgk43-1.fna.fbcdn.net/v/t39.30808-1/546526935_1791464601736016_8963893614387435036_n.jpg?stp=cp0_dst-jpg_s32x32_tt6&_nc_cat=110&ccb=1-7&_nc_sid=1d2534&_nc_eui2=AeGH78fpTcozAgNH2mddK8w4HFTL5NZooKocVMvk1migqogS5vj3VbgyCbDo_QEbHOpDqhYsL2JktWRMPdhehun_&_nc_ohc=fEzPsA9jolsQ7kNvwHBlAgy&_nc_oc=AdrysuZz-vK50quqZI6qg5HPmO07YToePYc6FdmY3q7DajwVRrweENl6xsXIpMGF2v0&_nc_zt=24&_nc_ht=scontent.fcgk43-1.fna&_nc_gid=geLzchCuGRYXbLZQ-Ms5lg&_nc_ss=7b2a8&oh=00_Af56fDwcr0X0aYdL2xPMSuU-mWTr5tF9oK2g0_Fx0bOxFg&oe=6A1A21FF,Arlingga Perdana,Cerito opo to le le..... Tai,https://www.facebook.com/reel/1336508365019749/?comment_id=1742035050569545,0,0,0,05/23/2026 11:36:28,Facebook,facebook_comments_post_1.csv,cerito opo to le le tai,6,2026-05-23 11:36:28
Y29tbWVudDoxMzE0MDM5MTM3NTg1Nzg5XzE3MjUxODA3NDg4MzM3NDU=,100000461138195,https://scontent.fcgk43-1.fna.fbcdn.net/v/t39.30808-1/555510213_32105798302352125_4259312423812769793_n.jpg?stp=cp0_dst-jpg_s32x32_tt6&_nc_cat=105&ccb=1-7&_nc_sid=1d2534&_nc_eui2=AeGWBelWtDSrnY1y_PJkSSHLEqdZMuUKN4ISp1ky5Qo3gkMKXFwdxX8wflnduwLAejnL0vwGoaM9v5Xf0zM_UV-N&_nc_ohc=3BvGo-BpUIUQ7kNvwGhpB3N&_nc_oc=AdoVwSEpuOc0mZFjRnvwWFOh2nXA4d4VmU1VqCx6mrJA0_u5S3N8vX7PPfYimqaQkzc&_nc_zt=24&_nc_ht=scontent.fcgk43-1.fna&_nc_gid=geLzchCuGRYXbLZQ-Ms5lg&_nc_ss=7b2a8&oh=00_Af468ZEsRNwiwhtsodc-ZZigyhqs4qDnbAdHHbYeUVZ1zg&oe=6A1A0E69,Benny Suatan,Bela tuh suku2 di Papua yg tanahnya di ambil paksa,https://www.facebook.com/reel/1336508365019749/?comment_id=1725180748833745,0,0,1,05/22/2026 14:24:57,Facebook,facebook_comments_post_1.csv,bela tuh suku2 di papua yg tanahnya di ambil paksa,10,2026-05-22 14:24:57
Y29tbWVudDoxMzE0MDM5MTM3NTg1Nzg5Xzk5NDgzMTQ1MzA0ODg5Nw==,100005110158485,https://scontent.fcgk43-1.fna.fbcdn.net/v/t39.30808-1/414889824_2543024705877843_7870184109990078320_n.jpg?stp=c0.0.411.411a_cp0_dst-jpg_s32x32_tt6&_nc_cat=109&ccb=1-7&_nc_sid=e99d92&_nc_eui2=AeGqKqAmrRO7pxGy5xE6fySgRGvhKiLtQs9Ea-EqIu1Cz7PoXqmKWRU6f3eeIw7w7GtwFIW8rwoGf-38rbooFTgJ&_nc_ohc=Lk2iE8AKbW0Q7kNvwGhrCdM&_nc_oc=Ado-cMd3CkSWd0sCqX7lo8-w40ALxBwAVl9od4X4rkdFKjeqBrPfOtuSpPAqlH33gEs&_nc_zt=24&_nc_ht=scontent.fcgk43-1.fna&_nc_gid=baR5iTkuCcABuvelhkGmPQ&_nc_ss=7b2a8&oh=00_Af4YT4id5PONi_CEBVepbE_K3ZpH7DdUEpjn0ypbqzi2UQ&oe=6A1A0EF0,Ida Lilio,-Benny Suatan #PAPUANKRI🇮🇩,https://www.facebook.com/reel/1336508365019749/?comment_id=1725180748833745&reply_comment_id=994831453048897,1,1,0,05/22/2026 17:19:44,Facebook,facebook_comments_post_1.csv,benny suatan,2,2026-05-22 17:19:44
Y29tbWVudDoxMzE0MDM5MTM3NTg1Nzg5XzQzMjEwMjgyMTgxNDU4OTI=,1742925358,https://scontent.fcgk43-1.fna.fbcdn.net/v/t1.6435-1/107061181_10207731583724584_4183666888196033632_n.jpg?stp=cp0_dst-jpg_s32x32_tt6&_nc_cat=111&ccb=1-7&_nc_sid=e99d92&_nc_eui2=AeEvJZsPMfD-s483kvsvi0J8TNKm0y9t9JFM0qbTL230kS3F-QQJ-xi9SVCQffjHl1Nb4GJK773AUw2qFl_kBZsq&_nc_ohc=e4fZhG6hAUAQ7kNvwG2HWv6&_nc_oc=AdoyZiHcwBFJHEEJLJxw9C73OpVlkcH9_-YHwzF4jXXiNiF7UAfu6zNE_lFRYuKjCmY&_nc_zt=24&_nc_ht=scontent.fcgk43-1.fna&_nc_gid=geLzchCuGRYXbLZQ-Ms5lg&_nc_ss=7b2a8&oh=00_Af4Pbpa2jXKQ6wHRxeo5O6MMxkqVq7PhDiFuAmzT5LrgVg&oe=6A3BAE4B,Novita,"Yg salah elu ,yg disalahkan malah sononya.kudunya kan mengakuin klo salah too..",https://www.facebook.com/reel/1336508365019749/?comment_id=4321028218145892,0,0,0,05/24/2026 10:30:11,Facebook,facebook_comments_post_1.csv,yg salah elu yg disalahkan malah sononya kudunya kan mengakuin klo salah too,13,2026-05-24 10:30:11
Y29tbWVudDoxMzE0MDM5MTM3NTg1Nzg5XzE2NDM0Njg4NTAwOTk1ODM=,100027835089421,https://scontent.fcgk43-1.fna.fbcdn.net/v/t1.6435-1/79257778_470078033930029_7223156546782363648_n.jpg?stp=c0.18.540.540a_cp0_dst-jpg_s32x32_tt6&_nc_cat=107&ccb=1-7&_nc_sid=e99d92&_nc_eui2=AeFotm-ve36x4nOYg8UBkL1UGi6UV5QOt6gaLpRXlA63qKdepB4fslc7oxZtSdBBR3hS8ZOm_-XzeiqZVDPgVB8r&_nc_ohc=RoqJzV8BoR4Q7kNvwFt691p&_nc_oc=Ado8ruJa4BVSi7MgekebeUZIPfT7hkW2bTHUB5UC4U2RAJKlVqwK24iy2Rm2C-1PgzM&_nc_zt=24&_nc_ht=scontent.fcgk43-1.fna&_nc_gid=geLzchCuGRYXbLZQ-Ms5lg&_nc_ss=7b2a8&oh=00_Af4O5ftmwXS7ff6jIeAm0X3izqjE_z3n0e4wsNISkz1-DQ&oe=6A3BB01C,Anderman Matarah,Kuat jua cerita bohong nya,https://www.facebook.com/reel/1336508365019749/?comment_id=1643468850099583,0,0,0,05/22/2026 14:42:04,Facebook,facebook_comments_post_1.csv,kuat jua cerita bohong nya,5,2026-05-22 14:42:04
Y29tbWVudDoxMzE0MDM5MTM3NTg1Nzg5Xzk4ODk4OTQzMzkyMzE0Mw==,1629559028,https://scontent.fcgk43-1.fna.fbcdn.net/v/t39.30808-1/488977254_10225136026781004_6869426102737086261_n.jpg?stp=cp0_dst-jpg_s32x32_tt6&_nc_cat=109&ccb=1-7&_nc_sid=1d2534&_nc_eui2=AeEmELXRnAoT6YrioPum7oDEu9iH5SysN5S72IflLKw3lKSNLJRnzN2iFTwRk9UKKIZw-JjVZZXmyt2YOEToudp4&_nc_ohc=bqi5OT3-UekQ7kNvwEMvlCA&_nc_oc=AdoTf9zMHs8gKrrhcl6xcN8oAlwnEv8SvI15ut4zB9wdfqOlr9V8ik6oO3dPps4ES3s&_nc_zt=24&_nc_ht=scontent.fcgk43-1.fna&_nc_gid=geLzchCuGRYXbLZQ-Ms5lg&_nc_ss=7b2a8&oh=00_Af7q5uHxLoxH93dbh37GN3FU1uskNB_ACSa-HLzP9KOdAg&oe=6A1A140B,Prince Charles Tomy Juntak,"Selamat buat kalian yg akan jadi Terkenal dan akan banyak yg simPATI mungkin kalian nanti bisa jadi menteri, , yg penting selamat sukses dan akan terkenal di negeri konoha",https://www.facebook.com/reel/1336508365019749/?comment_id=988989433923143,0,0,0,05/22/2026 17:01:29,Facebook,facebook_comments_post_1.csv,selamat buat kalian yg akan jadi terkenal dan akan banyak yg simpati mungkin kalian nanti bisa jadi menteri yg penting selamat sukses dan akan terkenal di negeri konoha,28,2026-05-22 17:01:29
Y29tbWVudDoxMzE0MDM5MTM3NTg1Nzg5XzE2MjA3OTQ4MzIzNDMzMTA=,100009364321614,https://scontent.fcgk43-1.fna.fbcdn.net/v/t39.30808-1/474949394_4036447843343987_4522576522756122741_n.jpg?stp=cp0_dst-jpg_s32x32_tt6&_nc_cat=106&ccb=1-7&_nc_sid=1d2534&_nc_eui2=AeEIfn_dBMtcsiRWXzU_ipJhSdCEmf1b83FJ0ISZ_VvzcZoK5F1ivNnfidgkcNtm7Z5cyKcahfc4oBJsYpZ2W_2_&_nc_ohc=fOPbxNQYQ60Q7kNvwHllXn8&_nc_oc=AdquUk418UNdPDF2gvuHNgLtbYF0eNM0jRxB9K_9rfY29rA5x5LjrikxXtQTu3l5uWU&_nc_zt=24&_nc_ht=scontent.fcgk43-1.fna&_nc_gid=geLzchCuGRYXbLZQ-Ms5lg&_nc_ss=7b2a8&oh=00_Af5bd3r6DivR45sAEs43TB3Gk-jaC6I6Z4lEP1h2Q_0DQw&oe=6A1A1965,Terezka Batik,"Tdk nampak akibat kekerasan, tp nampak gembira. Bahkan semangat cerita hiperbola.",https://www.facebook.com/reel/1336508365019749/?comment_id=1620794832343310,1,0,0,05/25/2026 08:20:42,Facebook,facebook_comments_post_1.csv,tdk nampak akibat kekerasan tp nampak gembira bahkan semangat cerita hiperbola,11,2026-05-25 08:20:42
Y29tbWVudDoxMzE0MDM5MTM3NTg1Nzg5XzE2NTQ0NzUyMTU3NTkxNzg=,100046715321483,https://scontent.fcgk43-1.fna.fbcdn.net/v/t1.6435-1/83749433_105487254351785_3181697547945115648_n.jpg?stp=c0.200.1200.1200a_cp0_dst-jpg_s32x32_tt6&_nc_cat=100&ccb=1-7&_nc_sid=e99d92&_nc_eui2=AeHHFOmcihBcbQ8oXq2aGBW0SM35jbZiD0lIzfmNtmIPSc9oak_X2VKW4iNqt79xmV8O9FaNZ_PqbyPqLq8CCxNu&_nc_ohc=9pCqzY3iOj8Q7kNvwGJE6_X&_nc_oc=AdpgJiG58JAwNN1MKlt0okuZ_ZTokrR6WfpV_D4uREqUGqGWT3tDKkTyV4QMkqxI9xM&_nc_zt=24&_nc_ht=scontent.fcgk43-1.fna&_nc_gid=p-QhvUdtqQKcCsBUMmhnAQ&_nc_ss=7b2a8&oh=00_Af4kpVcMdotk_iFxJOvRDdFTmHkPqSuo6Fhkx6o5ktP83A&oe=6A3BD916,Syawal,Lapor ke Trump dan BoP,https://www.facebook.com/reel/1336508365019749/?comment_id=1654475215759178,0,0,0,05/22/2026 14:23:31,Facebook,facebook_comments_post_1.csv,lapor ke trump dan bop,5,2026-05-22 14:23:31
Y29tbWVudDoxMzE0MDM5MTM3NTg1Nzg5XzE3NjA0NDg4ODIwMDMyNjU=,100000835727135,https://scontent.fcgk43-1.fna.fbcdn.net/v/t39.30808-1/525490678_24204169419194245_5936315669487715380_n.jpg?stp=c10.0.770.770a_cp0_dst-jpg_s32x32_tt6&_nc_cat=111&ccb=1-7&_nc_sid=1d2534&_nc_eui2=AeEx13Go2jmkJAjWeBnbQuh_WGyeLDP2SvJYbJ4sM_ZK8i0o5RwOOnMWJWw1l2YPzefIRDnLNUSbYzRzVk12zMHa&_nc_ohc=p16a60jnhDcQ7kNvwHS5wPN&_nc_oc=AdqdRAtH1SVg0oouwhqDhSNtrctVq-kkLzwD3FSuiJt2RV9U_PdZMEaJ-IS3Ot7tw6c&_nc_zt=24&_nc_ht=scontent.fcgk43-1.fna&_nc_gid=p-QhvUdtqQKcCsBUMmhnAQ&_nc_ss=7b2a8&oh=00_Af54EaEjhkj-XWPS62e9sAXKy5t6MHo6VyTjLZ92wfDU7Q&oe=6A1A27F4,Nazeer Ilham,Yang ngasih emot ketawa taulah ya,https://www.facebook.com/reel/1336508365019749/?comment_id=1760448882003265,1,0,0,05/22/2026 15:06:15,Facebook,facebook_comments_post_1.csv,yang ngasih emot ketawa taulah ya,6,2026-05-22 15:06:15
Y29tbWVudDoxMzE0MDM5MTM3NTg1Nzg5XzE1MTMxNzQ2MDcwNjE3ODg=,100002377723171,https://scontent.fcgk43-1.fna.fbcdn.net/v/t39.30808-1/464697754_8610580325697806_5118782530725940979_n.jpg?stp=cp0_dst-jpg_s32x32_tt6&_nc_cat=104&ccb=1-7&_nc_sid=1d2534&_nc_eui2=AeEiPPmG7OVdoNwmFdd_yunxA3GDXxt9m_gDcYNfG32b-KnWqkqRlSOaZtTJXcihyU5uuvw6lQAJ3ZO3paXnrqdu&_nc_ohc=Qd37BQdgtkgQ7kNvwHxX0bh&_nc_oc=Adq1w8XKE9I1aT9f9Gz6NFrcCjq7r67Xr-4R7qvWXza8zbCVVmjM2P9Up8U7r_P38og&_nc_zt=24&_nc_ht=scontent.fcgk43-1.fna&_nc_gid=p-QhvUdtqQKcCsBUMmhnAQ&_nc_ss=7b2a8&oh=00_Af7rtibAx8tsfws_0uOXm4g2z5E2sWIRNRrflCjPevBZSA&oe=6A1A24D1,Dedi M Gea,"Semangat mas, seminggu atau bbrp hari pergi kesana lagi mas. Siapa tau rezeki bisa lolos...
Mumpung masii semangat2nya...,jadi terobossssss sj",https://www.facebook.com/reel/1336508365019749/?comment_id=1513174607061788,1,0,0,05/23/2026 09:01:53,Facebook,facebook_comments_post_1.csv,semangat mas seminggu atau bbrp hari pergi kesana lagi mas siapa tau rezeki bisa lolos mumpung masii semangat2nya jadi terobossssss sj,21,2026-05-23 09:01:53
Y29tbWVudDoxMzE0MDM5MTM3NTg1Nzg5Xzk5MDUxNzIyMzQ0NjgyMg==,100083375028561,https://scontent.fcgk43-1.fna.fbcdn.net/v/t39.30808-1/687994444_969091529213339_4872204469124359196_n.jpg?stp=cp0_dst-jpg_s32x32_tt6&_nc_cat=105&ccb=1-7&_nc_sid=1d2534&_nc_eui2=AeH_WdGNmZPodbJ5xilaYd-g7H7W9gASOJTsftb2ABI4lFLEpa4Xx1FD-7wjuof-grws8E5BAsZEiRaxv58hmgQ8&_nc_ohc=F1N2eN56nFsQ7kNvwFUpvAY&_nc_oc=AdpFrUtEazeKGcEEWBt82k9pg6RYn16YQpScP6FXwHXaEKN5F2P1guvNAX9hoQUilTE&_nc_zt=24&_nc_ht=scontent.fcgk43-1.fna&_nc_gid=p-QhvUdtqQKcCsBUMmhnAQ&_nc_ss=7b2a8&oh=00_Af561hiIfwDYI5eo6Bg9bekCRIZ4dHHOEmiU_VCjX7F2sw&oe=6A1A28FE,Kissmen Kakomba,"Kelihatan ceria yahh 😭😭
Kayak ngak ada trauma biar dikit 😭😭😭",https://www.facebook.com/reel/1336508365019749/?comment_id=990517223446822,0,0,0,05/25/2026 09:36:21,Facebook,facebook_comments_post_1.csv,kelihatan ceria yahh kayak ngak ada trauma biar dikit,9,2026-05-25 09:36:21
Y29tbWVudDoxMzE0MDM5MTM3NTg1Nzg5XzIwMjA1NjQ1NDUyMjUzOTQ=,100053735950097,https://scontent.fcgk43-1.fna.fbcdn.net/v/t39.30808-1/418280840_894329759034881_6987359954090077378_n.jpg?stp=cp0_dst-jpg_s32x32_tt6&_nc_cat=104&ccb=1-7&_nc_sid=e99d92&_nc_eui2=AeFG6pVON97RLO3Mr1ovBRUImZUdUSBMsWyZlR1RIEyxbIYzzCYf6t8kL7zg14H5e0bbbbmk0eaYwQtd7uUbPxhm&_nc_ohc=LNSs1_MRutMQ7kNvwGdD1vz&_nc_oc=AdqGWVY97dlIMqUQweFtJuq934fqztLM1nibiKaTvUWmYihj_z-6gDlFZriiU0lteCM&_nc_zt=24&_nc_ht=scontent.fcgk43-1.fna&_nc_gid=p-QhvUdtqQKcCsBUMmhnAQ&_nc_ss=7b2a8&oh=00_Af6Zwv85Ur119IgYoGMfGOAVoWccImtErfXhgbNCvszOEw&oe=6A1A1919,Trubus Darmanto,Trs ..bop kmrin...apa kbrmya,https://www.facebook.com/reel/1336508365019749/?comment_id=2020564545225394,0,0,0,05/22/2026 12:40:02,Facebook,facebook_comments_post_1.csv,trs bop kmrin apa kbrmya,5,2026-05-22 12:40:02
Y29tbWVudDoxMzE0MDM5MTM3NTg1Nzg5Xzg2Mzk4ODQxNjc1NzM0Ng==,100009151636302,https://scontent.fcgk43-1.fna.fbcdn.net/v/t39.30808-1/465599245_3709376059377412_8690515519403655351_n.jpg?stp=cp0_dst-jpg_s32x32_tt6&_nc_cat=105&ccb=1-7&_nc_sid=1d2534&_nc_eui2=AeGYKx4K0i5pKBgEOqh6gitoiSqqusFeH2KJKqq6wV4fYtRwIRiIotlY1kSu6gVKrscs4UYoWuvhzZF9CWhiRvsT&_nc_ohc=RSXW2eh8UPcQ7kNvwF-_SeJ&_nc_oc=AdoBT-gcAYfZMJbw1j3j6Kz8lsKt6IfxekPzsx9JZieCq0iXSvHB7rUpiR57oJ3CHJ4&_nc_zt=24&_nc_ht=scontent.fcgk43-1.fna&_nc_gid=p-QhvUdtqQKcCsBUMmhnAQ&_nc_ss=7b2a8&oh=00_Af7wIryMhxTQEAgfRvuSsWSVbIaC4GpCI9-JRBpno7Ft1Q&oe=6A1A1839,Habel Djo Radja,tobat gak tuh..🙏🙏☺,https://www.facebook.com/reel/1336508365019749/?comment_id=863988416757346,0,0,0,05/22/2026 12:30:42,Facebook,facebook_comments_post_1.csv,tobat gak tuh,3,2026-05-22 12:30:42
Y29tbWVudDoxMzE0MDM5MTM3NTg1Nzg5XzE2MjU3MzEyMjg3Mjk3MTY=,100095214343382,https://scontent.fcgk43-1.fna.fbcdn.net/v/t39.30808-1/509265217_560125733837900_2570220909317607191_n.jpg?stp=cp0_dst-jpg_s32x32_tt6&_nc_cat=100&ccb=1-7&_nc_sid=1d2534&_nc_eui2=AeFVKen2jNU7SaXVW_Hpyr04284MDXMI9BXbzgwNcwj0FfF264Oq59ezv7huymwQx7wRRV1RS8pgNy5cE0SFq5rM&_nc_ohc=cZ7Ymvoo-SoQ7kNvwEkwhu3&_nc_oc=Adpplhc2z27deRFKLrcmo2utdh4PdbMpddu3TMueX24BmS9PYGh79WzEB8faXKDLclk&_nc_zt=24&_nc_ht=scontent.fcgk43-1.fna&_nc_gid=p-QhvUdtqQKcCsBUMmhnAQ&_nc_ss=7b2a8&oh=00_Af5lENwDewCWJAEY8ARzOvUelrPPEVNBNfVj7Vx-DmQCuw&oe=6A1A36E3,Daeng Jalur,kalian jg ngapain ksna cari masalah.,https://www.facebook.com/reel/1336508365019749/?comment_id=1625731228729716,1,0,0,05/22/2026 13:04:10,Facebook,facebook_comments_post_1.csv,kalian jg ngapain ksna cari masalah,6,2026-05-22 13:04:10
Y29tbWVudDoxMzE0MDM5MTM3NTg1Nzg5Xzk2NTA2MjIyNjI4MTQ4MA==,61558186349778,https://scontent.fcgk43-1.fna.fbcdn.net/v/t1.30497-1/453178253_471506465671661_2781666950760530985_n.png?stp=cp0_dst-png_s32x32&_nc_cat=1&ccb=1-7&_nc_sid=136b72&_nc_eui2=AeFGFJyZaqPRpiRyZpRgbwBxWt9TLzuBU1Ba31MvO4FTUL8HxY2QiwXJTv5p9XLa_dMvsgUnsVhkID7reG3SHs4m&_nc_ohc=K7kB_z34aKIQ7kNvwGwMh4l&_nc_oc=AdoeRvRCc-dRS6STrqswcPaVUjYROipM-o0xx_uEpRLNOkn3nhaXfkhQ1Ta8l88uu3s&_nc_zt=24&_nc_ht=scontent.fcgk43-1.fna&_nc_ss=7b2a8&oh=00_Af77HaaZ7AUOKsyS6yIS8OKM5VEEjFCyUJR3RO1DqE9ogA&oe=6A3BD37A,Broo Gandos,Bangga dan sombong,https://www.facebook.com/reel/1336508365019749/?comment_id=965062226281480,2,0,0,05/22/2026 12:25:26,Facebook,facebook_comments_post_1.csv,bangga dan sombong,3,2026-05-22 12:25:26
Y29tbWVudDoxMzE0MDM5MTM3NTg1Nzg5XzI2OTU2MDE4MjM0MDU3ODA0,61576929023730,https://scontent.fcgk43-1.fna.fbcdn.net/v/t39.30808-1/503833468_122105659010897634_5621525361450522225_n.jpg?stp=cp0_dst-jpg_s32x32_tt6&_nc_cat=101&ccb=1-7&_nc_sid=e99d92&_nc_eui2=AeFwsHPuJ5_fgfAoWWqErKIwzTu_1us9q1LNO7_W6z2rUpIYEY-NUHTj5veXvqMFxf65TU1yhee8wjtZ7IxGhzWb&_nc_ohc=kuQO0nVYxuwQ7kNvwGbiIUa&_nc_oc=AdpnK_0c1oBQru8tGqq4bsKlznkphYWznc68ZQmyEFI-BDP186IDDA7RFPO-reHYVXA&_nc_zt=24&_nc_ht=scontent.fcgk43-1.fna&_nc_gid=p-QhvUdtqQKcCsBUMmhnAQ&_nc_ss=7b2a8&oh=00_Af4p_IM8SEaek1MLvLzaz-cl020u9pmtQNowkLk2vVPOTQ&oe=6A1A2B6F,Pieter Talahatu,inilah pahlawan tai lasu🤣,https://www.facebook.com/reel/1336508365019749/?comment_id=26956018234057804,0,0,0,05/22/2026 18:38:16,Facebook,facebook_comments_post_1.csv,inilah pahlawan tai lasu,4,2026-05-22 18:38:16
Y29tbWVudDoxMzE0MDM5MTM3NTg1Nzg5XzIwMTczODEwNzU1NTkzMDA=,100005901075097,https://scontent.fcgk43-1.fna.fbcdn.net/v/t39.30808-1/603805612_3063378240535515_3689503645691589379_n.jpg?stp=cp0_dst-jpg_s32x32_tt6&_nc_cat=109&ccb=1-7&_nc_sid=e99d92&_nc_eui2=AeHnVo4Y2SHwpK-vauVMf20cBm2brjFYHTYGbZuuMVgdNuVmfeL7nBSxBGmRfrPwFxPqO8GCKXpFsu3SQ7VdGT2B&_nc_ohc=8IALgS2WLPoQ7kNvwHJv01I&_nc_oc=AdrgMbYEaC39tFVlN2LuhZHc9ubxjYa4Yyig1az4O-8nEEYznf7QqcJdqx_ZciCaM8M&_nc_zt=24&_nc_ht=scontent.fcgk43-1.fna&_nc_gid=p-QhvUdtqQKcCsBUMmhnAQ&_nc_ss=7b2a8&oh=00_Af57gwuATv4LIfcxR6AFV2Iax6fD5VhsDUcoUqtZU80ZlQ&oe=6A1A3633,Ahmad Ependi,"Gblk, ngapin kau kesana 😂",https://www.facebook.com/reel/1336508365019749/?comment_id=2017381075559300,1,0,0,05/22/2026 12:46:29,Facebook,facebook_comments_post_1.csv,gblk ngapin kau kesana,4,2026-05-22 12:46:29
Y29tbWVudDoxMzE0MDM5MTM3NTg1Nzg5Xzc4Njk4OTM2MTAzNDk2MA==,100089984987928,https://scontent.fcgk43-1.fna.fbcdn.net/v/t39.30808-1/528742628_729513516724808_1850228701086291041_n.jpg?stp=cp0_dst-jpg_s32x32_tt6&_nc_cat=108&ccb=1-7&_nc_sid=e99d92&_nc_eui2=AeEZeIe8wCKKHi3t4qlAe7my-ePfZ0ggm535499nSCCbne2N3fYeRPBLBJSQVLziR1VR2CRqBrWLnN5SYMGNPMf7&_nc_ohc=FmYbzhjK38kQ7kNvwFaXKLg&_nc_oc=AdoiI-qymCHPbZDrA2REqMzEIHDui-g5J4V1N_B4Hwj8iA263Y8zrb0IqlqbC8ycz88&_nc_zt=24&_nc_ht=scontent.fcgk43-1.fna&_nc_gid=2dUpBuxktckbFfG9nFkGdg&_nc_ss=7b2a8&oh=00_Af5H4A5tjTD8R2pUlassSfJm65_vZ-aSiLtyclIX06k2lA&oe=6A1A1804,Woro Nur Pangastuti,Drama ...drama biar menjadi topeng atas rasa malu mereka dan berharap empati dari kebodohan mereka sendiri,https://www.facebook.com/reel/1336508365019749/?comment_id=786989361034960,0,0,0,05/24/2026 14:28:46,Facebook,facebook_comments_post_1.csv,drama drama biar menjadi topeng atas rasa malu mereka dan berharap empati dari kebodohan mereka sendiri,16,2026-05-24 14:28:46
Y29tbWVudDoxMzE0MDM5MTM3NTg1Nzg5Xzk1OTcyMTM4MDE2MTcwNA==,100008653747600,https://scontent.fcgk43-1.fna.fbcdn.net/v/t39.30808-1/461840023_3611934095771680_2773000408174324003_n.jpg?stp=cp0_dst-jpg_s32x32_tt6&_nc_cat=101&ccb=1-7&_nc_sid=e99d92&_nc_eui2=AeF5by_SGSQrfmnxz875Bl5AvGr0MbaP9yi8avQxto_3KEBnQvJ4QtFvYxNzVqNf_TeeBpB3N1EllqNZGGvlPBWN&_nc_ohc=ZUaRRUTdnxwQ7kNvwHb0kpP&_nc_oc=AdrgXp5ewrFWyXqgsiDeyYUzajVS_q0O4Zy4Gm8IwxSJeUJOe1jsFDNFkm3Rj0DXhNI&_nc_zt=24&_nc_ht=scontent.fcgk43-1.fna&_nc_gid=2dUpBuxktckbFfG9nFkGdg&_nc_ss=7b2a8&oh=00_Af69elBiscjbG10iYYFjyHlXpQ82Z722mX-F6gtEKQvT4Q&oe=6A1A1F82,Zidane Jihan Simatupang,"Langsung tunjukkan bekas penyiksaannya. 
Pasti ada bekas memarnya di badan kan? 
Biar kta adukan sma Komnas Pak Pigai😂😂😂😂",https://www.facebook.com/reel/1336508365019749/?comment_id=959721380161704,0,0,0,05/23/2026 14:55:18,Facebook,facebook_comments_post_1.csv,langsung tunjukkan bekas penyiksaannya pasti ada bekas memarnya di badan kan biar kta adukan sma komnas pak pigai,18,2026-05-23 14:55:18
Y29tbWVudDoxMzE0MDM5MTM3NTg1Nzg5Xzg2MDQ5Nzg1OTc5MTQ0Nw==,100001873867091,https://scontent.fcgk43-1.fna.fbcdn.net/v/t39.30808-1/364025797_9605909779481389_710402640144407244_n.jpg?stp=cp0_dst-jpg_s32x32_tt6&_nc_cat=109&ccb=1-7&_nc_sid=1d2534&_nc_eui2=AeFKja_SY0EQfbGAdkTbWFhAV0yJmvQFfD1XTIma9AV8PRXm5lNWe1Nr9Us_GRMvS5AbS2luUC5fnksrCYurewHM&_nc_ohc=Xy1nEYwF0uYQ7kNvwEBgR2I&_nc_oc=AdpR5mrewv5Xr1HviTq8pclUsmvm0OsjRDe4jLNSy9p4arY8VmwS2-UNitIgThxsszE&_nc_zt=24&_nc_ht=scontent.fcgk43-1.fna&_nc_gid=2dUpBuxktckbFfG9nFkGdg&_nc_ss=7b2a8&oh=00_Af6e_8PVBRMRUOzkTgLMG9v3Ha-MNnTz3GT3jnWp7NbRYQ&oe=6A1A26D8,Edward Wandy Sinaga,Dari cara cerita sih kelihatana ga dicukik tapi kayanya berbuat saallah trus ditangkap hahahha mukanya agak songong pas cerita bukan muka orang habis dibebasin dari penyanderaan haha,https://www.facebook.com/reel/1336508365019749/?comment_id=860497859791447,0,0,0,05/22/2026 15:29:39,Facebook,facebook_comments_post_1.csv,dari cara cerita sih kelihatana ga dicukik tapi kayanya berbuat saallah trus ditangkap hahahha mukanya agak songong pas cerita bukan muka orang habis dibebasin dari penyanderaan haha,27,2026-05-22 15:29:39
Y29tbWVudDoxMzE0MDM5MTM3NTg1Nzg5XzI3MjAzNjg5NjUyNTc2MDAz,100000000439514,https://scontent.fcgk43-1.fna.fbcdn.net/v/t1.6435-1/33693860_1939953806014615_418341453991772160_n.jpg?stp=c0.15.473.473a_cp0_dst-jpg_s32x32_tt6&_nc_cat=102&ccb=1-7&_nc_sid=1d2534&_nc_eui2=AeHdKi9EfUbg3m_v4Y5kX_93F8i4tH7htvcXyLi0fuG290ilsBvEqDQobADwyRWg7sge51KlNeAzTzoU5LY4kLcJ&_nc_ohc=EQyLRolRI9gQ7kNvwEmtYBw&_nc_oc=Adq9-gZTlJXFRERZjpCjb1Tlxe60WLO_wwjhLg2BKHblMZE4s9xs_IocnUrMa0L4-2I&_nc_zt=24&_nc_ht=scontent.fcgk43-1.fna&_nc_gid=2dUpBuxktckbFfG9nFkGdg&_nc_ss=7b2a8&oh=00_Af5Y0WS_DHXvkrmYbSa_B1KJirnPnsrvaYx8bT4zZTNY5A&oe=6A3BCADE,Simeone Mendila,Klw di pukul pasti ada bekas,https://www.facebook.com/reel/1336508365019749/?comment_id=27203689652576003,0,0,0,05/22/2026 14:24:41,Facebook,facebook_comments_post_1.csv,klw di pukul pasti ada bekas,6,2026-05-22 14:24:41
Y29tbWVudDoxMzE0MDM5MTM3NTg1Nzg5XzE2NDUxMjAyNDAxMTMyMDY=,100015239469004,https://scontent.fcgk43-1.fna.fbcdn.net/v/t39.30808-1/309587557_1510029846181650_6591136523616086452_n.jpg?stp=c0.0.867.867a_cp0_dst-jpg_s32x32_tt6&_nc_cat=109&ccb=1-7&_nc_sid=e99d92&_nc_eui2=AeGqquLgm3QWyXJGYYmG8p-KUmXpElQoFLBSZekSVCgUsCKT5-XPbPdj7mscgfiD4r09P8CRjX-D1GzVToElYqW0&_nc_ohc=JhddNPmrQ2AQ7kNvwH_31G2&_nc_oc=Adp6tX51U5sKYgYtUnZZQOFg90j3rhnf1_bdchHjD40H77z4ZZiILNTnxHqtUkEvkS0&_nc_zt=24&_nc_ht=scontent.fcgk43-1.fna&_nc_gid=2dUpBuxktckbFfG9nFkGdg&_nc_ss=7b2a8&oh=00_Af7FnUSonOAlgES_rZBc8aGFdHrqzeC7mWeDeNi2T6HuCg&oe=6A1A27C5,Rudy Mart,"katanya dianiaya tapi liat semangatnya cerita itu hiperbola x la....badan mulus wajah licin
begitulah nasib pahlawan kesiangan",https://www.facebook.com/reel/1336508365019749/?comment_id=1645120240113206,0,0,0,05/25/2026 11:38:26,Facebook,facebook_comments_post_1.csv,katanya dianiaya tapi liat semangatnya cerita itu hiperbola x la badan mulus wajah licin begitulah nasib pahlawan kesiangan,18,2026-05-25 11:38:26
Y29tbWVudDoxMzE0MDM5MTM3NTg1Nzg5XzExODAzNjU4OTE0MTQwNTk=,100048049422703,https://scontent.fcgk43-1.fna.fbcdn.net/v/t39.30808-1/565312688_1303594704585498_3972902149825770495_n.jpg?stp=c267.0.1066.1066a_cp0_dst-jpg_s32x32_tt6&_nc_cat=100&ccb=1-7&_nc_sid=e99d92&_nc_eui2=AeEj61avPZ6zOd1mTzW_K3_R2LmkbJy1E1PYuaRsnLUTU77NqrGsLAEyfCVClCWZ745-pRaayR_roHDb5FgY6vn4&_nc_ohc=fI2kyj084xYQ7kNvwGC-hCg&_nc_oc=AdrNqjarMdOBxHsGBP_Z3vAQe2hIS5ueDEE4fNYMhs398o4E5V38xvCfMnbG4AKvzO0&_nc_zt=24&_nc_ht=scontent.fcgk43-1.fna&_nc_gid=2dUpBuxktckbFfG9nFkGdg&_nc_ss=7b2a8&oh=00_Af5HnOjOC58vBZBnKeJx8v9uN4ewlyqxgwyM8XB3VkC6Tg&oe=6A1A3BD2,Naldo Hatulely Namotemo,Hrsnya kalian bersyukur masih bisa liat negara Konoha nda USA mo cari-cari muka masa warga bisa bikin bodo petinggi negara ane🤣,https://www.facebook.com/reel/1336508365019749/?comment_id=1180365891414059,0,0,0,05/25/2026 06:59:25,Facebook,facebook_comments_post_1.csv,hrsnya kalian bersyukur masih bisa liat negara konoha nda usa mo cari cari muka masa warga bisa bikin bodo petinggi negara ane,22,2026-05-25 06:59:25
Y29tbWVudDoxMzE0MDM5MTM3NTg1Nzg5XzI2NTc5Mjc4MTExNzcxMjQ0,100056309485670,https://scontent.fcgk43-1.fna.fbcdn.net/v/t39.30808-1/324403339_899956571141499_1290021192901844234_n.jpg?stp=cp0_dst-jpg_s32x32_tt6&_nc_cat=109&ccb=1-7&_nc_sid=1d2534&_nc_eui2=AeHa9Tr1mujvWnNRxytLDpqIAj2lgl1oSR8CPaWCXWhJHwATX-zpZKDOaiS-noZW4vn861WXx2cs94KTcgReR1lO&_nc_ohc=Sd2eCrEGm6cQ7kNvwGBKEbz&_nc_oc=Adr56FWdeQd1Gf6KwDFsQBpeyNHEhcKWuaGrtTSRupzLcr8KhHTFZWSqzKo0uqTFx18&_nc_zt=24&_nc_ht=scontent.fcgk43-1.fna&_nc_gid=2dUpBuxktckbFfG9nFkGdg&_nc_ss=7b2a8&oh=00_Af4ypRaTjfjf6QrRSiZNM2T3HDAPcITN2E9HIM9X9EZoKg&oe=6A1A238F,Johanis Melatunan,Omong Kosong  saja Konoha,https://www.facebook.com/reel/1336508365019749/?comment_id=26579278111771244,0,0,0,05/22/2026 16:37:18,Facebook,facebook_comments_post_1.csv,omong kosong saja konoha,4,2026-05-22 16:37:18
Y29tbWVudDoxMzE0MDM5MTM3NTg1Nzg5XzM0OTAwMjY3MzExNTI3NDQ=,100011098421789,https://scontent.fcgk43-1.fna.fbcdn.net/v/t39.30808-1/452374591_2189529291426997_3743910551043428476_n.jpg?stp=cp0_dst-jpg_s32x32_tt6&_nc_cat=108&ccb=1-7&_nc_sid=e99d92&_nc_eui2=AeHKoegahKHyU5lBDONH8i8EBGRL6TMW2woEZEvpMxbbCqz9GKiYLBpYfvRJYpAtNrG5KVlfIHYI7JBRly2y61BQ&_nc_ohc=cwS7z0kX3o0Q7kNvwEoNdNh&_nc_oc=Adrlj5lbnW1ZZHAw8Y7blB48lJNb5YoeDKeK-SlUrxDuUDZsQGpTuWM9H9P8vORxgMQ&_nc_zt=24&_nc_ht=scontent.fcgk43-1.fna&_nc_gid=2dUpBuxktckbFfG9nFkGdg&_nc_ss=7b2a8&oh=00_Af6pn2lZbBYPtzR7cCeoNY3TANzcDevm5uPdRqV-MuyszQ&oe=6A1A12FF,Yulyses Todde,Ngarang cerita,https://www.facebook.com/reel/1336508365019749/?comment_id=3490026731152744,0,0,0,05/22/2026 14:51:24,Facebook,facebook_comments_post_1.csv,ngarang cerita,2,2026-05-22 14:51:24
Y29tbWVudDoxMzE0MDM5MTM3NTg1Nzg5XzE2MDMzMzAyNzA3MzA1OTc=,100004397042497,https://scontent.fcgk43-1.fna.fbcdn.net/v/t39.30808-1/462027294_2852066928283181_5087178007561163317_n.jpg?stp=cp0_dst-jpg_s32x32_tt6&_nc_cat=107&ccb=1-7&_nc_sid=e99d92&_nc_eui2=AeFHnXCkmd9vjkSn9wp2WxuPW5cmlkJ0e5tblyaWQnR7m6KvVyfG--xn3gOudQFyOiEfCSj4_uWEef_MUEfQKaON&_nc_ohc=ndHaZeWyfVsQ7kNvwFXNbJ7&_nc_oc=AdryuU95R7Q2uDgo7Ok1VwKeeLb9a1vYhB4bbxn98Jxi77uEutbA_-oV-Z9Fmmr_l6E&_nc_zt=24&_nc_ht=scontent.fcgk43-1.fna&_nc_gid=2dUpBuxktckbFfG9nFkGdg&_nc_ss=7b2a8&oh=00_Af6f7KlF9yX3x6ZkMmEY-9Ad4253DbovsOeB4f_u646-FQ&oe=6A1A3EA4,Antoni Molly,Ini bukan pertama….masih syukur bisa cepat dibebaskan,https://www.facebook.com/reel/1336508365019749/?comment_id=1603330270730597,0,0,0,05/22/2026 12:34:02,Facebook,facebook_comments_post_1.csv,ini bukan pertama masih syukur bisa cepat dibebaskan,8,2026-05-22 12:34:02
Y29tbWVudDoxMzE0MDM5MTM3NTg1Nzg5XzI2MDc1NDk5MDk2NzQyMzY=,100025688234656,https://scontent.fcgk43-1.fna.fbcdn.net/v/t39.30808-1/476159922_1667828207416771_3843271166080691468_n.jpg?stp=cp0_dst-jpg_s32x32_tt6&_nc_cat=103&ccb=1-7&_nc_sid=1d2534&_nc_eui2=AeFN05woqqvG_Vk_O7KvxDjrL1OlqwBGHx8vU6WrAEYfH5qlNsGfBuRgZou2ieozhDll8nNlWVCWoRZcQ78A7Ugb&_nc_ohc=DKvVxPbisEEQ7kNvwHW7h7A&_nc_oc=Ado922n6HHO6nj7BKapfKxq42I6o2yfbuR8AMuBCLBIQ6aGD0lpFHFWN0I8yY6HFok4&_nc_zt=24&_nc_ht=scontent.fcgk43-1.fna&_nc_gid=2dUpBuxktckbFfG9nFkGdg&_nc_ss=7b2a8&oh=00_Af7U4nK8I5LzgRvr6-0zGN-rUA8EvbhRbWY2T7h62n-Dww&oe=6A1A2026,Dwi Ratna,"kapan brkt lagi,mau ikut donasi kalau bisa jangan kembali lagi ke Indo biar meminimalisir orang2 banyak gaya dan banyak bacot",https://www.facebook.com/reel/1336508365019749/?comment_id=2607549909674236,0,0,0,05/25/2026 18:53:23,Facebook,facebook_comments_post_1.csv,kapan brkt lagi mau ikut donasi kalau bisa jangan kembali lagi ke indo biar meminimalisir orang2 banyak gaya dan banyak bacot,21,2026-05-25 18:53:23
Y29tbWVudDoxMzE0MDM5MTM3NTg1Nzg5Xzk2ODgyNDc1NjAxNzYxMA==,61573265160008,https://scontent.fcgk43-1.fna.fbcdn.net/v/t1.30497-1/453178253_471506465671661_2781666950760530985_n.png?stp=cp0_dst-png_s32x32&_nc_cat=1&ccb=1-7&_nc_sid=136b72&_nc_eui2=AeFGFJyZaqPRpiRyZpRgbwBxWt9TLzuBU1Ba31MvO4FTUL8HxY2QiwXJTv5p9XLa_dMvsgUnsVhkID7reG3SHs4m&_nc_ohc=K7kB_z34aKIQ7kNvwGwMh4l&_nc_oc=AdoeRvRCc-dRS6STrqswcPaVUjYROipM-o0xx_uEpRLNOkn3nhaXfkhQ1Ta8l88uu3s&_nc_zt=24&_nc_ht=scontent.fcgk43-1.fna&_nc_ss=7b2a8&oh=00_Af77HaaZ7AUOKsyS6yIS8OKM5VEEjFCyUJR3RO1DqE9ogA&oe=6A3BD37A,Ibra Ibra,"mantap kali pengakusnnya,,
untung saja tidsk didor",https://www.facebook.com/reel/1336508365019749/?comment_id=968824756017610,0,0,0,05/25/2026 19:26:52,Facebook,facebook_comments_post_1.csv,mantap kali pengakusnnya untung saja tidsk didor,7,2026-05-25 19:26:52
Y29tbWVudDoxMzE0MDM5MTM3NTg1Nzg5XzE3MTk2NzUwNjkwMzA0ODE=,100008965239465,https://scontent.fcgk43-1.fna.fbcdn.net/v/t39.30808-1/706780980_3909918299316973_3706826782232981091_n.jpg?stp=c0.0.660.660a_cp0_dst-jpg_s32x32_tt6&_nc_cat=108&ccb=1-7&_nc_sid=e99d92&_nc_eui2=AeGflgJNF1JgxcCQRmUyf1yqD-seblld6w8P6x5uWV3rD9S4_UWwNoMDallI_IviovaqSH7zLwUAon075N4olfQl&_nc_ohc=kluTkGNvrcwQ7kNvwFzwFEf&_nc_oc=AdoDXjcCvOqr6r8jrwS-t2X4vo_B6qUipeDuuuGJJIevEqSPBTqeLO-lGu0mELt2kBw&_nc_zt=24&_nc_ht=scontent.fcgk43-1.fna&_nc_gid=XN40Tt80gkBftxQqeWZGJA&_nc_ss=7b2a8&oh=00_Af4uodvh46bFDjmDi6HVqO4LyMXNs1nCGyEQnxP3cyRA8g&oe=6A1A13C0,Malventho,"Masi untung pulang hidup"".............
Coba kalu mampus.........
Mau balik lagi ke sana?????
Brani balik lagi brrti hilang nyawa.........",https://www.facebook.com/reel/1336508365019749/?comment_id=1719675069030481,0,0,0,05/25/2026 08:56:18,Facebook,facebook_comments_post_1.csv,masi untung pulang hidup coba kalu mampus mau balik lagi ke sana brani balik lagi brrti hilang nyawa,18,2026-05-25 08:56:18
Y29tbWVudDoxMzE0MDM5MTM3NTg1Nzg5Xzg0NDMyNjQwODIzMzc2MQ==,100018236442398,https://scontent.fcgk43-1.fna.fbcdn.net/v/t39.30808-1/315304875_1159666781317859_8832421241436487139_n.jpg?stp=cp0_dst-jpg_p32x32_tt6&_nc_cat=102&ccb=1-7&_nc_sid=e99d92&_nc_eui2=AeEHQGGGKbNI8lTX1B33PdPOr8CUVJPOeyyvwJRUk857LISuWOYonO0bM3nrXkxcIsl3LZGw9nihgGKRUTMF6w_G&_nc_ohc=JaaOKKKpLW8Q7kNvwEcfTR9&_nc_oc=AdoDWa3lCUDQivTOjsxnCnNCLkLf-c9qiWtphq_fSYb70oVVINaX4c0uZt0f48CO5nE&_nc_zt=24&_nc_ht=scontent.fcgk43-1.fna&_nc_gid=XN40Tt80gkBftxQqeWZGJA&_nc_ss=7b2a8&oh=00_Af5IhL-YyHSLUGHrvEDVxwqnCh32NkVp9dSYYbhJI3DyfQ&oe=6A1A0C5F,Hermin Gessong,Wao banget ceritanya knp nggak di lawan aja toh kalau matikan mati said,https://www.facebook.com/reel/1336508365019749/?comment_id=844326408233761,0,0,0,05/22/2026 15:47:25,Facebook,facebook_comments_post_1.csv,wao banget ceritanya knp nggak di lawan aja toh kalau matikan mati said,13,2026-05-22 15:47:25
Y29tbWVudDoxMzE0MDM5MTM3NTg1Nzg5XzE1NTMzNTkzMDMwMjEyNDU=,100001263398661,https://scontent.fcgk43-1.fna.fbcdn.net/v/t39.30808-1/465274254_8910334715685220_3690231566413901149_n.jpg?stp=cp0_dst-jpg_s32x32_tt6&_nc_cat=111&ccb=1-7&_nc_sid=e99d92&_nc_eui2=AeGf_U0VpgkN7IUhyeW-4jlxcjnSXrJCK4NyOdJeskIrg21I3wX-nNAyipuQVcAj-dbqJMaggzN-fe-Yiq7iQWiJ&_nc_ohc=D7JQsJzwZAEQ7kNvwEmZLDm&_nc_oc=AdpXqxLobKZQsnU8MTNxb8Arffe5eYNhmfNfS7Fq2kEturiUObmNwrR_sYyMaejUevc&_nc_zt=24&_nc_ht=scontent.fcgk43-1.fna&_nc_gid=XN40Tt80gkBftxQqeWZGJA&_nc_ss=7b2a8&oh=00_Af6NwDe7VZJ3Y5c_HVMV2-QgIxmbNMP_1cn_lyMq7ptlnA&oe=6A1A1BA5,Hermanses Mersi,Tinggal mendulang donasi dari pendengar cerita  sampah kalian.,https://www.facebook.com/reel/1336508365019749/?comment_id=1553359303021245,0,0,0,05/24/2026 06:28:22,Facebook,facebook_comments_post_1.csv,tinggal mendulang donasi dari pendengar cerita sampah kalian,8,2026-05-24 06:28:22
Y29tbWVudDoxMzE0MDM5MTM3NTg1Nzg5Xzk2MTMxNjk0MDAwMTgyMQ==,100080075708644,https://scontent.fcgk43-1.fna.fbcdn.net/v/t39.30808-1/483067782_649387077740477_6320185621332136489_n.jpg?stp=cp0_dst-jpg_s32x32_tt6&_nc_cat=111&ccb=1-7&_nc_sid=e99d92&_nc_eui2=AeHNNYd-x0gHovNNK9POSKM3CGGe_PqV9O0IYZ78-pX07WP7Z3baiBy35Z0BQucindgNEbotdLE29-yrpTDyuFmk&_nc_ohc=iQ77lzY2GKIQ7kNvwFCy-_U&_nc_oc=AdotXU7Fb27TFmSoBhhCocpwCkiCNZGOMyj-GgVkh_nESUEk3L7FwDpbzKS-P91VW2c&_nc_zt=24&_nc_ht=scontent.fcgk43-1.fna&_nc_gid=XN40Tt80gkBftxQqeWZGJA&_nc_ss=7b2a8&oh=00_Af5dNoDTBxy-Zw5Qe0qtE7SGpBJmD6CnSiNSfTDAnWnmAw&oe=6A1A1313,Yosep Bais,Bang knpa d sana gk ijak ijak lgi benderah israel kaya d konoha klu gk plang tnggl nma,https://www.facebook.com/reel/1336508365019749/?comment_id=961316940001821,0,0,0,05/23/2026 19:26:27,Facebook,facebook_comments_post_1.csv,bang knpa d sana gk ijak ijak lgi benderah israel kaya d konoha klu gk plang tnggl nma,18,2026-05-23 19:26:27
Y29tbWVudDoxMzE0MDM5MTM3NTg1Nzg5XzE1MDUzODgzMTA5Nzc3NDM=,100001786293756,https://scontent.fcgk43-1.fna.fbcdn.net/v/t39.30808-1/653632074_26135458026097051_3421308348970002312_n.jpg?stp=cp0_dst-jpg_s32x32_tt6&_nc_cat=106&ccb=1-7&_nc_sid=e99d92&_nc_eui2=AeEV1dBTEgUlRBrqqkmfo37ccB-mhFsuhO5wH6aEWy6E7j1OFxCzr_xIdeRf5zeNAr0BFrwTRsbUk0-y5Vu7y009&_nc_ohc=O3zc6E74IGcQ7kNvwG39Vj8&_nc_oc=AdrYiPEMbFjugsbsbVOM44MF7VIMAK5pz0GuS471s8Djw8ex-VunsqWC0sKKAFu_UZE&_nc_zt=24&_nc_ht=scontent.fcgk43-1.fna&_nc_gid=XN40Tt80gkBftxQqeWZGJA&_nc_ss=7b2a8&oh=00_Af6iQCNhz0jfPJ2u0yCsCW1PLBHZeDAxdwlb7erKcEtEww&oe=6A1A0B61,Lynna FK Lengkey,Teman yg gondrong kayak bingung dgn tingkah temannya 😆,https://www.facebook.com/reel/1336508365019749/?comment_id=1505388310977743,0,0,0,05/24/2026 12:56:15,Facebook,facebook_comments_post_1.csv,teman yg gondrong kayak bingung dgn tingkah temannya,8,2026-05-24 12:56:15
Y29tbWVudDoxMzE0MDM5MTM3NTg1Nzg5XzEyNjk5NDgzMjE2NjA0NTc=,100003283977785,https://scontent.fcgk43-1.fna.fbcdn.net/v/t1.6435-1/145739923_3672013146251448_1001251146538759668_n.jpg?stp=cp0_dst-jpg_s32x32_tt6&_nc_cat=107&ccb=1-7&_nc_sid=e99d92&_nc_eui2=AeFgJo2HkGJB__ED4EA1GqVetIlvbfi7eGu0iW9t-Lt4a0TkT-dtCb9j6PXog1_CfhcZa_74NRcWHCSGeWHatTlh&_nc_ohc=kNxSvBweVzAQ7kNvwHgUSqI&_nc_oc=AdoROsXoduCZlJIX3YV-VNzvtYXhdpOdHr4ddCR4g-QzJMOnuKZtM6fHY4a6QEGfEzE&_nc_zt=24&_nc_ht=scontent.fcgk43-1.fna&_nc_gid=XN40Tt80gkBftxQqeWZGJA&_nc_ss=7b2a8&oh=00_Af7mDzpz26pmgh2wsNushiVJ-XSDTtcBGuVqiUIvUfOTiA&oe=6A3BB72F,Josafat Madeira Arc,"Untung di pukul doank, kaga di perkosa kalian 🤭",https://www.facebook.com/reel/1336508365019749/?comment_id=1269948321660457,0,0,0,05/23/2026 15:51:14,Facebook,facebook_comments_post_1.csv,untung di pukul doank kaga di perkosa kalian,8,2026-05-23 15:51:14
Y29tbWVudDoxMzE0MDM5MTM3NTg1Nzg5XzQyNTcwNzAxOTc4ODc5Nzc=,100039833601711,https://scontent.fcgk43-1.fna.fbcdn.net/v/t39.30808-1/704869118_1681087166562387_1159965215972958735_n.jpg?stp=c0.0.1773.1773a_cp0_dst-jpg_s32x32_tt6&_nc_cat=106&ccb=1-7&_nc_sid=e99d92&_nc_eui2=AeEgJPoMujPsamIeZn_plU_Knl74jbC42XaeXviNsLjZdpenVLLtTpcZEx5tUlH2m0w4Lqi0SlQgUJgtP6YTkEoo&_nc_ohc=fNNaA7RkIQAQ7kNvwEUx_5r&_nc_oc=AdpCE37uga8aQ3L-0m6AkjzkorX95qoj8Fflf0vYx8UIRL36k4tIZHpXQjv52vb5Xro&_nc_zt=24&_nc_ht=scontent.fcgk43-1.fna&_nc_gid=XN40Tt80gkBftxQqeWZGJA&_nc_ss=7b2a8&oh=00_Af5uUo7zOOgjtkRq7DYRKxU9M_dfkHMI9HH3QZZ6hX-6hQ&oe=6A1A21EC,Herikuan,Emang kalian toeris,https://www.facebook.com/reel/1336508365019749/?comment_id=4257070197887977,0,0,0,05/23/2026 13:23:09,Facebook,facebook_comments_post_1.csv,emang kalian toeris,3,2026-05-23 13:23:09
Y29tbWVudDoxMzE0MDM5MTM3NTg1Nzg5XzE1NjI5MTAyMTIwMjEwMjA=,791309692,https://scontent.fcgk43-1.fna.fbcdn.net/v/t39.30808-1/370609929_10160576937739693_332646730984680102_n.jpg?stp=cp0_dst-jpg_s32x32_tt6&_nc_cat=100&ccb=1-7&_nc_sid=e99d92&_nc_eui2=AeE4R-2gJ_sTFBkeRnDuInxdJGH4rrpHfDkkYfiuukd8OVvjm9IkRmuM8ieVvCC1SO2EQn0IjLJHnudfuD7rNWer&_nc_ohc=tlzcVZkyN54Q7kNvwEz4q2t&_nc_oc=AdrAu9qBNtn0Fi7SDIoeMrkYrp_dvpwAl0kwtKTgTPY6-VLHLqwTbkVIjRCdJG6sigk&_nc_zt=24&_nc_ht=scontent.fcgk43-1.fna&_nc_gid=XN40Tt80gkBftxQqeWZGJA&_nc_ss=7b2a8&oh=00_Af5RE1T8y4kwq31zQqIARq41qgWkL_Sq7dIPIm923AE7og&oe=6A1A3EB6,Benji Hursepuny,Yg diiket tangannya emang bisa sampe pingsan?,https://www.facebook.com/reel/1336508365019749/?comment_id=1562910212021020,0,0,0,05/22/2026 13:33:05,Facebook,facebook_comments_post_1.csv,yg diiket tangannya emang bisa sampe pingsan,7,2026-05-22 13:33:05
Y29tbWVudDoxMzE0MDM5MTM3NTg1Nzg5XzEzMTU0MzA0MTA2OTM4MDQ=,100000060673294,https://scontent.fcgk43-1.fna.fbcdn.net/v/t39.30808-1/426748007_25092660760319267_4799213107542313077_n.jpg?stp=cp0_dst-jpg_s32x32_tt6&_nc_cat=107&ccb=1-7&_nc_sid=e99d92&_nc_eui2=AeERKHtHLbqElXzv6N4TrCQi0aVqSOeuJ2rRpWpI564naqSPO02d3L3_rJoUgsE1YWIKtxOXLIRogxdYfahpY_lJ&_nc_ohc=bidgumYH-XwQ7kNvwEgPl7z&_nc_oc=Adp1dANqIXv6KM4aTFU2VJxptCwd6gFKPFHqhHrze04I1jTw1NMzg5nhH-J07zp1XnA&_nc_zt=24&_nc_ht=scontent.fcgk43-1.fna&_nc_gid=XN40Tt80gkBftxQqeWZGJA&_nc_ss=7b2a8&oh=00_Af6rhQXLp7Jo1jQyP4A5Tds-XFFBBFpzKWV7IYkpSF10ow&oe=6A1A3D36,Wilson Komaling,Dari wajanya tidak ada tanda tanda kekerasan  dan kaldrunn kamprettt😂😂😂,https://www.facebook.com/reel/1336508365019749/?comment_id=1315430410693804,0,0,0,05/25/2026 06:06:20,Facebook,facebook_comments_post_1.csv,dari wajanya tidak ada tanda tanda kekerasan dan kaldrunn kamprettt,10,2026-05-25 06:06:20
Y29tbWVudDoxMzE0MDM5MTM3NTg1Nzg5XzE0Nzk2NjI4MTk3ODM0MjM=,61589949201398,https://scontent.fcgk43-1.fna.fbcdn.net/v/t39.30808-1/698919587_122093260647331640_3301404293174437506_n.jpg?stp=cp0_dst-jpg_s32x32_tt6&_nc_cat=101&ccb=1-7&_nc_sid=e99d92&_nc_eui2=AeGAXgd7LNV2xQ-LevEMnmjiXTNsalghO9JdM2xqWCE70gjVBA6Ahm6dlujU2fciJmcg6iIS7zCnXq8oHvobOk_k&_nc_ohc=LIC1C3Wbo-EQ7kNvwFoSdvU&_nc_oc=AdrBZC8DLvmJGzI00HjEiD1s1gF1AZ7zrDfb7Bs20qBraKO_JaChb2P56HaIiG6_Q58&_nc_zt=24&_nc_ht=scontent.fcgk43-1.fna&_nc_gid=wLsy671aNj8Fw6IOKtUSIw&_nc_ss=7b2a8&oh=00_Af7RoIpSX9qVjtjHDfyZ5t27Tc_zaTNdkb0UfFCVvCXfpg&oe=6A1A2606,Vin Lito,Di buat cerita buatan versi dia sendiri dengan semangatnya sendiri. 🙃😁,https://www.facebook.com/reel/1336508365019749/?comment_id=1479662819783423,0,0,0,05/24/2026 04:31:41,Facebook,facebook_comments_post_1.csv,di buat cerita buatan versi dia sendiri dengan semangatnya sendiri,10,2026-05-24 04:31:41
Y29tbWVudDoxMzE0MDM5MTM3NTg1Nzg5XzIwNjEzNjgyMTQ4MDUwNDM=,100090978758228,https://scontent.fcgk43-1.fna.fbcdn.net/v/t39.30808-1/519560416_686232597752693_6181832479325944718_n.jpg?stp=cp0_dst-jpg_s32x32_tt6&_nc_cat=100&ccb=1-7&_nc_sid=e99d92&_nc_eui2=AeFCYgj1Olfik3_2CLmRbG3llN9aaONjUaiU31po42NRqFjIp4g-kxjnzxpIyrniJl-zjKi7_20RLl-ZXJ-Eq4GY&_nc_ohc=CJ_tbxwIPRQQ7kNvwEx6vgX&_nc_oc=Adqq1QD96L8er2KLoW_LPAQrStqXENgzx-41JHNi7mlSeH-Y8ZdYx1UYprACTmaoXZc&_nc_zt=24&_nc_ht=scontent.fcgk43-1.fna&_nc_gid=wLsy671aNj8Fw6IOKtUSIw&_nc_ss=7b2a8&oh=00_Af7bObulNNTkK9iJ2crWF8mVviJbT_CWa2JRdPxUryq1Kw&oe=6A1A333A,Nathanael Yuniadi,Kita butuh sumbangan lagi buat mereka. Jual motor n sawah buat bantu mereka,https://www.facebook.com/reel/1336508365019749/?comment_id=2061368214805043,0,0,4,05/22/2026 13:40:40,Facebook,facebook_comments_post_1.csv,kita butuh sumbangan lagi buat mereka jual motor n sawah buat bantu mereka,13,2026-05-22 13:40:40
Y29tbWVudDoxMzE0MDM5MTM3NTg1Nzg5Xzk1ODU3NjM4NzA0Mjk1Nw==,100005110158485,https://scontent.fcgk43-1.fna.fbcdn.net/v/t39.30808-1/414889824_2543024705877843_7870184109990078320_n.jpg?stp=c0.0.411.411a_cp0_dst-jpg_s32x32_tt6&_nc_cat=109&ccb=1-7&_nc_sid=e99d92&_nc_eui2=AeGqKqAmrRO7pxGy5xE6fySgRGvhKiLtQs9Ea-EqIu1Cz7PoXqmKWRU6f3eeIw7w7GtwFIW8rwoGf-38rbooFTgJ&_nc_ohc=Lk2iE8AKbW0Q7kNvwGhrCdM&_nc_oc=Ado-cMd3CkSWd0sCqX7lo8-w40ALxBwAVl9od4X4rkdFKjeqBrPfOtuSpPAqlH33gEs&_nc_zt=24&_nc_ht=scontent.fcgk43-1.fna&_nc_gid=NS0eWcBSgy5A7vagVSCkRg&_nc_ss=7b2a8&oh=00_Af4b6rCPqLubSO4xC866vedDXekQb4CAHjQZ47OTI5hxjg&oe=6A1A0EF0,Ida Lilio,-Nathanael Yuniadi buzzer #israelteroris,https://www.facebook.com/reel/1336508365019749/?comment_id=2061368214805043&reply_comment_id=958576387042957,0,1,3,05/22/2026 17:21:24,Facebook,facebook_comments_post_1.csv,nathanael yuniadi buzzer,3,2026-05-22 17:21:24
Y29tbWVudDoxMzE0MDM5MTM3NTg1Nzg5XzEwNDgwOTI1NTc1NDYwOTE=,100068593831895,https://scontent.fcgk43-1.fna.fbcdn.net/v/t39.30808-1/474243151_906200178343102_329916945324432924_n.jpg?stp=c0.36.1080.1080a_cp0_dst-jpg_s32x32_tt6&_nc_cat=105&ccb=1-7&_nc_sid=e99d92&_nc_eui2=AeHgVm1IFm2y60jLxTgG8hHTgKyI057kr3KArIjTnuSvctWGRPuvnf9WPAR9VHqZaGjkKwdfPcLD5HG8OXnjQh4Z&_nc_ohc=BsAGd_4WBeMQ7kNvwE2eAbx&_nc_oc=AdqdApx10FcH6El9PaEAgV57DJNJv1rWvl-ZYFcpGp2G6-tqno3S19cwBUQVFg9PS3A&_nc_zt=24&_nc_ht=scontent.fcgk43-1.fna&_nc_gid=wLsy671aNj8Fw6IOKtUSIw&_nc_ss=7b2a8&oh=00_Af6LQp-5l4q_4xkD4wPhuwOG5AJ5mzX_Gq6YX-1CYBojfg&oe=6A1A228A,Tude,Bercerverita kayak anak kecil datang dri kebun binatang🤣🤣🤣,https://www.facebook.com/reel/1336508365019749/?comment_id=1048092557546091,0,0,0,05/25/2026 15:47:25,Facebook,facebook_comments_post_1.csv,bercerverita kayak anak kecil datang dri kebun binatang,8,2026-05-25 15:47:25
Y29tbWVudDoxMzE0MDM5MTM3NTg1Nzg5XzE1MDY5MzgyNTc3MzEwMTE=,100085091882158,https://scontent.fcgk43-1.fna.fbcdn.net/v/t39.30808-1/669057793_906159845563737_2724883949563038762_n.jpg?stp=cp0_dst-jpg_s32x32_tt6&_nc_cat=100&ccb=1-7&_nc_sid=e99d92&_nc_eui2=AeFhrOLG2L_l6VShumZeytn6M_nq2d8z-Ucz-erZ3zP5R8-HgI2C1xfdoSB0GOKMx6auVGGaIQrgnU5QmRPxQi-i&_nc_ohc=5BvhP7kt5W0Q7kNvwHYWFmK&_nc_oc=AdpesMDxu6qob3GjEzoj07Sr9xxWPd-fDcMIHRa-yBV6V9WK57mD8_NRU9PtsR6Wft8&_nc_zt=24&_nc_ht=scontent.fcgk43-1.fna&_nc_gid=wLsy671aNj8Fw6IOKtUSIw&_nc_ss=7b2a8&oh=00_Af6WujSJrA5OvLg8RnLIEXgqif92p7lVVbwuyDYU695e4g&oe=6A1A2D8F,Indrawati Claudia,Cocok Jadi Pelawak tunggal!,https://www.facebook.com/reel/1336508365019749/?comment_id=1506938257731011,0,0,0,05/23/2026 10:15:38,Facebook,facebook_comments_post_1.csv,cocok jadi pelawak tunggal,4,2026-05-23 10:15:38
Y29tbWVudDoxMzE0MDM5MTM3NTg1Nzg5XzEzODU0MTkwNjY5NDk4MTc=,100086461925813,https://scontent.fcgk43-1.fna.fbcdn.net/v/t39.30808-1/453065805_466212639604130_2767841825583409983_n.jpg?stp=cp0_dst-jpg_s32x32_tt6&_nc_cat=108&ccb=1-7&_nc_sid=e99d92&_nc_eui2=AeG2mosDPBBT5cWaMiCyq6_qMutziVhqh3My63OJWGqHc7a9Bqq5LWRwxCXSBokuy1XUXQgRDWnLBS5AAf6e3PJW&_nc_ohc=iJdBtSX16uIQ7kNvwHscXDp&_nc_oc=AdoDtbrlpNGcMNjQPjnId2sZ9IYKXNe6mLIJn56K5SVTZycdFzucYN49DEGDwGTkz1s&_nc_zt=24&_nc_ht=scontent.fcgk43-1.fna&_nc_gid=wLsy671aNj8Fw6IOKtUSIw&_nc_ss=7b2a8&oh=00_Af5gSM-daqH36D10xelNjvemnUwQV4n2zvBG4oqyhDV4ZQ&oe=6A1A3E73,Panglaran Bara'padang,Mereka mulai mengarang bebas sebagai pahlawan spy diliput media.,https://www.facebook.com/reel/1336508365019749/?comment_id=1385419066949817,0,0,0,05/22/2026 17:38:24,Facebook,facebook_comments_post_1.csv,mereka mulai mengarang bebas sebagai pahlawan spy diliput media,9,2026-05-22 17:38:24
Y29tbWVudDoxMzE0MDM5MTM3NTg1Nzg5XzE1MDQ2MjYzMTc3MzM4ODA=,100082966544706,https://scontent.fcgk43-1.fna.fbcdn.net/v/t39.30808-1/656016722_931509562957920_5964341807526517906_n.jpg?stp=c0.0.1224.1224a_cp0_dst-jpg_s32x32_tt6&_nc_cat=105&ccb=1-7&_nc_sid=e99d92&_nc_eui2=AeHEfL6iTNdPH1Phplz-ZpfFuzK8vUFJgT67Mry9QUmBPk4CXfItpU03xN1vX67CuPG5QLO0qhGBOTY6OUwPHXBD&_nc_ohc=rFe5mA8DyJMQ7kNvwGqrGE4&_nc_oc=AdorioovsRsDpO_bdmTv36-LPWg722EWzBR70YYRM9M4uKYpqj1xgs6b8SlySrT21RM&_nc_zt=24&_nc_ht=scontent.fcgk43-1.fna&_nc_gid=wLsy671aNj8Fw6IOKtUSIw&_nc_ss=7b2a8&oh=00_Af5xxriVcsj-7IfVOcWefUWkYxQwA-cFF2yzi6iHiyqYuw&oe=6A1A1795,Dani Santso,"Disini lebih keji disiram air keras 
Dan pelakunya masih bebas berkeliaran ditambah masih sedarah setanah air",https://www.facebook.com/reel/1336508365019749/?comment_id=1504626317733880,0,0,1,05/22/2026 13:19:33,Facebook,facebook_comments_post_1.csv,disini lebih keji disiram air keras dan pelakunya masih bebas berkeliaran ditambah masih sedarah setanah air,16,2026-05-22 13:19:33
Y29tbWVudDoxMzE0MDM5MTM3NTg1Nzg5XzkxNzg5Mjk0NDYxMTY3Ng==,100011069621110,https://scontent.fcgk43-1.fna.fbcdn.net/v/t39.30808-1/440945417_2124833814562252_1642739740563866187_n.jpg?stp=cp0_dst-jpg_s32x32_tt6&_nc_cat=100&ccb=1-7&_nc_sid=e99d92&_nc_eui2=AeHaS7gWDgcrHpusXm_xjIONBIVtBBuy6zYEhW0EG7LrNqGiJKA6CHMwXZC7nHYJLLUaUZF2_oBx83ZaZM2clckX&_nc_ohc=J2imEI0yHMIQ7kNvwEsuuUt&_nc_oc=AdpCRudXg9I1w_BTImJx4DBxKoRdLy1GXTpzJB03bJ5cP4WSYh-TxoxDBeJjj0tNtOE&_nc_zt=24&_nc_ht=scontent.fcgk43-1.fna&_nc_gid=98vqexC1ntF7oQ3zG5iHZA&_nc_ss=7b2a8&oh=00_Af7mZTKEV_UGkwKhl0Vhpr3VR2BlRFiClHFC8j_pvTqKDg&oe=6A1A2356,Betty Simanjuntak,-Dani Santso TNI pelakunya,https://www.facebook.com/reel/1336508365019749/?comment_id=1504626317733880&reply_comment_id=917892944611676,0,1,0,05/23/2026 00:26:55,Facebook,facebook_comments_post_1.csv,dani santso tni pelakunya,4,2026-05-23 00:26:55
Y29tbWVudDoxMzE0MDM5MTM3NTg1Nzg5XzE1MTk0OTUxMzk4MzcwNzU=,61564457831694,https://scontent.fcgk43-1.fna.fbcdn.net/v/t39.30808-1/605168135_122191565792481927_3237627953943676833_n.jpg?stp=c7.0.705.705a_cp0_dst-jpg_s32x32_tt6&_nc_cat=104&ccb=1-7&_nc_sid=e99d92&_nc_eui2=AeEZdUT2KsZVnxLq2oIDQX8knkv6FtYIOqOeS_oW1gg6oxD1Cz-99jBOIR5L0Wsh0cGiMT2SkRqN9VLdgf0ioBP6&_nc_ohc=LTQ38LElljMQ7kNvwEyrd7h&_nc_oc=AdpsVWl9RyoXJvr4y55VNz5jGpKf1JFtBtEdP-KgAOhdQbzDzZUQjCsYCOGSiSe8cCU&_nc_zt=24&_nc_ht=scontent.fcgk43-1.fna&_nc_gid=wLsy671aNj8Fw6IOKtUSIw&_nc_ss=7b2a8&oh=00_Af4SwrbxyqdXQ4haEFbLbes8yO94aqaSJSi0p9IjWo9u_w&oe=6A1A2D52,Piter Van,Muka pembohong. Kenapalah dikasih hidup ni orang.,https://www.facebook.com/reel/1336508365019749/?comment_id=1519495139837075,0,0,0,05/25/2026 20:33:56,Facebook,facebook_comments_post_1.csv,muka pembohong kenapalah dikasih hidup ni orang,7,2026-05-25 20:33:56
Y29tbWVudDoxMzE0MDM5MTM3NTg1Nzg5XzIwNTUwNjk1MTUwNzM5NDY=,100041434877749,https://scontent.fcgk43-1.fna.fbcdn.net/v/t1.6435-1/107839442_317289799662180_6908369510792400940_n.jpg?stp=cp0_dst-jpg_s32x32_tt6&_nc_cat=101&ccb=1-7&_nc_sid=e99d92&_nc_eui2=AeGNRxMQuGbAqrblKBrrekj9rshm5iBc9OmuyGbmIFz06UxAFPytDEAetMXzxUk6yCyqabxABfZvm8IGAuT0Fi4G&_nc_ohc=yaKGQyz8OHYQ7kNvwH4r5i7&_nc_oc=AdreVFfD3MNuyFUCIodqI1u7dJjwKkmFp7W42Hx7ZluZYv_mpCoh4nY0-snMr9idOIs&_nc_zt=24&_nc_ht=scontent.fcgk43-1.fna&_nc_gid=wLsy671aNj8Fw6IOKtUSIw&_nc_ss=7b2a8&oh=00_Af4pg5SF4I82MiD43ARFo6Q8CqSCtltOInH5f3h3aGSADA&oe=6A3BC6A5,Huget Sangky,Wuihh..serasa paling jago...🤣🤣wkwkwk,https://www.facebook.com/reel/1336508365019749/?comment_id=2055069515073946,0,0,0,05/23/2026 23:00:46,Facebook,facebook_comments_post_1.csv,wuihh serasa paling jago wkwkwk,5,2026-05-23 23:00:46
Y29tbWVudDoxMzE0MDM5MTM3NTg1Nzg5XzI3MDIwMTQ5Nzk3Njc0OTI1,1363374045,https://scontent.fcgk43-1.fna.fbcdn.net/v/t39.30808-1/347431753_5986119951498386_4459043208416795040_n.jpg?stp=cp0_dst-jpg_s32x32_tt6&_nc_cat=102&ccb=1-7&_nc_sid=e99d92&_nc_eui2=AeEDtPxtnCTW3nuxKd4Ljrf0g_OZcDhQzIaD85lwOFDMhtz6tP3PyvrMVUCa08DloJKrn1sMaVUUWTf9zWFL705b&_nc_ohc=LW0nPcdrf6kQ7kNvwF2kL73&_nc_oc=AdqGejPSwF-M0N6juRlvIb0prcjFVYFKeGyyGSV4zzHIp5Ug0Mp4FvMkdvo-lGg92uE&_nc_zt=24&_nc_ht=scontent.fcgk43-1.fna&_nc_gid=wLsy671aNj8Fw6IOKtUSIw&_nc_ss=7b2a8&oh=00_Af7g1UaN5xehInB-Taog8aZginovwn8rCk2dFktb1kFAXQ&oe=6A1A3C78,Benny Lukito,Dilawan lah pak . Jgn diam saja .sudah resiko nya begitu,https://www.facebook.com/reel/1336508365019749/?comment_id=27020149797674925,0,0,0,05/23/2026 12:21:34,Facebook,facebook_comments_post_1.csv,dilawan lah pak jgn diam saja sudah resiko nya begitu,10,2026-05-23 12:21:34
Y29tbWVudDoxMzE0MDM5MTM3NTg1Nzg5Xzg3MTMxMjUzNTI1MzA0NQ==,100027888502916,https://scontent.fcgk43-1.fna.fbcdn.net/v/t39.30808-1/532787963_1910669766539288_5621355951608154208_n.jpg?stp=c0.0.600.600a_cp0_dst-jpg_s32x32_tt6&_nc_cat=103&ccb=1-7&_nc_sid=1d2534&_nc_eui2=AeE5Ar2e20a4Rmvtfc_t_4aedIsS7aZ3wO90ixLtpnfA7_RNKmqNhCOrf7-e13oVW0-1o4Hkyv3nrm4-LA8AcKJi&_nc_ohc=fdPuiR8w_IoQ7kNvwEdVbpK&_nc_oc=AdpAAX4DtYBixyk9F67vVfJxnRs0cjfbhcMCJbz-78kR_6QDHYWVnwXkDvxob89YXRY&_nc_zt=24&_nc_ht=scontent.fcgk43-1.fna&_nc_gid=wLsy671aNj8Fw6IOKtUSIw&_nc_ss=7b2a8&oh=00_Af7Q0QyZMYwgCDJHc8P4nKucU5j35BHqiJV-I8XQJ9FcIg&oe=6A1A287E,Mateo Zee,Haus pujian,https://www.facebook.com/reel/1336508365019749/?comment_id=871312535253045,0,0,0,05/23/2026 12:16:30,Facebook,facebook_comments_post_1.csv,haus pujian,2,2026-05-23 12:16:30
Y29tbWVudDoxMzE0MDM5MTM3NTg1Nzg5XzE1MDgxNzgyMjQyNjg0MjE=,100062581006824,https://scontent.fcgk43-1.fna.fbcdn.net/v/t39.30808-1/404029326_692274359535258_3007605610986315941_n.jpg?stp=cp0_dst-jpg_s32x32_tt6&_nc_cat=107&ccb=1-7&_nc_sid=1d2534&_nc_eui2=AeExQ2FN71PmW9wElrnA-Ze9veVf7IoKBqu95V_sigoGqzV9Vhhhp-fRQu8xVAXubI9cHS6Al5gUdU_bq9yqA4G2&_nc_ohc=C054n70IlsgQ7kNvwHxRNmY&_nc_oc=AdpPDZFHEA1DApL81xp0kdj52wWs-hn-Ya_BV8npkWWUA_rRXmyIE6RlvaP3CBpwPSs&_nc_zt=24&_nc_ht=scontent.fcgk43-1.fna&_nc_gid=TkbufjsLlnLDccUFTRTMiA&_nc_ss=7b2a8&oh=00_Af66aoh3r6EOVJovc00vNvzUzo_B4NT7QIfirp6sQbkVog&oe=6A1A1B86,Kade Astika,"Ulangi lagi yaaa,,saya mendukungmu",https://www.facebook.com/reel/1336508365019749/?comment_id=1508178224268421,0,0,1,05/22/2026 13:26:20,Facebook,facebook_comments_post_1.csv,ulangi lagi yaaa saya mendukungmu,5,2026-05-22 13:26:20
Y29tbWVudDoxMzE0MDM5MTM3NTg1Nzg5Xzk3MzcyODc4ODU5OTg5OA==,100011069621110,https://scontent.fcgk43-1.fna.fbcdn.net/v/t39.30808-1/440945417_2124833814562252_1642739740563866187_n.jpg?stp=cp0_dst-jpg_s32x32_tt6&_nc_cat=100&ccb=1-7&_nc_sid=e99d92&_nc_eui2=AeHaS7gWDgcrHpusXm_xjIONBIVtBBuy6zYEhW0EG7LrNqGiJKA6CHMwXZC7nHYJLLUaUZF2_oBx83ZaZM2clckX&_nc_ohc=J2imEI0yHMIQ7kNvwEsuuUt&_nc_oc=AdpCRudXg9I1w_BTImJx4DBxKoRdLy1GXTpzJB03bJ5cP4WSYh-TxoxDBeJjj0tNtOE&_nc_zt=24&_nc_ht=scontent.fcgk43-1.fna&_nc_gid=2B67VPRZekXx0-camHuzZw&_nc_ss=7b2a8&oh=00_Af6FcDG8u_Y6fi4Sy6KMl9MaqJtDX5si2dR3QoQhpVfzHQ&oe=6A1A2356,Betty Simanjuntak,-Kade Astika kasih uang jajan,https://www.facebook.com/reel/1336508365019749/?comment_id=1508178224268421&reply_comment_id=973728788599898,0,1,0,05/23/2026 00:24:52,Facebook,facebook_comments_post_1.csv,kade astika kasih uang jajan,5,2026-05-23 00:24:52
Y29tbWVudDoxMzE0MDM5MTM3NTg1Nzg5XzE2NDg2MDQyOTk2OTY0NTI=,100037088393961,https://scontent.fcgk43-1.fna.fbcdn.net/v/t39.30808-1/457359830_1242576183655316_8570412978441890677_n.jpg?stp=cp0_dst-jpg_s32x32_tt6&_nc_cat=106&ccb=1-7&_nc_sid=e99d92&_nc_eui2=AeHeF-oOeoqGp7dDuqO-ESZMriSSlE8nX3yuJJKUTydffKTIrjoRsPzNw62DJSzyD9WNA06mVtcJ6M2cP0xYmXWj&_nc_ohc=U-o2JyuOC68Q7kNvwFVf6jf&_nc_oc=AdqZST4mxuP7EaLvvA4Dm5ly2DpYTKAqXMUYR5azLtUF6Pw8o6S_hLbjE3zVXsYokCA&_nc_zt=24&_nc_ht=scontent.fcgk43-1.fna&_nc_gid=TkbufjsLlnLDccUFTRTMiA&_nc_ss=7b2a8&oh=00_Af6ojeKVqcKL7EXzMwrpfQxrxFUOei-MMYhYSSa9TPCU6A&oe=6A1A07A9,Gabriel Adur,"Pahlawan ko mengeluh...
Wartawan kok alur ceritanya fiktif",https://www.facebook.com/reel/1336508365019749/?comment_id=1648604299696452,0,0,0,05/23/2026 16:13:37,Facebook,facebook_comments_post_1.csv,pahlawan ko mengeluh wartawan kok alur ceritanya fiktif,8,2026-05-23 16:13:37
Y29tbWVudDoxMzE0MDM5MTM3NTg1Nzg5XzIwMDI1MzA2NzAzNDY5OTM=,100069170205912,https://scontent.fcgk43-1.fna.fbcdn.net/v/t39.30808-1/654251130_1277042394611422_3123789343804019278_n.jpg?stp=c0.0.712.712a_cp0_dst-jpg_s32x32_tt6&_nc_cat=102&ccb=1-7&_nc_sid=1d2534&_nc_eui2=AeErTvobxR_9Gkgq2yX-BfI3ojcL0ysaaoyiNwvTKxpqjA9O7hZ7ahXPqLEPAmUaF5vPsA-0GP-guF9sDfh3i_U3&_nc_ohc=-K0RXMRwrOkQ7kNvwHnhYuq&_nc_oc=AdoewNOxp1gcVYGtMaElPADedq6PRrr0-GTsbJRZgIMfu5wL5h11TPoJQP8Qgxl9qkw&_nc_zt=24&_nc_ht=scontent.fcgk43-1.fna&_nc_gid=TkbufjsLlnLDccUFTRTMiA&_nc_ss=7b2a8&oh=00_Af65iLR0-NRk7hHcd_23dU8Gf_1huvDi2RxDXT7N5Q8EKg&oe=6A1A0B47,Gilberd Ors,"Ceritanya penuh semangat,, tanda2 kekerasan tdk ada tolol",https://www.facebook.com/reel/1336508365019749/?comment_id=2002530670346993,0,0,0,05/23/2026 14:23:29,Facebook,facebook_comments_post_1.csv,ceritanya penuh semangat tanda2 kekerasan tdk ada tolol,8,2026-05-23 14:23:29
Y29tbWVudDoxMzE0MDM5MTM3NTg1Nzg5XzE0MTcwNzE3MjA0NDY4MTU=,100000185783549,https://scontent.fcgk43-1.fna.fbcdn.net/v/t1.30497-1/453178253_471506465671661_2781666950760530985_n.png?stp=cp0_dst-png_s32x32&_nc_cat=1&ccb=1-7&_nc_sid=136b72&_nc_eui2=AeFGFJyZaqPRpiRyZpRgbwBxWt9TLzuBU1Ba31MvO4FTUL8HxY2QiwXJTv5p9XLa_dMvsgUnsVhkID7reG3SHs4m&_nc_ohc=K7kB_z34aKIQ7kNvwGwMh4l&_nc_oc=AdoeRvRCc-dRS6STrqswcPaVUjYROipM-o0xx_uEpRLNOkn3nhaXfkhQ1Ta8l88uu3s&_nc_zt=24&_nc_ht=scontent.fcgk43-1.fna&_nc_ss=7b2a8&oh=00_Af77HaaZ7AUOKsyS6yIS8OKM5VEEjFCyUJR3RO1DqE9ogA&oe=6A3BD37A,Ambius Anton,Bungul ndk ketulungan,https://www.facebook.com/reel/1336508365019749/?comment_id=1417071720446815,0,0,0,05/22/2026 16:09:39,Facebook,facebook_comments_post_1.csv,bungul ndk ketulungan,3,2026-05-22 16:09:39
Y29tbWVudDoxMzE0MDM5MTM3NTg1Nzg5XzI4NTE1MzAzNDg1MTQ2MTQ=,100001709398200,https://scontent.fcgk43-1.fna.fbcdn.net/v/t39.30808-1/473832597_9276098372457050_186210954445854886_n.jpg?stp=cp0_dst-jpg_s32x32_tt6&_nc_cat=101&ccb=1-7&_nc_sid=1d2534&_nc_eui2=AeElj5VlAOQ2-xhZfUpGYsSi4tCJIJtmJAHi0Ikgm2YkAa_CWbVZ8xFf3E98OkNtTtlb6EWkNW59zFCtIDigIqKE&_nc_ohc=6O2grWOdW8sQ7kNvwGCnsSW&_nc_oc=AdobASSegpGC10YQtK7lasFl010t8G5KmIV8YEH8FGoGyr7-EbFHeiMk10sKaUKsV6o&_nc_zt=24&_nc_ht=scontent.fcgk43-1.fna&_nc_gid=TkbufjsLlnLDccUFTRTMiA&_nc_ss=7b2a8&oh=00_Af4Ovp9NuWIxDOaYY8H5_CmvwCPzrdPlmnySO96cblJC_w&oe=6A1A1AFF,Togu Napitu,Mantap...masih hidup ternyata.,https://www.facebook.com/reel/1336508365019749/?comment_id=2851530348514614,2,0,0,05/22/2026 13:31:56,Facebook,facebook_comments_post_1.csv,mantap masih hidup ternyata,4,2026-05-22 13:31:56
Y29tbWVudDoxMzE0MDM5MTM3NTg1Nzg5XzIxMzYyMTcyMzAyODc3NzE=,61580481852659,https://scontent.fcgk43-1.fna.fbcdn.net/v/t39.30808-1/637309666_122121270345016061_3439009302688090825_n.jpg?stp=cp0_dst-jpg_s32x32_tt6&_nc_cat=111&ccb=1-7&_nc_sid=e99d92&_nc_eui2=AeGnE4z2TdcNjg6J4xggN383HkHuCBNPZxceQe4IE09nF68nNGcEPyu3nLMYNcRQc4hit41KXzCNBTh72GVpLPjD&_nc_ohc=mc8nhJZKFqkQ7kNvwHETnHx&_nc_oc=Adqu8z7C9Bw9gwSkmZOMsbAy0EK5kQQRKzHHSixtYLK57bhbWQUJ6Z1I7lETuHzNNlg&_nc_zt=24&_nc_ht=scontent.fcgk43-1.fna&_nc_gid=TkbufjsLlnLDccUFTRTMiA&_nc_ss=7b2a8&oh=00_Af6bSCOjzI0Zjyu24hh3Y-94t72Wy9xxHr-_jLK0kBEAsQ&oe=6A1A091E,Okan,"Katanya mengalami begitu banyak penyiksaan, tapi kok gak ada bekas babak belur nya ya ??? Seharusnya kan ada bekas luka bagian wajah atau sekujur tubuh mereka, tapi ini kek ceritain dongeng ya ??",https://www.facebook.com/reel/1336508365019749/?comment_id=2136217230287771,0,0,0,05/25/2026 07:30:38,Facebook,facebook_comments_post_1.csv,katanya mengalami begitu banyak penyiksaan tapi kok gak ada bekas babak belur nya ya seharusnya kan ada bekas luka bagian wajah atau sekujur tubuh mereka tapi ini kek ceritain dongeng ya,31,2026-05-25 07:30:38
Y29tbWVudDoxMzE0MDM5MTM3NTg1Nzg5XzEzMDMyNTM2MTQ1ODU1MTg=,100007876751939,https://scontent.fcgk43-1.fna.fbcdn.net/v/t39.30808-1/281541746_6392029137736248_2974161101079872074_n.jpg?stp=cp0_dst-jpg_s32x32_tt6&_nc_cat=105&ccb=1-7&_nc_sid=1d2534&_nc_eui2=AeHtRHibFBvs1g4Gpa7ODomPtp_z0ZtRa3i2n_PRm1FreCAz3lWQOWPRByB5oWrkaBmcC326IvNE54l_KbLUE_DL&_nc_ohc=yWkAgfCpHb8Q7kNvwEKrmDd&_nc_oc=Adodme1cmXfhs6Sytzc1fdurrNxBeRNzpPeAefFK7ky6ElE6c7yxcPE4GePO3Hqx8yw&_nc_zt=24&_nc_ht=scontent.fcgk43-1.fna&_nc_gid=TkbufjsLlnLDccUFTRTMiA&_nc_ss=7b2a8&oh=00_Af5IH9xNC47nkDISZ4-WNVwaXwGqid8jTLbFxaAW91ouEA&oe=6A1A3BF3,Papak Dion,"Ok, kalau sudah di indo tinggal dirumah brkebun ya dek jangan kesana lagi",https://www.facebook.com/reel/1336508365019749/?comment_id=1303253614585518,0,0,0,05/22/2026 15:44:20,Facebook,facebook_comments_post_1.csv,ok kalau sudah di indo tinggal dirumah brkebun ya dek jangan kesana lagi,13,2026-05-22 15:44:20
Y29tbWVudDoxMzE0MDM5MTM3NTg1Nzg5Xzk3NDM4ODk0MjEzMDYzMA==,100031004319473,https://scontent.fcgk43-1.fna.fbcdn.net/v/t39.30808-1/683465988_1677313129978815_4191031068923181647_n.jpg?stp=cp0_dst-jpg_s32x32_tt6&_nc_cat=110&ccb=1-7&_nc_sid=e99d92&_nc_eui2=AeGFgg4voJD37mD_NfJbPYoiT9Kg6h70HPtP0qDqHvQc-y6EpIhi1GeKhXroHgteqeh6ONK9pUIkXneNz__L0fCo&_nc_ohc=Ikwo5ztLjlYQ7kNvwH56jb7&_nc_oc=Adrb_FMA1YMhf1dL0TRJdRGJPZq2LPSOnoQQfbkhwxaKXuiSir52jy7BeLmMvwQuSx0&_nc_zt=24&_nc_ht=scontent.fcgk43-1.fna&_nc_gid=TkbufjsLlnLDccUFTRTMiA&_nc_ss=7b2a8&oh=00_Af5NquS8g9n9ns7UXmhFARt3xRUqDsjuAZ_aQnWp4rwtKA&oe=6A1A328D,Bombom Loh,"Hrs nye sadar klo k sana bukan wisata, dpt cipika cipiki n marpet merah, otak d pake dl jd ktika trjadi mslh tuh otak ga berpikir d zolimi 🤔",https://www.facebook.com/reel/1336508365019749/?comment_id=974388942130630,4,0,15,05/22/2026 12:16:18,Facebook,facebook_comments_post_1.csv,hrs nye sadar klo k sana bukan wisata dpt cipika cipiki n marpet merah otak d pake dl jd ktika trjadi mslh tuh otak ga berpikir d zolimi,28,2026-05-22 12:16:18
Y29tbWVudDoxMzE0MDM5MTM3NTg1Nzg5XzE1Njg1NjM4MDc5NzQwNDc=,100005110158485,https://scontent.fcgk43-1.fna.fbcdn.net/v/t39.30808-1/414889824_2543024705877843_7870184109990078320_n.jpg?stp=c0.0.411.411a_cp0_dst-jpg_s32x32_tt6&_nc_cat=109&ccb=1-7&_nc_sid=e99d92&_nc_eui2=AeGqKqAmrRO7pxGy5xE6fySgRGvhKiLtQs9Ea-EqIu1Cz7PoXqmKWRU6f3eeIw7w7GtwFIW8rwoGf-38rbooFTgJ&_nc_ohc=Lk2iE8AKbW0Q7kNvwGhrCdM&_nc_oc=Ado-cMd3CkSWd0sCqX7lo8-w40ALxBwAVl9od4X4rkdFKjeqBrPfOtuSpPAqlH33gEs&_nc_zt=24&_nc_ht=scontent.fcgk43-1.fna&_nc_gid=YcRhZGgLZg8iQsuFy-7YbA&_nc_ss=7b2a8&oh=00_Af4RyCRmoV-kw6sDfq875qXBVfB_sQsoujU-JYfE0B5wbw&oe=6A1A0EF0,Ida Lilio,-Bombom Loh buzzer #israelteroris,https://www.facebook.com/reel/1336508365019749/?comment_id=974388942130630&reply_comment_id=1568563807974047,0,1,14,05/22/2026 17:17:34,Facebook,facebook_comments_post_1.csv,bombom loh buzzer,3,2026-05-22 17:17:34
Y29tbWVudDoxMzE0MDM5MTM3NTg1Nzg5XzEwMDM1MjkwNDU0NTMwODc=,100053706593749,https://scontent.fcgk43-1.fna.fbcdn.net/v/t39.30808-1/657352564_1453121699821369_273693508568713987_n.jpg?stp=cp0_dst-jpg_s32x32_tt6&_nc_cat=107&ccb=1-7&_nc_sid=1d2534&_nc_eui2=AeGfgJsUkwFFlw1eY5ByYsn6uwNLvGxEPQK7A0u8bEQ9AhQuD5uQe5eFRFwnAz0McBt7CM7vqfH5KFd-P9jTcSkv&_nc_ohc=GJ7C-0ifDGsQ7kNvwFJyLcJ&_nc_oc=AdpxUXbUcYmHC0d9i0GK8WlqlXjw1UOqhkTpkCwhrea6kExjAOPuN7JtqLNTh5rGgkg&_nc_zt=24&_nc_ht=scontent.fcgk43-1.fna&_nc_gid=TkbufjsLlnLDccUFTRTMiA&_nc_ss=7b2a8&oh=00_Af5Onk8OBxhDgLEVGJpFhG3ssqUyIbTGtfwubOxoLBrzjQ&oe=6A1A1A65,Anna Lete,Makanya jangan sok-sok jadi pahlawan dinegara orang bro. Atur dulu diri sendri bro.  Kalian Thu ingin seperti Husein yg minta donasi ke rakyat untk palestina tapi nyatanya tidak pernah  bawa dia apa** kesana,https://www.facebook.com/reel/1336508365019749/?comment_id=1003529045453087,0,0,1,05/22/2026 15:42:44,Facebook,facebook_comments_post_1.csv,makanya jangan sok sok jadi pahlawan dinegara orang bro atur dulu diri sendri bro kalian thu ingin seperti husein yg minta donasi ke rakyat untk palestina tapi nyatanya tidak pernah bawa dia apa kesana,34,2026-05-22 15:42:44
Y29tbWVudDoxMzE0MDM5MTM3NTg1Nzg5XzI2OTAyODg2MzU5Mzc3NTE3,100005110158485,https://scontent.fcgk43-1.fna.fbcdn.net/v/t39.30808-1/414889824_2543024705877843_7870184109990078320_n.jpg?stp=c0.0.411.411a_cp0_dst-jpg_s32x32_tt6&_nc_cat=109&ccb=1-7&_nc_sid=e99d92&_nc_eui2=AeGqKqAmrRO7pxGy5xE6fySgRGvhKiLtQs9Ea-EqIu1Cz7PoXqmKWRU6f3eeIw7w7GtwFIW8rwoGf-38rbooFTgJ&_nc_ohc=Lk2iE8AKbW0Q7kNvwGhrCdM&_nc_oc=Ado-cMd3CkSWd0sCqX7lo8-w40ALxBwAVl9od4X4rkdFKjeqBrPfOtuSpPAqlH33gEs&_nc_zt=24&_nc_ht=scontent.fcgk43-1.fna&_nc_gid=2nPUKHFFNg5un4WtFPFuFA&_nc_ss=7b2a8&oh=00_Af7Am4K0BH9PTNk304TWqFJlInUrf3yut_BFDmft0cnp9Q&oe=6A1A0EF0,Ida Lilio,-Anna Lete buzzer #israelteroris,https://www.facebook.com/reel/1336508365019749/?comment_id=1003529045453087&reply_comment_id=26902886359377517,0,1,0,05/22/2026 17:18:35,Facebook,facebook_comments_post_1.csv,anna lete buzzer,3,2026-05-22 17:18:35
Y29tbWVudDoxMzE0MDM5MTM3NTg1Nzg5XzEzNDM1NTkzNTQ1MDU3OTU=,61576155026239,https://scontent.fcgk43-1.fna.fbcdn.net/v/t39.30808-1/672688254_122176712240871834_1228091815682845522_n.jpg?stp=cp0_dst-jpg_s32x32_tt6&_nc_cat=100&ccb=1-7&_nc_sid=e99d92&_nc_eui2=AeFiV-s2YmIz1vkp0k4JUkO3-fiwIwp9nVj5-LAjCn2dWJp46Q903x1OvndmI4PLv2F939XrOgohRmjjccvQhhaw&_nc_ohc=n_dmIkz7T2EQ7kNvwHVhlCN&_nc_oc=AdqqNfqrqM5r4qOx9MM8K5xqluxYzZYzT9invkv5s4Wnuc6wOxejsWzON-5yS3xYY5c&_nc_zt=24&_nc_ht=scontent.fcgk43-1.fna&_nc_gid=TkbufjsLlnLDccUFTRTMiA&_nc_ss=7b2a8&oh=00_Af4UpuA6j3JmilbeI9d7nAkxHluRbRIk-JusaZNWX_S1Og&oe=6A1A1FDE,Azka Az,Untung kalian masih hidup,https://www.facebook.com/reel/1336508365019749/?comment_id=1343559354505795,0,0,0,05/25/2026 08:28:59,Facebook,facebook_comments_post_1.csv,untung kalian masih hidup,4,2026-05-25 08:28:59
Y29tbWVudDoxMzE0MDM5MTM3NTg1Nzg5Xzk4MjcxOTUyMTM5MTk2NQ==,100057285007512,https://scontent.fcgk43-1.fna.fbcdn.net/v/t39.30808-1/705137477_1518799436706209_2013000718480339562_n.jpg?stp=c0.180.1440.1440a_cp0_dst-jpg_s32x32_tt6&_nc_cat=111&ccb=1-7&_nc_sid=e99d92&_nc_eui2=AeEgtQIOzDU1VEg7HzHRr8ftWid3jRNhdcFaJ3eNE2F1wXjHHEqwI_q2teFXDIuj15tonkhXUqNPYEDSfPVyghtD&_nc_ohc=5b94bdETfEIQ7kNvwFlNq1n&_nc_oc=AdrTEwrKyTFKuY9xRCuRbFyXe7VV97eGnRdoyWHZmB56SXshPRHuS91K6zzmsK-ZTj4&_nc_zt=24&_nc_ht=scontent.fcgk43-1.fna&_nc_gid=Y8OCigNaTu-VPbKKp0iSEg&_nc_ss=7b2a8&oh=00_Af5zJXrHBIBiZ8P04LCP9R9FCh7lP9cwAYuIQAZq4SvXrg&oe=6A1A1E16,Anthony Ha Lim,"Turut prihatin atas apa yang terjadi pada para aktivis ini, semoga tuhan memberikan yng terbaik kedepannya",https://www.facebook.com/reel/1336508365019749/?comment_id=982719521391965,1,0,0,05/22/2026 13:21:01,Facebook,facebook_comments_post_1.csv,turut prihatin atas apa yang terjadi pada para aktivis ini semoga tuhan memberikan yng terbaik kedepannya,16,2026-05-22 13:21:01
Y29tbWVudDoxMzE0MDM5MTM3NTg1Nzg5XzE0MDcyMTUxMDEyMTIxMjQ=,61559812628749,https://scontent.fcgk43-1.fna.fbcdn.net/v/t39.30808-1/595025658_122199623078327087_3661484819075239080_n.jpg?stp=cp0_dst-jpg_s32x32_tt6&_nc_cat=105&ccb=1-7&_nc_sid=1d2534&_nc_eui2=AeFrREKcoete4OLnGdWUNtWANMeGAb6qhs40x4YBvqqGzu5Ijlm6paessrREFxm6aRdsDYwP9pr-S-LPETQ0z-eg&_nc_ohc=3en75V9-18UQ7kNvwH87TCv&_nc_oc=AdoP7J3zhYrdn4mfYaV9-zS8VUPWVEw1r-iDyQdhDTQ9PKSk16SyjptmwXkkPZGrIuY&_nc_zt=24&_nc_ht=scontent.fcgk43-1.fna&_nc_gid=Y8OCigNaTu-VPbKKp0iSEg&_nc_ss=7b2a8&oh=00_Af4gjCJ90TU5bj_LIVdMaSZWqb_R13vxNgJ-Ntwv3dtvqw&oe=6A1A3AD7,Angin Utara,"SD tertanam kebencian kepada Israel,apa yg di lakukan tentara Israel di anggap salah.",https://www.facebook.com/reel/1336508365019749/?comment_id=1407215101212124,0,0,0,05/24/2026 02:37:07,Facebook,facebook_comments_post_1.csv,sd tertanam kebencian kepada israel apa yg di lakukan tentara israel di anggap salah,14,2026-05-24 02:37:07
Y29tbWVudDoxMzE0MDM5MTM3NTg1Nzg5XzM1ODQ3OTcxOTUxNTE0NDUx,61578872555946,https://scontent.fcgk43-1.fna.fbcdn.net/v/t39.30808-1/687467674_122160966182962418_4846463730255335439_n.jpg?stp=cp0_dst-jpg_s32x32_tt6&_nc_cat=108&ccb=1-7&_nc_sid=e99d92&_nc_eui2=AeHtCRAy9RVavveEMjzdvbuyO08cKQ3Enrk7TxwpDcSeuX0VlMtGU3Aq8C51WT5RLreYi_YIp2209sg34_iKu12J&_nc_ohc=KJNqW3VNqAgQ7kNvwEDOlDX&_nc_oc=AdqHuPKjCEJQPacPyCgrbwxDLf0lxxGCMTUAxIH-b9UfC8wMcVes2GC-XSpdr27T3FI&_nc_zt=24&_nc_ht=scontent.fcgk43-1.fna&_nc_gid=Y8OCigNaTu-VPbKKp0iSEg&_nc_ss=7b2a8&oh=00_Af5_bE_ThU6ZidQCKg-Ms-OhKOCk-DxJpI61Brvhhs2cFQ&oe=6A1A398F,Dadang Sujaya,Enak ya digeplak IDF !,https://www.facebook.com/reel/1336508365019749/?comment_id=35847971951514451,0,0,0,05/22/2026 17:50:02,Facebook,facebook_comments_post_1.csv,enak ya digeplak idf,4,2026-05-22 17:50:02
Y29tbWVudDoxMzE0MDM5MTM3NTg1Nzg5XzE1MDY5OTIzMjExMTk2MzQ=,100002279721597,https://scontent.fcgk43-1.fna.fbcdn.net/v/t39.30808-1/525715312_24072198702439451_3206053640924356357_n.jpg?stp=cp0_dst-jpg_s32x32_tt6&_nc_cat=110&ccb=1-7&_nc_sid=e99d92&_nc_eui2=AeE7nAHH63VNLNsTSwJKSYnsz6NhDHu-dR_Po2EMe751HzpL8LSMYll_bOAPscLIqB_i9oMsU8IxJM2vqKNZYmpe&_nc_ohc=y4FBjLcN8SEQ7kNvwGCgR8Z&_nc_oc=AdpvU6qs2jsYMao4iZlDuxzYGoMgBHKOwsxTwvIpiKBRihitL-gu4OrAvRwp4Pkjinc&_nc_zt=24&_nc_ht=scontent.fcgk43-1.fna&_nc_gid=Y8OCigNaTu-VPbKKp0iSEg&_nc_ss=7b2a8&oh=00_Af4McoXEvLZt1kmkisjAzIS1uiGDozmwAb6v_nxWHhw5ag&oe=6A1A15C6,Ryan Alfatih,Coba nyebut nama prabowo. Pasti aman. Wong yg jaga keamanan israhell kan prabowo,https://www.facebook.com/reel/1336508365019749/?comment_id=1506992321119634,1,0,0,05/22/2026 12:30:35,Facebook,facebook_comments_post_1.csv,coba nyebut nama prabowo pasti aman wong yg jaga keamanan israhell kan prabowo,13,2026-05-22 12:30:35
Y29tbWVudDoxMzE0MDM5MTM3NTg1Nzg5XzM5MTMxODAzNjU2NDMzMTc=,61559552484349,https://scontent.fcgk43-1.fna.fbcdn.net/v/t39.30808-1/692073042_122215529132318416_264143457895968185_n.jpg?stp=cp0_dst-jpg_s32x32_tt6&_nc_cat=104&ccb=1-7&_nc_sid=e99d92&_nc_eui2=AeEaRxercVJyjZFX32OLXbssIH2hEknpCgcgfaESSekKBzgJra9ux7Awzr6fiyNc2agQSVOdzTNx_NJBQNHp9-dD&_nc_ohc=Wu5XH5wtg24Q7kNvwGblckO&_nc_oc=Adr6yg59RFEZjyLGl4XPngZDhyaGy3JWOzEHo1ClT-M-uWxWpPvNd39qH0NOHZ7GSbE&_nc_zt=24&_nc_ht=scontent.fcgk43-1.fna&_nc_gid=Y8OCigNaTu-VPbKKp0iSEg&_nc_ss=7b2a8&oh=00_Af60kHx9Zvoh8JuqKSt8Rxvwh4Q6EromeEomzZ-mCrzHIA&oe=6A1A2B89,Willson Ar,Sampah,https://www.facebook.com/reel/1336508365019749/?comment_id=3913180365643317,0,0,0,05/22/2026 14:39:48,Facebook,facebook_comments_post_1.csv,sampah,1,2026-05-22 14:39:48
Y29tbWVudDoxMzE0MDM5MTM3NTg1Nzg5Xzg1MjIxODk3NDAyOTM5Mw==,61555055554418,https://scontent.fcgk43-1.fna.fbcdn.net/v/t39.30808-1/416041548_122101161428168518_3835805206877630427_n.jpg?stp=cp0_dst-jpg_s32x32_tt6&_nc_cat=106&ccb=1-7&_nc_sid=e99d92&_nc_eui2=AeHu30khGEB7AhBOoUiBHXV-BbFWOyucdI0FsVY7K5x0jfTpLwOpy3yn-ir3Us-a_3PjURZ0ATDXpMdy-n2NHZUM&_nc_ohc=3j_5IwYYBiAQ7kNvwFkR6Rg&_nc_oc=AdqMkGvaUwGzlZs6LIo_YPBRvOkUWvMSPkkFimslpSiYOcdg6JMu1C-cbPq8gRzKPjQ&_nc_zt=24&_nc_ht=scontent.fcgk43-1.fna&_nc_gid=Y8OCigNaTu-VPbKKp0iSEg&_nc_ss=7b2a8&oh=00_Af6yBXrmuqfEcc82Dft2ncBAzGhO5VMDmhxa5E6lk42lHw&oe=6A1A3F80,Bang Brogol,Jauh jauh keisrael hanya buat sujud bertekuk lutut sama idf😆😆😆😆😆,https://www.facebook.com/reel/1336508365019749/?comment_id=852218974029393,0,0,0,05/22/2026 18:23:07,Facebook,facebook_comments_post_1.csv,jauh jauh keisrael hanya buat sujud bertekuk lutut sama idf,10,2026-05-22 18:23:07
Y29tbWVudDoxMzE0MDM5MTM3NTg1Nzg5XzE3Mjc0NzI1NzE1OTgzMzE=,100034966612643,https://scontent.fcgk43-1.fna.fbcdn.net/v/t39.30808-1/499734921_1427621468413393_6394614059535737052_n.jpg?stp=cp0_dst-jpg_s32x32_tt6&_nc_cat=111&ccb=1-7&_nc_sid=e99d92&_nc_eui2=AeEzZ6FIUU1GNHfijLksB3RDY7WGeFx_uJtjtYZ4XH-4m9twHyZXQ8Nty2fp5mqFlg8KzZEWC-LQHOqm6oFjOPEv&_nc_ohc=5GmP5aBI1C0Q7kNvwEelSih&_nc_oc=AdohvfC2CujSsUYDvt1oAtbUoI1QJ-30eMhMJXL1zV7rW6Uzr0lPGabG8acSDIbfGtY&_nc_zt=24&_nc_ht=scontent.fcgk43-1.fna&_nc_gid=Y8OCigNaTu-VPbKKp0iSEg&_nc_ss=7b2a8&oh=00_Af7PcxSDfir9EHLScR18fjJI4jigTJ9PZWDP3pwQxZh4uQ&oe=6A1A3D83,Karuhun Karuhun,"Dsini lebi keji lagi,sedarah setanah air saja msih saling menyakiti....",https://www.facebook.com/reel/1336508365019749/?comment_id=1727472571598331,0,0,0,05/22/2026 13:34:24,Facebook,facebook_comments_post_1.csv,dsini lebi keji lagi sedarah setanah air saja msih saling menyakiti,11,2026-05-22 13:34:24
Y29tbWVudDoxMzE0MDM5MTM3NTg1Nzg5XzE1MjYwMTYyMjIyNTgzMDg=,100000094048795,https://scontent.fcgk43-1.fna.fbcdn.net/v/t39.30808-1/494752554_24069300579323074_2732156535371557795_n.jpg?stp=c0.0.558.558a_cp0_dst-jpg_s32x32_tt6&_nc_cat=104&ccb=1-7&_nc_sid=1d2534&_nc_eui2=AeHzdmcBXP92iVjYor_Sy04uc7tyyrycMk9zu3LKvJwyT-Q4G4hNYq_W-cgerIL6OoL2oMlNDaCwLVPfo3aTLv8m&_nc_ohc=cO3JG5aKMucQ7kNvwHTxssp&_nc_oc=Adpt7_cv-ErsU_r_fVCnp430IIrsNrplmYpwWsq3qKvwHgD5Mnpz4Sg4FeWPQ5WbpoE&_nc_zt=24&_nc_ht=scontent.fcgk43-1.fna&_nc_gid=Y8OCigNaTu-VPbKKp0iSEg&_nc_ss=7b2a8&oh=00_Af6XFyF5JWIlsgQBVtXvnCvot3XJ_DRvNwMlukEEDgq_2g&oe=6A1A0E9E,Roni Ahmd,Andaikan israel bertetangga dengan Indonesia saya pastikan saya akan jihad..,https://www.facebook.com/reel/1336508365019749/?comment_id=1526016222258308,0,0,0,05/22/2026 14:13:32,Facebook,facebook_comments_post_1.csv,andaikan israel bertetangga dengan indonesia saya pastikan saya akan jihad,10,2026-05-22 14:13:32
Y29tbWVudDoxMzE0MDM5MTM3NTg1Nzg5Xzk5NjU5Mzk0NjQ0MzUwNA==,100082586156892,https://scontent.fcgk43-1.fna.fbcdn.net/v/t39.30808-1/453343986_473646185398249_7476958087342825686_n.jpg?stp=cp0_dst-jpg_s32x32_tt6&_nc_cat=104&ccb=1-7&_nc_sid=1d2534&_nc_eui2=AeHsm9mkZwN92NeneqlzV5hDeUC1pelmcBh5QLWl6WZwGIUyGfSAx7da4CDFUqERNNlU88dWZfYnzjg6dN0nwyW6&_nc_ohc=MxnoFsZIIJUQ7kNvwFQZ4qn&_nc_oc=Ado97CVhaBJi_wMzdKhSOVIh4msEnF4ZmqdydZAhzNkr4prUAilKawCdklLe6XItkMA&_nc_zt=24&_nc_ht=scontent.fcgk43-1.fna&_nc_gid=Y8OCigNaTu-VPbKKp0iSEg&_nc_ss=7b2a8&oh=00_Af6jjynksTJdoQkGNgIsjarH7sktbKSRLq-0iUSUDxTfUQ&oe=6A1A3B02,Beverly Hanna,Pulang2 maunya dihargai sbg pahlawan 🤣🤣 pahlawan donasi k°nd•m yak 🤣🤣,https://www.facebook.com/reel/1336508365019749/?comment_id=996593946443504,0,0,0,05/25/2026 08:25:50,Facebook,facebook_comments_post_1.csv,pulang2 maunya dihargai sbg pahlawan pahlawan donasi k nd m yak,11,2026-05-25 08:25:50
Y29tbWVudDoxMzE0MDM5MTM3NTg1Nzg5XzE2NDA4NDA1MzA1MDM0MTU=,100014321497520,https://scontent.fcgk43-1.fna.fbcdn.net/v/t39.30808-1/527794298_2111796405974389_4804323611941369130_n.jpg?stp=cp0_dst-jpg_s32x32_tt6&_nc_cat=111&ccb=1-7&_nc_sid=e99d92&_nc_eui2=AeFFy2gUfllz3WbIdQMuuO54-lg8OZGhJR76WDw5kaElHqapCS3KzbsQKfcZERWiih_LFgbUnFmNMDgKo4cEXZ9q&_nc_ohc=yZ0Vv3nbeSYQ7kNvwF0WqAf&_nc_oc=Ado_UIDgSL99ExlVQlZHhMhnrWUS5wI4vwM5qWJa796-daVYFsR91aAZMVC27h4LbWQ&_nc_zt=24&_nc_ht=scontent.fcgk43-1.fna&_nc_gid=Y8OCigNaTu-VPbKKp0iSEg&_nc_ss=7b2a8&oh=00_Af5sfVtc6nRSbVW4yUbFUWUw17mO2aFQ0u4eezbe6ovNPA&oe=6A1A1D02,Deret Ukur,Terus manfaatnya ap buat orang Palestina? 😆,https://www.facebook.com/reel/1336508365019749/?comment_id=1640840530503415,0,0,0,05/23/2026 07:25:37,Facebook,facebook_comments_post_1.csv,terus manfaatnya ap buat orang palestina,6,2026-05-23 07:25:37
Y29tbWVudDoxMzE0MDM5MTM3NTg1Nzg5XzE3NDkzODk4NDY0NDA1MTM=,100003598225054,https://scontent.fcgk43-1.fna.fbcdn.net/v/t39.30808-1/615462965_3795288700601033_6954576452707364731_n.jpg?stp=c90.0.340.340a_cp0_dst-jpg_s32x32_tt6&_nc_cat=100&ccb=1-7&_nc_sid=1d2534&_nc_eui2=AeETQtUvj8uQwZp2pnMV6r-BFXpDkh0A-rsVekOSHQD6u_XNuvk_I1WL3uzgeAsEfrd4MIXZDrhP1job5aeHEPm1&_nc_ohc=MWy1Tv-OUb0Q7kNvwFjtAoP&_nc_oc=Adrh9j08l_o4Hi2E4aeHny7-_bTIrQ0XWeMUOl3N0QvGstYHbOXls9OqVOLYtoLcE9g&_nc_zt=24&_nc_ht=scontent.fcgk43-1.fna&_nc_gid=3JQBMziX00Q9fUg9p8kYyw&_nc_ss=7b2a8&oh=00_Af7AfFvMrDfYbYjA2yXZ3LRM6Lsl19QeacXcrRSvgSp6Ow&oe=6A1A2012,Apena J Serfis,😁😂😁😂😁😂😁😂😁😂😁😂😁😂😁😂😁😂😁😂😁😂😁😂😁😂😁😂😁😂😁😂😁😂😁😂😁😂😁😂😁😂😁😂😁😂😁😂😁😂😁😂😁😂😁😂😁😁😂😁😁😂😂😁😁😂,https://www.facebook.com/reel/1336508365019749/?comment_id=1749389846440513,0,0,0,05/25/2026 05:54:27,Facebook,facebook_comments_post_1.csv,,0,2026-05-25 05:54:27
Y29tbWVudDoxMzE0MDM5MTM3NTg1Nzg5XzI4MzI1MDQyNjcwOTIyMTg=,100009988209619,https://scontent.fcgk43-1.fna.fbcdn.net/v/t39.30808-1/500761601_2536465626696353_3345696057605231108_n.jpg?stp=cp0_dst-jpg_s32x32_tt6&_nc_cat=111&ccb=1-7&_nc_sid=e99d92&_nc_eui2=AeHCL8jmnYbSJ0ZdPOFrF7TdlcPp3PeA0ZCVw-nc94DRkHI3yn3u2wwf1irM_AwJpx0j36STdF0b7_V_c6tNTaDw&_nc_ohc=n0JGBWCGq9YQ7kNvwFQnWJQ&_nc_oc=AdoT79vIB-Y56sNOmjIeHDH1abgflPCHWPxqFSQmD9lI9VKmkaivY4zKu0yeGxCiEYI&_nc_zt=24&_nc_ht=scontent.fcgk43-1.fna&_nc_gid=3JQBMziX00Q9fUg9p8kYyw&_nc_ss=7b2a8&oh=00_Af5WpW_PKDx2SImkFOq6EQktRXCr6KCbc8S3nHaWVgjN5A&oe=6A1A3DBC,Manik Pertiwi,https://scontent.fcgk43-1.fna.fbcdn.net/v/t39.1997-6/544612038_23944352491909661_5525083580747927579_n.webp?stp=dst-webp_tf0-1&_nc_cat=105&ccb=1-7&_nc_sid=72b077&_nc_eui2=AeEvpwHPag_qnMS6oXb_4vclTizghtcfPsBOLOCG1x8-wIMjlwHfgJXPSCas84U-exqVMur2iDW1wo5vw6Za-1nX&_nc_ohc=RghuapyIOrcQ7kNvwFtZU-L&_nc_oc=Adr44ArK6JnmqHupAhhi79ywcuEYHhizrv3KV2NhhouUIuUmvsy6Av2Z23oi2Q3JnQc&_nc_zt=26&_nc_ht=scontent.fcgk43-1.fna&_nc_gid=3JQBMziX00Q9fUg9p8kYyw&_nc_ss=7b2a8&oh=00_Af7Kin_Czks5ub6oqTK3drpOwje8NdeAG0QKso6BQ5kL3w&oe=6A1A0B04,https://www.facebook.com/reel/1336508365019749/?comment_id=2832504267092218,0,0,0,05/22/2026 13:56:03,Facebook,facebook_comments_post_1.csv,,0,2026-05-22 13:56:03
Y29tbWVudDoxMzE0MDM5MTM3NTg1Nzg5XzI3NDU5OTgyNDIwMjc5ODA0,100001707490421,https://scontent.fcgk43-1.fna.fbcdn.net/v/t39.30808-1/501325041_23871100622530187_7524473518789921116_n.jpg?stp=cp0_dst-jpg_s32x32_tt6&_nc_cat=103&ccb=1-7&_nc_sid=1d2534&_nc_eui2=AeFcJ4E7AyWkCfsrAn-nVPLPowRIkUnENGCjBEiRScQ0YHu7EuF_aje6iOUMzhpL4CdxH7yayQAThmDfKG_zfNcl&_nc_ohc=I9KFoAY8N8oQ7kNvwFFPSrY&_nc_oc=AdrMU4YQykf6Mq0KpLel5x-gYStmkNooC9hMir4bQRY6589lRvotfzPKcuYANho1U6Q&_nc_zt=24&_nc_ht=scontent.fcgk43-1.fna&_nc_gid=3JQBMziX00Q9fUg9p8kYyw&_nc_ss=7b2a8&oh=00_Af5uB9MsQFvdQXdvPvF-D3B2szexsCtLdGPrQ48qpWCQfw&oe=6A1A1533,Kairos Nainggolan,😄😄😄,https://www.facebook.com/reel/1336508365019749/?comment_id=27459982420279804,0,0,0,05/22/2026 18:01:52,Facebook,facebook_comments_post_1.csv,,0,2026-05-22 18:01:52
Y29tbWVudDoxMzE0MDM5MTM3NTg1Nzg5XzI4NTQxOTk5MjQ5NDY1Nzk=,100003794893692,https://scontent.fcgk43-1.fna.fbcdn.net/v/t1.6435-1/91409056_1826115287524950_5131818399197822976_n.jpg?stp=c5.0.436.436a_cp0_dst-jpg_s32x32_tt6&_nc_cat=102&ccb=1-7&_nc_sid=e99d92&_nc_eui2=AeHhW_LpncLUslB6Zp4lUucWVsqwJKwzmAFWyrAkrDOYARhy2ULdlBhS3s22wDFqMzhmeqU-i99EBzhICGAcixg-&_nc_ohc=h2pZHgJY9kYQ7kNvwHiB3vP&_nc_oc=AdrjhQKPm36ATY-9ST1WVEUOtCBqu-G2zS8J6yGmxG5MPuI7EmS0XifGNYwQb-bItC4&_nc_zt=24&_nc_ht=scontent.fcgk43-1.fna&_nc_gid=3JQBMziX00Q9fUg9p8kYyw&_nc_ss=7b2a8&oh=00_Af7p8Av_Bpn8nSN2D3WaDEOK6nBncIMqzswMQjvpAxzoCQ&oe=6A3BC3CC,Paulus Ngadiman,https://scontent.fcgk43-1.fna.fbcdn.net/v/t39.1997-6/550736544_24860748880216926_1106568109275091986_n.webp?_nc_cat=107&ccb=1-7&_nc_sid=72b077&_nc_eui2=AeHmwKIKl78BjxeRMCbPdUDlQKBXKiWXPEBAoFcqJZc8QGn-UwIqvDA6fpUVjYdX3iChWraF2BpoplR5Rj4EsZ1W&_nc_ohc=ZKSUjwanlRQQ7kNvwEHfP97&_nc_oc=AdqqlTr5AeVPtzSWgX0wextonMuHOsCgax1CX1roU5-N2nErGXLeAD6mc4ZWjkCTLVo&_nc_zt=26&_nc_ht=scontent.fcgk43-1.fna&_nc_gid=3JQBMziX00Q9fUg9p8kYyw&_nc_ss=7b2a8&oh=00_Af6NG6AHRU-nHPz8PAGE2lgBjyebunBZwxQ_ZEx0gGQvvQ&oe=6A1A1981,https://www.facebook.com/reel/1336508365019749/?comment_id=2854199924946579,0,0,0,05/23/2026 09:15:10,Facebook,facebook_comments_post_1.csv,,0,2026-05-23 09:15:10
Y29tbWVudDoxMzE0MDM5MTM3NTg1Nzg5XzMzMTM1NjgwNDg4MTQxOTU=,100084202636799,https://scontent.fcgk43-1.fna.fbcdn.net/v/t39.30808-1/705259744_960790260071053_7585327022927224198_n.jpg?stp=cp0_dst-jpg_s32x32_tt6&_nc_cat=101&ccb=1-7&_nc_sid=e99d92&_nc_eui2=AeEk4XJyHeshh4PmCA0w9W8-Hx2DdN4A7qQfHYN03gDupHIiqujQCIuBSBO8G9o8NwQ0MT8bIOU6vCUmyj_i1Fai&_nc_ohc=ylt5Mylchq0Q7kNvwG7wIt9&_nc_oc=AdpvJNZRDp6uw0WoD2DvPTw03UgRVXNLDd46de0I3uLcilRVhponC0isSGtGO26CUIU&_nc_zt=24&_nc_ht=scontent.fcgk43-1.fna&_nc_gid=3JQBMziX00Q9fUg9p8kYyw&_nc_ss=7b2a8&oh=00_Af7ArtLeeC8mFwibt4QjIHsvevTOciF0rW8b_C1a3_DBKA&oe=6A1A316E,Haurissa Kendrik Menorah,"Ini pukul diri sendiri trus ngaku ke media dan Negara di siksa Tentara IDF.
Klo memang betul Kemarin di siksa paling yg plg ke Indo cuma jenazah Pengedar narkoba dan kondom mania ini 😂🤣",https://www.facebook.com/reel/1336508365019749/?comment_id=3313568048814195,0,0,0,05/25/2026 18:18:07,Facebook,facebook_comments_post_1.csv,ini pukul diri sendiri trus ngaku ke media dan negara di siksa tentara idf klo memang betul kemarin di siksa paling yg plg ke indo cuma jenazah pengedar narkoba dan kondom mania ini,33,2026-05-25 18:18:07
Y29tbWVudDoxMzE0MDM5MTM3NTg1Nzg5XzQ0MDE4MTI2ODM0NzE3NDU=,100091545818966,https://scontent.fcgk43-1.fna.fbcdn.net/v/t39.30808-1/339291804_748291193492290_4089579673770718594_n.jpg?stp=cp0_dst-jpg_s32x32_tt6&_nc_cat=105&ccb=1-7&_nc_sid=e99d92&_nc_eui2=AeEyoQJ-nfIVxMmRgZnHHaWcFfQhLUjGYtwV9CEtSMZi3PXUYR7s5W8Y3Gww3EgC-tec-BYcBCHCrEEjyztSJ4zC&_nc_ohc=9MVHe6DAH-8Q7kNvwG_xgEV&_nc_oc=AdouD8znQSMIWod8l-oCljG_SI9EBt6nNqxnhEcdleYV1HItm_jFGUDuFK-vaMOvYx4&_nc_zt=24&_nc_ht=scontent.fcgk43-1.fna&_nc_gid=3JQBMziX00Q9fUg9p8kYyw&_nc_ss=7b2a8&oh=00_Af7mdPmMFdW-5ne55VFdN9iLcNGgj8Z_bbAK8bNGy-FFtw&oe=6A1A0893,Radinurdin Tel,Lu..... Cu.....,https://www.facebook.com/reel/1336508365019749/?comment_id=4401812683471745,0,0,0,05/23/2026 10:09:34,Facebook,facebook_comments_post_1.csv,lu cu,2,2026-05-23 10:09:34
Y29tbWVudDoxMzE0MDM5MTM3NTg1Nzg5XzIwMTkzMTc4MzU2MjY5MTE=,100040972982973,https://scontent.fcgk43-1.fna.fbcdn.net/v/t39.30808-1/324146724_929738478012170_1091962581875220538_n.jpg?stp=cp0_dst-jpg_s32x32_tt6&_nc_cat=100&ccb=1-7&_nc_sid=e99d92&_nc_eui2=AeG1zToZ3SdKl4caMAQV1rRmRDZpKkA_hQtENmkqQD-FC140WbOIWz2W_nX4GEtwq9HZd_P3yg4DNofzvWPzcE6y&_nc_ohc=M6fI3wRs6BQQ7kNvwELuUqR&_nc_oc=AdplCNpIaijQPEYh4VV8FB5xYvQEh_GROPYZRJEIipu-1TvV6pl3hcOwMUgu8tecbuc&_nc_zt=24&_nc_ht=scontent.fcgk43-1.fna&_nc_gid=3JQBMziX00Q9fUg9p8kYyw&_nc_ss=7b2a8&oh=00_Af7FMe0e9zBnTLO2Prq6qtQLsb2FWEiABbV-nOSuu_t5eA&oe=6A1A3410,Radesman Saragih,M4mpus lu pada...kurang kerjaan sih...,https://www.facebook.com/reel/1336508365019749/?comment_id=2019317835626911,0,0,1,05/22/2026 15:26:00,Facebook,facebook_comments_post_1.csv,m4mpus lu pada kurang kerjaan sih,6,2026-05-22 15:26:00
Y29tbWVudDoxMzE0MDM5MTM3NTg1Nzg5Xzk2NDU4NzY4NjQ5MjAyNA==,100005110158485,https://scontent.fcgk43-1.fna.fbcdn.net/v/t39.30808-1/414889824_2543024705877843_7870184109990078320_n.jpg?stp=c0.0.411.411a_cp0_dst-jpg_s32x32_tt6&_nc_cat=109&ccb=1-7&_nc_sid=e99d92&_nc_eui2=AeGqKqAmrRO7pxGy5xE6fySgRGvhKiLtQs9Ea-EqIu1Cz7PoXqmKWRU6f3eeIw7w7GtwFIW8rwoGf-38rbooFTgJ&_nc_ohc=Lk2iE8AKbW0Q7kNvwGhrCdM&_nc_oc=Ado-cMd3CkSWd0sCqX7lo8-w40ALxBwAVl9od4X4rkdFKjeqBrPfOtuSpPAqlH33gEs&_nc_zt=24&_nc_ht=scontent.fcgk43-1.fna&_nc_gid=Zfzd16WzW_P4hjj3AcXLtw&_nc_ss=7b2a8&oh=00_Af5WOLiVuAZVvrEuhO2J09ck9UgxqwnMVuw9FHUuZ3NMkw&oe=6A1A0EF0,Ida Lilio,-Radesman Saragih buzzer #israelteroris,https://www.facebook.com/reel/1336508365019749/?comment_id=2019317835626911&reply_comment_id=964587686492024,0,1,0,05/22/2026 17:22:11,Facebook,facebook_comments_post_1.csv,radesman saragih buzzer,3,2026-05-22 17:22:11
Y29tbWVudDoxMzE0MDM5MTM3NTg1Nzg5XzEyOTU4NTg4NjIxNzI5MTA=,100011069621110,https://scontent.fcgk43-1.fna.fbcdn.net/v/t39.30808-1/440945417_2124833814562252_1642739740563866187_n.jpg?stp=cp0_dst-jpg_s32x32_tt6&_nc_cat=100&ccb=1-7&_nc_sid=e99d92&_nc_eui2=AeHaS7gWDgcrHpusXm_xjIONBIVtBBuy6zYEhW0EG7LrNqGiJKA6CHMwXZC7nHYJLLUaUZF2_oBx83ZaZM2clckX&_nc_ohc=J2imEI0yHMIQ7kNvwEsuuUt&_nc_oc=AdpCRudXg9I1w_BTImJx4DBxKoRdLy1GXTpzJB03bJ5cP4WSYh-TxoxDBeJjj0tNtOE&_nc_zt=24&_nc_ht=scontent.fcgk43-1.fna&_nc_gid=3JQBMziX00Q9fUg9p8kYyw&_nc_ss=7b2a8&oh=00_Af5flfuMlhAAmp9hpHCqclfPuElWopLVZz63dnuKb5h2Cw&oe=6A1A2356,Betty Simanjuntak,katawa ketiwinya,https://www.facebook.com/reel/1336508365019749/?comment_id=1295858862172910,0,0,0,05/23/2026 00:27:58,Facebook,facebook_comments_post_1.csv,katawa ketiwinya,2,2026-05-23 00:27:58
Y29tbWVudDoxMzE0MDM5MTM3NTg1Nzg5XzE0NzEyNTE5NjE0NDQ0NzE=,100005110158485,https://scontent.fcgk43-1.fna.fbcdn.net/v/t39.30808-1/414889824_2543024705877843_7870184109990078320_n.jpg?stp=c0.0.411.411a_cp0_dst-jpg_s32x32_tt6&_nc_cat=109&ccb=1-7&_nc_sid=e99d92&_nc_eui2=AeGqKqAmrRO7pxGy5xE6fySgRGvhKiLtQs9Ea-EqIu1Cz7PoXqmKWRU6f3eeIw7w7GtwFIW8rwoGf-38rbooFTgJ&_nc_ohc=Lk2iE8AKbW0Q7kNvwGhrCdM&_nc_oc=Ado-cMd3CkSWd0sCqX7lo8-w40ALxBwAVl9od4X4rkdFKjeqBrPfOtuSpPAqlH33gEs&_nc_zt=24&_nc_ht=scontent.fcgk43-1.fna&_nc_gid=3JQBMziX00Q9fUg9p8kYyw&_nc_ss=7b2a8&oh=00_Af7L86Ph6TTpmAr0VRGsL8Dp4xzeDnf5IFnKRqiPyu4vhA&oe=6A1A0EF0,Ida Lilio,#israelteroris,https://www.facebook.com/reel/1336508365019749/?comment_id=1471251961444471,0,0,0,05/22/2026 17:14:51,Facebook,facebook_comments_post_1.csv,,0,2026-05-22 17:14:51
Y29tbWVudDoxMzE0MDM5MTM3NTg1Nzg5XzIwMzgwMTQ0MjA0NzgwMDU=,100091729891928,https://scontent.fcgk43-1.fna.fbcdn.net/v/t39.30808-1/490309421_593933703674288_5027619621674366033_n.jpg?stp=cp0_dst-jpg_s32x32_tt6&_nc_cat=101&ccb=1-7&_nc_sid=e99d92&_nc_eui2=AeGfE_aLQ3gOQwmMgKeU1A-1YKTZzHl5SyNgpNnMeXlLIzHYsIdu9PFWhWR_58FFBEElM0LPOwMmj_tc22A0Z2RF&_nc_ohc=k9DRvXhhIIcQ7kNvwHrV7Tu&_nc_oc=Adr_-R1JoMfNWGixsw_D3TQD-AjIGY1vuwDk1Hr9-Iewx4onc56vAFBD8p5jYIlC5RQ&_nc_zt=24&_nc_ht=scontent.fcgk43-1.fna&_nc_gid=3JQBMziX00Q9fUg9p8kYyw&_nc_ss=7b2a8&oh=00_Af5OegnYWsXNHNcTgXd2sAIjnhim0PnXdigjwgM3IJMssQ&oe=6A1A1CC1,Jhon Gendhos,Malah NGEDABRUS nek cerito,https://www.facebook.com/reel/1336508365019749/?comment_id=2038014420478005,0,0,0,05/22/2026 19:43:47,Facebook,facebook_comments_post_1.csv,malah ngedabrus nek cerito,4,2026-05-22 19:43:47
Y29tbWVudDoxMzE0MDM5MTM3NTg1Nzg5Xzg1OTA3OTcyNjY5NzQ3MQ==,100007916717375,https://scontent.fcgk43-1.fna.fbcdn.net/v/t39.30808-1/399263297_3656294567977731_3669494582197502766_n.jpg?stp=cp0_dst-jpg_s32x32_tt6&_nc_cat=103&ccb=1-7&_nc_sid=1d2534&_nc_eui2=AeFRtWB1xObuhOYnnLkdaXHkcgnT2anQQL9yCdPZqdBAv3Nne1nLv6iVZvPvHh_75QqLjIAJLrSHAFMin-lWAiN6&_nc_ohc=V-H0fKN575gQ7kNvwFBvMfU&_nc_oc=AdpDXeigXyk1vI0LfMEBU3PHAnUjQblaxy9ZwCuV536EazGQr1SC8oqUWf9J258SVJY&_nc_zt=24&_nc_ht=scontent.fcgk43-1.fna&_nc_gid=ewlZ_zqGvnjcvkWguRVoVg&_nc_ss=7b2a8&oh=00_Af7iFLItai-N0_LuXWjGOJOym_8alp2Jfj7iQX808Bu-Tw&oe=6A1A30C6,Alhiy Zheb,Untung saja tidak kena peluru😂,https://www.facebook.com/reel/1336508365019749/?comment_id=859079726697471,0,0,0,05/23/2026 07:55:59,Facebook,facebook_comments_post_1.csv,untung saja tidak kena peluru,5,2026-05-23 07:55:59
Y29tbWVudDoxMzE0MDM5MTM3NTg1Nzg5XzE4OTg1OTE1NDA4MTMwMTY=,100000268511230,https://scontent.fcgk43-1.fna.fbcdn.net/v/t39.30808-1/462709407_8876048165747379_2484869088503139420_n.jpg?stp=c75.0.453.453a_cp0_dst-jpg_s32x32_tt6&_nc_cat=102&ccb=1-7&_nc_sid=e99d92&_nc_eui2=AeGGyebOBvTllHGfwxT5kPhP5ZjXuo5JpPLlmNe6jkmk8tx2_WVeof8RF84J4w-iv-rxAcz9co-UJkPZOVmKT0LR&_nc_ohc=_nF7PH1Sdl4Q7kNvwGJ39mT&_nc_oc=AdqR6SRjPguCOSh4OeCx-kshrhF0AKoO-dXOS5_-xf0GJ-Unu67LeaMI1appVdZPOhE&_nc_zt=24&_nc_ht=scontent.fcgk43-1.fna&_nc_gid=ewlZ_zqGvnjcvkWguRVoVg&_nc_ss=7b2a8&oh=00_Af5AbO7ITdZ4__ha_B6EJ8bYGKdOTsM0w4O5_mb7pVamrw&oe=6A1A0948,Agus Budijono,"Semoga menjadi pengalaman yg baik,  perlu kesiapan jiwa, raga & nyawa karena situasi tdk aman. Itulah resiko masuk ke daerah konflik",https://www.facebook.com/reel/1336508365019749/?comment_id=1898591540813016,0,0,0,05/22/2026 16:08:06,Facebook,facebook_comments_post_1.csv,semoga menjadi pengalaman yg baik perlu kesiapan jiwa raga nyawa karena situasi tdk aman itulah resiko masuk ke daerah konflik,20,2026-05-22 16:08:06
Y29tbWVudDoxMzE0MDM5MTM3NTg1Nzg5XzE1MDQ4MTc2NTExMzUyNTM=,100001709398200,https://scontent.fcgk43-1.fna.fbcdn.net/v/t39.30808-1/473832597_9276098372457050_186210954445854886_n.jpg?stp=cp0_dst-jpg_s32x32_tt6&_nc_cat=101&ccb=1-7&_nc_sid=1d2534&_nc_eui2=AeElj5VlAOQ2-xhZfUpGYsSi4tCJIJtmJAHi0Ikgm2YkAa_CWbVZ8xFf3E98OkNtTtlb6EWkNW59zFCtIDigIqKE&_nc_ohc=6O2grWOdW8sQ7kNvwGCnsSW&_nc_oc=AdobASSegpGC10YQtK7lasFl010t8G5KmIV8YEH8FGoGyr7-EbFHeiMk10sKaUKsV6o&_nc_zt=24&_nc_ht=scontent.fcgk43-1.fna&_nc_gid=ewlZ_zqGvnjcvkWguRVoVg&_nc_ss=7b2a8&oh=00_Af6gwMbpTvdeyjsrY2Qsb3nw2dNb_Eb7I2fv7sfyLfyL-g&oe=6A1A1AFF,Togu Napitu,Mantap...Israel. masih hidup ternyata,https://www.facebook.com/reel/1336508365019749/?comment_id=1504817651135253,0,0,0,05/22/2026 13:33:31,Facebook,facebook_comments_post_1.csv,mantap israel masih hidup ternyata,5,2026-05-22 13:33:31
Y29tbWVudDoxMzE0MDM5MTM3NTg1Nzg5XzEzNjI4MTI4MDkwMjAxMDQ=,100013700076343,https://scontent.fcgk43-1.fna.fbcdn.net/v/t39.30808-1/603887171_2381287455671234_3029489645919721217_n.jpg?stp=cp0_dst-jpg_s32x32_tt6&_nc_cat=105&ccb=1-7&_nc_sid=1d2534&_nc_eui2=AeExBcWDXovX2GBG73GL5RzRyHLkN-gFP9_IcuQ36AU_32Qs5Op3igfK_idPAN5Bj9G_z_XOAijvZtKzVcYMxOGy&_nc_ohc=IaCzS4yDOLEQ7kNvwHqRbk_&_nc_oc=AdpzhRRay6umllUzrbn1lxZnRZ5a05ChQffogb95YADH8t_pKtgUDb7_9caWSbGINVo&_nc_zt=24&_nc_ht=scontent.fcgk43-1.fna&_nc_gid=ewlZ_zqGvnjcvkWguRVoVg&_nc_ss=7b2a8&oh=00_Af5AuG5z1BZDAnwr0HzPx7NF96hphHXz9JxMpucOkGcLXg&oe=6A1A2189,Li Huang Li,Untung ga tggal nm 🤣🤣masi mau bCot,https://www.facebook.com/reel/1336508365019749/?comment_id=1362812809020104,0,0,0,05/25/2026 19:32:45,Facebook,facebook_comments_post_1.csv,untung ga tggal nm masi mau bcot,7,2026-05-25 19:32:45
Y29tbWVudDoxMzE0MDM5MTM3NTg1Nzg5XzE2Nzc5MjQxNDY1OTA5MTY=,100051566691724,https://scontent.fcgk43-1.fna.fbcdn.net/v/t39.30808-1/577884911_1461453955583480_9218436938720714214_n.jpg?stp=cp0_dst-jpg_s32x32_tt6&_nc_cat=100&ccb=1-7&_nc_sid=1d2534&_nc_eui2=AeEKWHn_uoNMDMDC-wHdJh7ZvC0zeDAEixC8LTN4MASLEEOPaC7YUpp0olFy36_uYgyDduPox7FUUIO1duEiUdFA&_nc_ohc=ubbSHJUZKhQQ7kNvwHkNAdm&_nc_oc=Adqqc9ubPqLMfb5dPVr8HH1LZH-4K3Az4bVcbwfR8od2cCERQk_vdUzZjbfDzR3-7do&_nc_zt=24&_nc_ht=scontent.fcgk43-1.fna&_nc_gid=ewlZ_zqGvnjcvkWguRVoVg&_nc_ss=7b2a8&oh=00_Af72NZR7VHcLLuifZHKf7KGb__nUEpWsTewYY9e85BwxSA&oe=6A1A31A5,Boru Parik,"Hehehe
Karangan bebas",https://www.facebook.com/reel/1336508365019749/?comment_id=1677924146590916,0,0,0,05/25/2026 19:10:28,Facebook,facebook_comments_post_1.csv,hehehe karangan bebas,3,2026-05-25 19:10:28
Y29tbWVudDoxMzE0MDM5MTM3NTg1Nzg5Xzk5NDM4NDI4OTg0MTU3MA==,100001619916743,https://scontent.fcgk43-1.fna.fbcdn.net/v/t39.30808-1/609123486_25696253876678591_4169815792793027370_n.jpg?stp=cp0_dst-jpg_s32x32_tt6&_nc_cat=103&ccb=1-7&_nc_sid=e99d92&_nc_eui2=AeHcEnzHLLVtjQG0RX8zqRH9XCcJooeD6oRcJwmih4PqhHWecG-USxb68P3RHu3IplJY-LIG4nHYCM78l-ATEWyl&_nc_ohc=WIWRYqlfz8QQ7kNvwFxW9hp&_nc_oc=AdqagfrgqRJYIHi4nyv6Uqix7ENxbkehvd0-l2-_mBHjej0m13Z_vTkQ7sSvcM50kPg&_nc_zt=24&_nc_ht=scontent.fcgk43-1.fna&_nc_gid=ewlZ_zqGvnjcvkWguRVoVg&_nc_ss=7b2a8&oh=00_Af7xFvyUHvNMM3tyj1eQBAG3xxR7S946xuw9mIvPIjjiBg&oe=6A1A1D3A,M Bona,"Ya lu masuk rumah orang ngendap2, ya di gebukin lah...hahaha",https://www.facebook.com/reel/1336508365019749/?comment_id=994384289841570,0,0,0,05/25/2026 16:38:36,Facebook,facebook_comments_post_1.csv,ya lu masuk rumah orang ngendap2 ya di gebukin lah hahaha,11,2026-05-25 16:38:36
Y29tbWVudDoxMzE0MDM5MTM3NTg1Nzg5XzE1OTg2MjA3NTc4NzE2NDg=,100000137679977,https://scontent.fcgk43-1.fna.fbcdn.net/v/t39.30808-1/472233583_9655041867843640_2661917321117565790_n.jpg?stp=cp0_dst-jpg_s32x32_tt6&_nc_cat=105&ccb=1-7&_nc_sid=e99d92&_nc_eui2=AeEAhgKhrLVswPPcTS6SB19yBA_IkeZWpKUED8iR5lakpVjgROGlFVqzXqwSjoi6_w3aFsYhgJsuK7DNHlPc_wYV&_nc_ohc=Wqw0xRmh1KsQ7kNvwEa30qA&_nc_oc=AdpE-zs7QmJiKtTo38DJd20Nxm6MaFUyJ4_7KtZEMACZ9m6DMEDavcZW72wU4N1mX-w&_nc_zt=24&_nc_ht=scontent.fcgk43-1.fna&_nc_gid=ewlZ_zqGvnjcvkWguRVoVg&_nc_ss=7b2a8&oh=00_Af7TZUyjKmfHo0gMB2ChnQU3ZjbpeMyhY5uHbL8jvJsKLA&oe=6A1A3986,Nafy Saija,https://external.fcgk43-1.fna.fbcdn.net/emg1/v/t13/13194711170892186435?url=https%3A%2F%2Fmedia4.giphy.com%2Fmedia%2FlQ1nXVifuLqyVAH2Gu%2Fgiphy.gif%3Fcid%3D120c01475jrw0nz8idgbqqyxyygvfr66hmfi50wrnl10ztry%26rid%3Dgiphy.gif%26brid%3DYWdncwFB09ngR8Pt0S-rL-qoulhM&fb_obo=1&utld=giphy.com&stp=dst-emg0_q75_s396x330_tt6&_nc_gid=ewlZ_zqGvnjcvkWguRVoVg&_nc_eui2=AeEm6o13ke0DsCmp8zQenB8jWecok-JsNCJZ5yiT4mw0IoXt3snGEF4yDdZzJS2WWrE4zbd5p0jymxUyyRI4rLOm&_nc_oc=Adp7MHQ5sxBmC_WX53ZDEOYmGb_gckLjdQE0Sgc7bQDkqtnORVczGw5okYgZkYa1Lv8&ccb=13-1&oh=06_Q3-_AYZRiJP6gjQJpKxZAT6rpBwqryDjXT_5EYOa-sWH_4RT&oe=6A161AA8&_nc_sid=c97757,https://www.facebook.com/reel/1336508365019749/?comment_id=1598620757871648,0,0,0,05/25/2026 10:50:52,Facebook,facebook_comments_post_1.csv,,0,2026-05-25 10:50:52
Y29tbWVudDoxMzE0MDM5MTM3NTg1Nzg5XzI0MzM4MDYyNDAzODAyNTI=,1332203428,https://scontent.fcgk43-1.fna.fbcdn.net/v/t39.30808-1/701663678_10233531405410311_8193996436726084433_n.jpg?stp=cp0_dst-jpg_s32x32_tt6&_nc_cat=107&ccb=1-7&_nc_sid=e99d92&_nc_eui2=AeH19fuR5W9orvdgUdgpuGUp-uoXWYpSTKf66hdZilJMp58bQyASJ4PkwkMR-SwaspesqqRmh5Yl-PgRrI7eMIji&_nc_ohc=9vy9nVQ46E8Q7kNvwGs-8jT&_nc_oc=Adq2v3kQEMghWZf6N3UOrO6Hg_HZSuDwVV1NkT8C7hrpieVERbXFefgz9mhqpF4nBHs&_nc_zt=24&_nc_ht=scontent.fcgk43-1.fna&_nc_gid=ewlZ_zqGvnjcvkWguRVoVg&_nc_ss=7b2a8&oh=00_Af6UNvcLILrNrZQXd_UPPOZw69l5DCWz75eaRlWe_UJQVQ&oe=6A1A27E7,Meili Miller,"Pdhal udah dicek kesehatan di Turki katanya semua dlm keadaan sehat dan baik gitu lho. 

Ini org2 kalo ga taqiya ga disebut ibadah Kali yah 🙄",https://www.facebook.com/reel/1336508365019749/?comment_id=2433806240380252,0,0,0,05/24/2026 04:28:38,Facebook,facebook_comments_post_1.csv,pdhal udah dicek kesehatan di turki katanya semua dlm keadaan sehat dan baik gitu lho ini org2 kalo ga taqiya ga disebut ibadah kali yah,25,2026-05-24 04:28:38
Y29tbWVudDoxMzE0MDM5MTM3NTg1Nzg5XzI0Mjc2MTUwNDEwMzg3OTE=,100002859235726,https://scontent.fcgk43-1.fna.fbcdn.net/v/t39.30808-1/671006136_26011642545181031_6650044547727296839_n.jpg?stp=cp0_dst-jpg_s32x32_tt6&_nc_cat=102&ccb=1-7&_nc_sid=e99d92&_nc_eui2=AeHiQLrep62mlZYHlBiYSn7akZ5rJckKFy6RnmslyQoXLnBL9_TXHqdddFR_uUa-LmA7FCjeTp_CXg-t6uavc9wO&_nc_ohc=y4zk2tPmFzAQ7kNvwHSySza&_nc_oc=Adr5xJ7dIMVrKD1OVI-qZZL7_D6RemO93nJZ7Zkj1-36tw9Z5b9M-og2nyfLV6EhQWc&_nc_zt=24&_nc_ht=scontent.fcgk43-1.fna&_nc_gid=ewlZ_zqGvnjcvkWguRVoVg&_nc_ss=7b2a8&oh=00_Af6YlvO8iPULfCP0be-VhopeRI1xC1MyHIgd33cjeevgDA&oe=6A1A2F5B,Veloso Santos,Kondom,https://www.facebook.com/reel/1336508365019749/?comment_id=2427615041038791,0,0,0,05/23/2026 19:12:40,Facebook,facebook_comments_post_1.csv,kondom,1,2026-05-23 19:12:40
Y29tbWVudDoxMzE0MDM5MTM3NTg1Nzg5XzE0ODM5MjgxNjk2MTI0NzY=,100001399756569,https://scontent.fcgk43-1.fna.fbcdn.net/v/t39.30808-1/670520139_26691836053779691_5673810161297288592_n.jpg?stp=cp0_dst-jpg_s32x32_tt6&_nc_cat=106&ccb=1-7&_nc_sid=1d2534&_nc_eui2=AeFYfM3mtZhhIOvhthGqTt-yuWVu14GR_pG5ZW7XgZH-kY9DoGbbYHtHOGTKe3zCF3nZptOBZUKBvUz1iTCiDaS8&_nc_ohc=JwdqyNmENgkQ7kNvwG5F-GC&_nc_oc=Adqwq553BPss2gT8TQvTCvUSZBlbiwSm35I3OqQ6IFSmYND9eUNHT9dmQKfVmn-duxY&_nc_zt=24&_nc_ht=scontent.fcgk43-1.fna&_nc_gid=ewlZ_zqGvnjcvkWguRVoVg&_nc_ss=7b2a8&oh=00_Af5W9myYymfzTq-2uqXbkk0-FoqA_nWxO-5bATiiCzDMuw&oe=6A1A3AA4,Octavianus Suawa,"Mau heran Konoha,mengarang bebas biar ada donasi🤣🤣",https://www.facebook.com/reel/1336508365019749/?comment_id=1483928169612476,0,0,0,05/23/2026 16:30:55,Facebook,facebook_comments_post_1.csv,mau heran konoha mengarang bebas biar ada donasi,8,2026-05-23 16:30:55
Y29tbWVudDoxMzE0MDM5MTM3NTg1Nzg5XzI4NTEyMjI3ODg1NTU2NDM=,100002893015921,https://scontent.fcgk43-1.fna.fbcdn.net/v/t39.30808-1/253262905_4364679106971813_4423545938092973532_n.jpg?stp=cp0_dst-jpg_s32x32_tt6&_nc_cat=108&ccb=1-7&_nc_sid=e99d92&_nc_eui2=AeGQHxqDlVsh_hdueifkojc1riJPOQWhqMWuIk85BaGoxeI4PfkxC8J5Z5a4vGGh9X0HVEgWcCpDBbZNSzjV1X88&_nc_ohc=4Z2ih-yRCNcQ7kNvwG8tBkN&_nc_oc=AdpJJm28GB3beYRzhdCEaQ8XrXGVhdyk_9BesGoQ0wwlQW7rGGhlsUfnhImaLodO6fg&_nc_zt=24&_nc_ht=scontent.fcgk43-1.fna&_nc_gid=vwyhmQBgWVJUHP49_NFH4g&_nc_ss=7b2a8&oh=00_Af5O8HJCjvSqn7RbS4dol84e2ogiSl7haFpm3PQ20Dr7Iw&oe=6A1A2F59,Dahasim Emde,Semangat bohongnya 🤣,https://www.facebook.com/reel/1336508365019749/?comment_id=2851222788555643,0,0,0,05/23/2026 12:53:56,Facebook,facebook_comments_post_1.csv,semangat bohongnya,2,2026-05-23 12:53:56
Y29tbWVudDoxMzE0MDM5MTM3NTg1Nzg5XzI3NjI2MDY2NzA3OTMzNTc=,100085054601451,https://scontent.fcgk43-1.fna.fbcdn.net/v/t39.30808-1/465124402_556672660511216_1354827755293615272_n.jpg?stp=c0.0.697.697a_cp0_dst-jpg_s32x32_tt6&_nc_cat=101&ccb=1-7&_nc_sid=1d2534&_nc_eui2=AeHegU4RBiz3J0DALi-1VpcOD-lK25RZ9cMP6UrblFn1w1GSHY0mCIhilLNdSQM8FScs3zPjFyg96i448s_Iv54-&_nc_ohc=b4dbR2CYvBMQ7kNvwETEpSG&_nc_oc=AdplRCdpE3nRjQuv9hZljjTIUnS8E5fG1CNIcvtPwkOmBhy2wfI-Btrwggw7WxfLis8&_nc_zt=24&_nc_ht=scontent.fcgk43-1.fna&_nc_gid=vwyhmQBgWVJUHP49_NFH4g&_nc_ss=7b2a8&oh=00_Af505x53COTz8Nm0uo3gE_H521wc-Xls-2Kk0GiayWKTbw&oe=6A1A34FC,Aries Fernanda,"Keliatan bohong pembualnya, muka Tuti🤣🤣",https://www.facebook.com/reel/1336508365019749/?comment_id=2762606670793357,0,0,0,05/23/2026 11:41:39,Facebook,facebook_comments_post_1.csv,keliatan bohong pembualnya muka tuti,5,2026-05-23 11:41:39
Y29tbWVudDoxMzE0MDM5MTM3NTg1Nzg5XzI0Mzk5MDg3MjY0Nzc2MTc=,100092230820286,https://scontent.fcgk43-1.fna.fbcdn.net/v/t39.30808-1/581965792_768744599543227_494297066266964496_n.jpg?stp=cp0_dst-jpg_s32x32_tt6&_nc_cat=107&ccb=1-7&_nc_sid=1d2534&_nc_eui2=AeGlLj3tAoRPKmxvHjrEV82_qpftahJYzziql-1qEljPOElmr29TdTvsvm7wby8lE1ffHEzVokPDGGd6vca-svL7&_nc_ohc=8UkbveA2RBsQ7kNvwHKbREn&_nc_oc=AdoGt-R0FvJr9Nr9osmmg8fwUc2vrLs-svbXPWsgAYE7gn00NEQ4SIaPdgn12EBY5s0&_nc_zt=24&_nc_ht=scontent.fcgk43-1.fna&_nc_gid=vwyhmQBgWVJUHP49_NFH4g&_nc_ss=7b2a8&oh=00_Af6mSHZTuAn-gxruw2mg2E5AxNcYfOSyfHcbPorSO26JkA&oe=6A1A2B60,Roma Little,Udah ciri ciri negara konoho menggambar gemborkan kalaw cerita nggak usah heran,https://www.facebook.com/reel/1336508365019749/?comment_id=2439908726477617,0,0,0,05/23/2026 11:25:22,Facebook,facebook_comments_post_1.csv,udah ciri ciri negara konoho menggambar gemborkan kalaw cerita nggak usah heran,12,2026-05-23 11:25:22
Y29tbWVudDoxMzE0MDM5MTM3NTg1Nzg5XzE1MDA0OTA0MzQ4MjAyNzE=,100001605101341,https://scontent.fcgk43-1.fna.fbcdn.net/v/t1.6435-1/117647510_3469747449755391_3401208723402749499_n.jpg?stp=cp0_dst-jpg_s32x32_tt6&_nc_cat=106&ccb=1-7&_nc_sid=1d2534&_nc_eui2=AeE9SLmOwuhKa-ReTECGmuV4Qq8X_l5yFY5Crxf-XnIVjhlS4yAHTk2Y_EAYjOr66K6KsyBx5e6AAPwSkMMpgrPV&_nc_ohc=tu8M_DSApUMQ7kNvwGee7mR&_nc_oc=Adox_KiHV5WMHzC8Dsa8oUF2T8fHSzO-39fpXL65rNsbT6d-NYRdFsrOOD26Fn0ybWI&_nc_zt=24&_nc_ht=scontent.fcgk43-1.fna&_nc_gid=vwyhmQBgWVJUHP49_NFH4g&_nc_ss=7b2a8&oh=00_Af5WlVs752b3Tkji23wVhsFEmxo3QTJHzrpBFAvqYBdpvw&oe=6A3BD8C5,AlfRed Wayon,https://external.fcgk43-1.fna.fbcdn.net/emg1/v/t13/10257710618964457597?url=https%3A%2F%2Fmedia2.giphy.com%2Fmedia%2F29HRejgahYenVsohB5%2Fgiphy.gif%3Fcid%3D120c0147iff46s1pzonf2ch8c1zcj806q71e1tafny4zmuo5%26rid%3Dgiphy.gif&fb_obo=1&utld=giphy.com&stp=dst-emg0_q75_s360x360_tt6&_nc_gid=vwyhmQBgWVJUHP49_NFH4g&_nc_eui2=AeHaRF_mjLcQogZLvwoHnwC0xjpe4WcQM4fGOl7hZxAzhwCfDsq6plm0qTsZjxArVipGlxIhvr5Sax0pFSby6Ept&_nc_oc=Adp1VKywovhi0BiHZjn3qcxp-zp7vWR7HHPdmDnaAUWkrHYJMy4MjKNAz8pkKV6lhrM&ccb=13-1&oh=06_Q3-_ARvgpZg2NhQrJND3UH-KhVwyRH2iIqrUWKQ_8fbbvi3P&oe=6A162E92&_nc_sid=c97757,https://www.facebook.com/reel/1336508365019749/?comment_id=1500490434820271,1,0,0,05/22/2026 22:47:39,Facebook,facebook_comments_post_1.csv,,0,2026-05-22 22:47:39
Y29tbWVudDoxMzE0MDM5MTM3NTg1Nzg5Xzk5NjYwODE1OTU4MTk4Nw==,61574915351469,https://scontent.fcgk43-1.fna.fbcdn.net/v/t39.30808-1/491814997_122109389894830511_2369168286533140548_n.jpg?stp=c0.783.1409.1409a_cp0_dst-jpg_s32x32_tt6&_nc_cat=105&ccb=1-7&_nc_sid=e99d92&_nc_eui2=AeGMGkiibp8ble6araxNbemz059FrSDHQz7Tn0WtIMdDPp_0HdzCWEYYIWGVDvFbTh1XieFWNvNN2RKujfLCg7GN&_nc_ohc=OGyCZCz3RWAQ7kNvwEGqtlk&_nc_oc=AdqI-SRbNxDxXF9mkUA7dW-9jYhOQtoTxJaOzvJ9zFAzu0FgD8xnixCW9f6kqTbOOZg&_nc_zt=24&_nc_ht=scontent.fcgk43-1.fna&_nc_gid=vwyhmQBgWVJUHP49_NFH4g&_nc_ss=7b2a8&oh=00_Af5f2pz7RyGh6jdoLoiwg-W5WR0gLSZgKYfXjKgeChArig&oe=6A1A080D,Rizky Jaya,"Harusnya jgn dilepas....

Suruh mereka bersihin wc",https://www.facebook.com/reel/1336508365019749/?comment_id=996608159581987,0,0,0,05/22/2026 16:52:22,Facebook,facebook_comments_post_1.csv,harusnya jgn dilepas suruh mereka bersihin wc,7,2026-05-22 16:52:22
Y29tbWVudDoxMzE0MDM5MTM3NTg1Nzg5XzE0NTY1MTk2OTk1NjA5MzU=,100084891279288,https://scontent.fcgk43-1.fna.fbcdn.net/v/t39.30808-1/639051318_894831686689866_143158606629739101_n.jpg?stp=cp0_dst-jpg_s32x32_tt6&_nc_cat=101&ccb=1-7&_nc_sid=1d2534&_nc_eui2=AeHgQda1XSlFuPJyS0iaF31w-sjbjYhooMD6yNuNiGigwLAStT-r5U9IRdIZf_9MlhBaVMrG54cgagc1CBRrnrq3&_nc_ohc=wINVkdTIhJQQ7kNvwFzLSfy&_nc_oc=Adqo-Qb4xW40qrfNuauJ-WPEvZUzE-TRp2OxI47zn9Judq9E1cudjIWBh-hyEeTaW2w&_nc_zt=24&_nc_ht=scontent.fcgk43-1.fna&_nc_gid=vwyhmQBgWVJUHP49_NFH4g&_nc_ss=7b2a8&oh=00_Af4qtc_HZWHGalKPz02Snv7okW56BVENrZucT5yjBDcVHw&oe=6A1A3E3E,Heronimus Benu Q,"Lain kali jgn lagi kesana ya dek bahaya ta,beruntung masih bisa kembali, dgn semangat kmu menceritakan kronologi....",https://www.facebook.com/reel/1336508365019749/?comment_id=1456519699560935,0,0,0,05/22/2026 14:48:18,Facebook,facebook_comments_post_1.csv,lain kali jgn lagi kesana ya dek bahaya ta beruntung masih bisa kembali dgn semangat kmu menceritakan kronologi,18,2026-05-22 14:48:18
Y29tbWVudDoxMzE0MDM5MTM3NTg1Nzg5XzE1MjkyMTU1NzU1OTg1MDA=,787533935,https://scontent.fcgk43-1.fna.fbcdn.net/v/t39.30808-1/339633548_2474782146028537_1198587836305755813_n.jpg?stp=cp0_dst-jpg_s32x32_tt6&_nc_cat=107&ccb=1-7&_nc_sid=e99d92&_nc_eui2=AeHnkNZxFSVkt7tanhF5OHncL_2GoKVsArUv_YagpWwCtfwUhV85JPUiTsSuW7dHz4FcB-_VjmPSNU3HcG4pkE5q&_nc_ohc=w6J1rxPoHE0Q7kNvwFjWsz8&_nc_oc=AdpyUaZWufiUs920_vlPWvN-2b4gG2J4Vn8QbEY6v28napITfvCpotE3Ck3E1PGAqvg&_nc_zt=24&_nc_ht=scontent.fcgk43-1.fna&_nc_gid=vwyhmQBgWVJUHP49_NFH4g&_nc_ss=7b2a8&oh=00_Af6GxaE-IZ8i26spGQMhK3AtHtYpfMQPfEJi0yav-Y6uYA&oe=6A1A21AE,Ritharitha Napitupulu,Kata MenLu krn kesalahan kalian ke Gaza tanpa ijin,https://www.facebook.com/reel/1336508365019749/?comment_id=1529215575598500,0,0,0,05/22/2026 14:13:10,Facebook,facebook_comments_post_1.csv,kata menlu krn kesalahan kalian ke gaza tanpa ijin,9,2026-05-22 14:13:10
Y29tbWVudDoxMzE0MDM5MTM3NTg1Nzg5XzE1NjQzNzE5MjUxMDI1MzM=,100011638176434,https://scontent.fcgk43-1.fna.fbcdn.net/v/t39.30808-1/275117784_1549719945425930_338677903807664024_n.jpg?stp=c0.0.720.720a_cp0_dst-jpg_s32x32_tt6&_nc_cat=109&ccb=1-7&_nc_sid=e99d92&_nc_eui2=AeEonRaRRxX5YE8C8dp5xdZHHKoAN51c-pMcqgA3nVz6k-anqnor7gpC-af-CXmURF9unN_Lp8yU0_BBIisStuQf&_nc_ohc=T0qapg6MjesQ7kNvwHb_0gB&_nc_oc=AdoA7kNKYgg8Mn8UO8wsUpjousIb7WP06pdZ3vZR8iwOax-tLZOagOZ3CDyItXMeCik&_nc_zt=24&_nc_ht=scontent.fcgk43-1.fna&_nc_gid=vwyhmQBgWVJUHP49_NFH4g&_nc_ss=7b2a8&oh=00_Af4i3RsrkYmpz_iF1Fjc4ovIezL1M6XeQYujI8xhqauUEw&oe=6A1A2D47,Rahelti Daang,Boong,https://www.facebook.com/reel/1336508365019749/?comment_id=1564371925102533,0,0,0,05/22/2026 13:48:50,Facebook,facebook_comments_post_1.csv,boong,1,2026-05-22 13:48:50
Y29tbWVudDoxMzE0MDM5MTM3NTg1Nzg5Xzk3NTcxMTEyODI3Nzc2MQ==,100000488132000,https://scontent.fcgk43-1.fna.fbcdn.net/v/t39.30808-1/477457824_29464682936464588_868395332642959300_n.jpg?stp=cp0_dst-jpg_s32x32_tt6&_nc_cat=107&ccb=1-7&_nc_sid=e99d92&_nc_eui2=AeH_kGx6vr7Z5vWkW5lX2BRAgAHP0N46uZeAAc_Q3jq5lxPcW7D726b0C0naHZFc072Y2aZXw9iMPRV_6w-DAXnG&_nc_ohc=9Fr9JGki7_MQ7kNvwGsxlge&_nc_oc=Ado3Fluv4PaGbiCWZPO8tj3EJ_IyINGkg3_edQGfKUFKwgTn6iPXTrR2sH5pe95ekf8&_nc_zt=24&_nc_ht=scontent.fcgk43-1.fna&_nc_gid=vwyhmQBgWVJUHP49_NFH4g&_nc_ss=7b2a8&oh=00_Af4UBLXjcEXYeVvZGa3pdv0r1DZcxSWjkd7L5xG5JERbpw&oe=6A1A1BB4,Jens Henry Seseray,"Mantap dah.. ada bahan utk di undang ke podcast²... 🤣🤣
(Walupun kena mental sebenarnya)",https://www.facebook.com/reel/1336508365019749/?comment_id=975711128277761,0,0,0,05/22/2026 13:26:14,Facebook,facebook_comments_post_1.csv,mantap dah ada bahan utk di undang ke podcast² walupun kena mental sebenarnya,13,2026-05-22 13:26:14
Y29tbWVudDoxMzE0MDM5MTM3NTg1Nzg5XzIxNjI0Mjc1MDc4ODE1MDY=,100091545818966,https://scontent.fcgk43-1.fna.fbcdn.net/v/t39.30808-1/339291804_748291193492290_4089579673770718594_n.jpg?stp=cp0_dst-jpg_s32x32_tt6&_nc_cat=105&ccb=1-7&_nc_sid=e99d92&_nc_eui2=AeEyoQJ-nfIVxMmRgZnHHaWcFfQhLUjGYtwV9CEtSMZi3PXUYR7s5W8Y3Gww3EgC-tec-BYcBCHCrEEjyztSJ4zC&_nc_ohc=9MVHe6DAH-8Q7kNvwG_xgEV&_nc_oc=AdouD8znQSMIWod8l-oCljG_SI9EBt6nNqxnhEcdleYV1HItm_jFGUDuFK-vaMOvYx4&_nc_zt=24&_nc_ht=scontent.fcgk43-1.fna&_nc_gid=vwyhmQBgWVJUHP49_NFH4g&_nc_ss=7b2a8&oh=00_Af6S9VXxfEdh5AP1-PS94x5Un4C0fZVVWn-EzpvIqM0pHQ&oe=6A1A0893,Radinurdin Tel,Mari kita keta...... WA..........,https://www.facebook.com/reel/1336508365019749/?comment_id=2162427507881506,0,0,0,05/23/2026 10:09:11,Facebook,facebook_comments_post_1.csv,mari kita keta wa,4,2026-05-23 10:09:11
Y29tbWVudDoxMzE0MDM5MTM3NTg1Nzg5XzE4Mzc3NzM1NjA5NDA1MDU=,100000520643056,https://scontent.fcgk43-1.fna.fbcdn.net/v/t39.30808-1/435318053_8032926506734624_5210921609720598378_n.jpg?stp=cp0_dst-jpg_s32x32_tt6&_nc_cat=105&ccb=1-7&_nc_sid=e99d92&_nc_eui2=AeGnY3T34QymtHrDjGvjqxUMldNGG1h9byOV00YbWH1vI2NxiyrJRD14A8PvB7TM6pdd4H2P94EyTM6yNUgHOGn0&_nc_ohc=p4Vhfbro1jEQ7kNvwGxjnf0&_nc_oc=Adp9lwK-ZuXRQW0wO8K2eLkN7pdIt69EixA5AGwT_j3Nj_Kj-hRP3d2iCiPRmT_I1VI&_nc_zt=24&_nc_ht=scontent.fcgk43-1.fna&_nc_gid=72SVam_7gDL9Xejj1CwuBQ&_nc_ss=7b2a8&oh=00_Af79kok0cR_UN8s3xb1oRHmvHY8ooVvSKPG1J9Ax-JS3mw&oe=6A1A3593,Buahrahon Marsonya,"Kyk nya acting mu itu lucu loh  bro""  tapi lou tdk tau apa??  kalau cerita & bualan mu itu jadi bahan tertawaan di negri ini.Entar kamu pulang ceritaain ya seperti apa yg kemarin  lou ceritakan di Layar .😁😆",https://www.facebook.com/reel/1336508365019749/?comment_id=1837773560940505,0,0,0,05/22/2026 12:56:45,Facebook,facebook_comments_post_1.csv,kyk nya acting mu itu lucu loh bro tapi lou tdk tau apa kalau cerita bualan mu itu jadi bahan tertawaan di negri ini entar kamu pulang ceritaain ya seperti apa yg kemarin lou ceritakan di layar,37,2026-05-22 12:56:45
Y29tbWVudDoxMzE0MDM5MTM3NTg1Nzg5XzEwMDMzNjM3ODg3OTkzNTQ=,100003174458035,https://scontent.fcgk43-1.fna.fbcdn.net/v/t39.30808-1/441246787_7539452799503794_8404086566377555019_n.jpg?stp=cp0_dst-jpg_s32x32_tt6&_nc_cat=107&ccb=1-7&_nc_sid=e99d92&_nc_eui2=AeEzMZoBVxCUH9xHFydAI0iKWBBOP2mvDr9YEE4_aa8OvwBuRc2hjDG1LVl49Cqph8rwAH8yMZWA0__wgYVAFHkr&_nc_ohc=4pDp5fJEqSIQ7kNvwEK56H4&_nc_oc=Adq3Vy31bm_WWXisxoVDOm4BavNBVWFwFJ_xy5ERqPHsbLWNHN0xyTyjrXBWmjvhtq4&_nc_zt=24&_nc_ht=scontent.fcgk43-1.fna&_nc_gid=72SVam_7gDL9Xejj1CwuBQ&_nc_ss=7b2a8&oh=00_Af7kP7v_bMwZyCySiKfTrElekiraTIlrNVLiIWFGhWHagQ&oe=6A1A2EEE,Juang Aris Siregar,"Gimana dgn yg teejadu di Nigeria....???? Congo, sudan, sryia.....lbh kejam mereka kod mintoritas drpada yg kalian alami de IdF....",https://www.facebook.com/reel/1336508365019749/?comment_id=1003363788799354,0,0,0,05/25/2026 12:34:43,Facebook,facebook_comments_post_1.csv,gimana dgn yg teejadu di nigeria congo sudan sryia lbh kejam mereka kod mintoritas drpada yg kalian alami de idf,20,2026-05-25 12:34:43
Y29tbWVudDoxMzE0MDM5MTM3NTg1Nzg5XzIxNzAxNDc3NTA0NzY2NDA=,100092033041787,https://scontent.fcgk43-1.fna.fbcdn.net/v/t39.30808-1/702250293_919731801104580_7143919578748448174_n.jpg?stp=c0.0.575.575a_cp0_dst-jpg_s32x32_tt6&_nc_cat=109&ccb=1-7&_nc_sid=1d2534&_nc_eui2=AeH7vvImyx8_lRMPlrcbvYz3oxJltlq9CNCjEmW2Wr0I0AosozeoRpv717UaRTX1_pWnbb4LZlrOSWNrJ7gZWDV5&_nc_ohc=oQytzSPn9hkQ7kNvwFdbdRQ&_nc_oc=Ado_8eh12lcV27IqRbq7ZUtQolGpgxeFzU2J6XNh0YESaxSiU1T_qdUIjza_eO3iU9o&_nc_zt=24&_nc_ht=scontent.fcgk43-1.fna&_nc_gid=72SVam_7gDL9Xejj1CwuBQ&_nc_ss=7b2a8&oh=00_Af4zfuCvbH4sq6bM6Z97aS2m_Kat6RgujVu0WiKTstDBeA&oe=6A1A1AAD,Min Keffi,Minum kencing Onta kau,https://www.facebook.com/reel/1336508365019749/?comment_id=2170147750476640,0,0,0,05/25/2026 11:50:04,Facebook,facebook_comments_post_1.csv,minum kencing onta kau,4,2026-05-25 11:50:04
Y29tbWVudDoxMzE0MDM5MTM3NTg1Nzg5XzE1MDkwMzk4OTA4Njg0MTM=,100000037473980,https://scontent.fcgk43-1.fna.fbcdn.net/v/t39.30808-1/686479371_27226285986955950_216802101214641376_n.jpg?stp=c0.0.720.720a_cp0_dst-jpg_s32x32_tt6&_nc_cat=102&ccb=1-7&_nc_sid=e99d92&_nc_eui2=AeH2FUQkqDzeynOpPjrPcDGbEBPG7rDgCQ4QE8busOAJDotjDfeTdTfC6T3PBouw_1yz_cq9udzWq1AN6dAN_Nli&_nc_ohc=j4pt1xOiNLEQ7kNvwF-fYdK&_nc_oc=AdrYnzqykk7bEfdrvx7lNHbb9MJXEFk4349CMGMac0i7qhQWy4hk2gGCw0QDGLCgpdQ&_nc_zt=24&_nc_ht=scontent.fcgk43-1.fna&_nc_gid=72SVam_7gDL9Xejj1CwuBQ&_nc_ss=7b2a8&oh=00_Af7XnRhuqk36cLqRFbOM23NbZ46s1QLqntu_mUZidZyUow&oe=6A1A1284,Angelo Manuain,Sampah negara ko di pulangkan,https://www.facebook.com/reel/1336508365019749/?comment_id=1509039890868413,0,0,0,05/25/2026 10:05:43,Facebook,facebook_comments_post_1.csv,sampah negara ko di pulangkan,5,2026-05-25 10:05:43
Y29tbWVudDoxMzE0MDM5MTM3NTg1Nzg5Xzg0MjAxMTczMjI5MTgyMg==,100023384822349,https://scontent.fcgk43-1.fna.fbcdn.net/v/t39.30808-1/474614855_1746655516123926_5424329355831433598_n.jpg?stp=cp0_dst-jpg_s32x32_tt6&_nc_cat=106&ccb=1-7&_nc_sid=1d2534&_nc_eui2=AeH7mddrOlSPScCiUPfa0ptpXLVIUzTPDhZctUhTNM8OFi9DZNC_3a5yk0ph5yMIXSIif2WWAEzcv5mEmAHGhO6o&_nc_ohc=IJ1JvgIX-IwQ7kNvwH1Be7P&_nc_oc=AdogB3OEk4VpNx8plfDJdnwu9vnw5WdYifirqP9UEOYDhFxLbiMJHWccNAPAN2FUo5Y&_nc_zt=24&_nc_ht=scontent.fcgk43-1.fna&_nc_gid=72SVam_7gDL9Xejj1CwuBQ&_nc_ss=7b2a8&oh=00_Af7NA_KQU1D2eDUVZGRYsPgK1DR5iT6-DFVTs3mN-Ku5Pw&oe=6A1A113C,Fero Nika Banamtuan,Tai Kamu,https://www.facebook.com/reel/1336508365019749/?comment_id=842011732291822,0,0,0,05/25/2026 08:22:18,Facebook,facebook_comments_post_1.csv,tai kamu,2,2026-05-25 08:22:18
Y29tbWVudDoxMzE0MDM5MTM3NTg1Nzg5XzE4NzE2OTg1MzAxNjgwMzU=,61578215290054,https://scontent.fcgk43-1.fna.fbcdn.net/v/t39.30808-1/519970420_122103691802940509_4336939777541804866_n.jpg?stp=cp0_dst-jpg_s32x32_tt6&_nc_cat=111&ccb=1-7&_nc_sid=e99d92&_nc_eui2=AeHhH9uG6kjcuW4_FL5QLEYnKjtEtm0IcBAqO0S2bQhwEJtwRQae0Dm7J7RC5w8zmweRZ5MaW8jLAWbw1yYVoIC_&_nc_ohc=Jp_ZnkKi2d8Q7kNvwFOU-CF&_nc_oc=Adrm0e7MsH_jI_3AazNRctEL_aWGvtF7oo6dh-HJFjVGsrt6yPyTa8ewYiIQsKOhf7E&_nc_zt=24&_nc_ht=scontent.fcgk43-1.fna&_nc_gid=72SVam_7gDL9Xejj1CwuBQ&_nc_ss=7b2a8&oh=00_Af4J9LnZGNKjQdNNypOaU2bP_nguGJJdWxVvFCc4xO1pPw&oe=6A1A2E93,Jhon Dalton Nainggolan,"Ayok kita pulang ke Indonesia, kita disana akan jadi Pahlawan dan dapat donasi atas yang kita alami. Loh kenapa ?
Karena di Indonesia SDM nya sebagian besar rendah. Dan Mudah termakan issue Hoax, Konoha itu rumah nya Hoax dan Propaganda.
Banyak Kepala Pentol Korek
Sekali Gesek langsung Menyala",https://www.facebook.com/reel/1336508365019749/?comment_id=1871698530168035,0,0,0,05/25/2026 07:13:30,Facebook,facebook_comments_post_1.csv,ayok kita pulang ke indonesia kita disana akan jadi pahlawan dan dapat donasi atas yang kita alami loh kenapa karena di indonesia sdm nya sebagian besar rendah dan mudah termakan issue hoax konoha itu rumah nya hoax dan propaganda banyak kepala pentol korek sekali gesek langsung menyala,47,2026-05-25 07:13:30
Y29tbWVudDoxMzE0MDM5MTM3NTg1Nzg5XzIwOTk1ODg3MDA2MDgxOTQ=,100022763592069,https://scontent.fcgk43-1.fna.fbcdn.net/v/t39.30808-1/482016505_1894361854665916_7439451545094037261_n.jpg?stp=c0.0.612.612a_cp0_dst-jpg_s32x32_tt6&_nc_cat=105&ccb=1-7&_nc_sid=e99d92&_nc_eui2=AeEHIp0L-eTUsatnSgYuUGhHKntX05Ci3Zkqe1fTkKLdmU5RS7jymYnrx_jEKFqwdmp-gGA2Rvg4F4q3DK0gdEkF&_nc_ohc=ebzrnmoj_YsQ7kNvwFeJHqL&_nc_oc=AdoqrtXWSovfnwAbuOdzYwRYK0iS9yz9-Ifl-Ej0Y-ugSVSKNhRUa6G7WBHF72sxnU8&_nc_zt=24&_nc_ht=scontent.fcgk43-1.fna&_nc_gid=72SVam_7gDL9Xejj1CwuBQ&_nc_ss=7b2a8&oh=00_Af4zR1CkHqFeE_NzwC0wjx6d0f0nMmyY5NtzeFeKThfLLg&oe=6A1A0D49,Neng Bule Bule Tea,Tolong pemerintah Indonesia diperhatikan pantatnya kalau belum dibolongin,https://www.facebook.com/reel/1336508365019749/?comment_id=2099588700608194,0,0,0,05/25/2026 05:23:21,Facebook,facebook_comments_post_1.csv,tolong pemerintah indonesia diperhatikan pantatnya kalau belum dibolongin,8,2026-05-25 05:23:21
Y29tbWVudDoxMzE0MDM5MTM3NTg1Nzg5XzEyODM4MTcyMzM5MDI2Nzg=,100001602921514,https://scontent.fcgk43-1.fna.fbcdn.net/v/t39.30808-1/345203714_144539791826690_3148682267540957089_n.jpg?stp=cp0_dst-jpg_s32x32_tt6&_nc_cat=111&ccb=1-7&_nc_sid=1d2534&_nc_eui2=AeHqBmevhVdgddWTBRlsG-TB08HEJKqdJrbTwcQkqp0mtm4nK5we85OYPLLMpapVRsiGvpwMBWmHb6ddikjJQ03t&_nc_ohc=4k31AP9QIowQ7kNvwF7bpx-&_nc_oc=AdpVZdP4he4T29le9hLxNf0Ko4tDQFyPe_BLuz1JEE4yVMffs7OSCue7O16ZXlLAT9c&_nc_zt=24&_nc_ht=scontent.fcgk43-1.fna&_nc_gid=72SVam_7gDL9Xejj1CwuBQ&_nc_ss=7b2a8&oh=00_Af6c1S5Xh8cSPHHf6UvuZpBgb7BcB4UmYMkCJMJFXGY8Qw&oe=6A1A190A,Teungku Laksamana Daniel,"Bantu MBG jauh lebih baik dan lebih bagus daripada bantu rakyat Palestina , negeri sendiri belum kelar terkait makan dan jadup kok malah urusin negeri orang.",https://www.facebook.com/reel/1336508365019749/?comment_id=1283817233902678,0,0,0,05/24/2026 20:16:37,Facebook,facebook_comments_post_1.csv,bantu mbg jauh lebih baik dan lebih bagus daripada bantu rakyat palestina negeri sendiri belum kelar terkait makan dan jadup kok malah urusin negeri orang,25,2026-05-24 20:16:37
Y29tbWVudDoxMzE0MDM5MTM3NTg1Nzg5Xzk3NTk1NzYyNTMyMjI0Nw==,1744897548,https://scontent.fcgk43-1.fna.fbcdn.net/v/t1.6435-1/38484163_10204822045468012_4542545115205337088_n.jpg?stp=cp0_dst-jpg_s32x32_tt6&_nc_cat=100&ccb=1-7&_nc_sid=e99d92&_nc_eui2=AeG3-_2t_zy9XyEiDScnXkdRo0M2Jwdw1rijQzYnB3DWuGV0ML3Zbk_L-q_uYq6C58xexutgEl3JK6RoU9eYavHo&_nc_ohc=PE1CFqVkA8MQ7kNvwGeTNpP&_nc_oc=AdrwxQSfrRFuGNXR5Cp2QxOhTLdc5k4N-MrgolRpFpby55YKOLdQ56E6MhU2hrnH1EA&_nc_zt=24&_nc_ht=scontent.fcgk43-1.fna&_nc_gid=72SVam_7gDL9Xejj1CwuBQ&_nc_ss=7b2a8&oh=00_Af4jWuhshcTPM1ToxFEYZ7hJrm9aI5kXgT-FBaYUK7sR3Q&oe=6A3BDD50,Adiwena Yusuf Nugraha Zabda,"Buset, zionist goblok ternyata banyak banget di Indo bjiirrrr",https://www.facebook.com/reel/1336508365019749/?comment_id=975957625322247,0,0,0,05/24/2026 10:51:28,Facebook,facebook_comments_post_1.csv,buset zionist goblok ternyata banyak banget di indo bjiirrrr,9,2026-05-24 10:51:28
Y29tbWVudDoxMzE0MDM5MTM3NTg1Nzg5XzIyMTUzNzIwNDkyOTA1ODM=,100000813107622,https://scontent.fcgk43-1.fna.fbcdn.net/v/t39.30808-1/635004706_25970980235845725_8579066731412424772_n.jpg?stp=cp0_dst-jpg_s32x32_tt6&_nc_cat=110&ccb=1-7&_nc_sid=1d2534&_nc_eui2=AeGrQGrK4HTUgV5aWAdhF0XqvwUS3F25d2W_BRLcXbl3ZYE2je5y6HHsTeeh5ancIvcXHG2Z7XIy1I2e5Ole76v0&_nc_ohc=OfUHIvFxET0Q7kNvwF9rHuT&_nc_oc=AdqHtIrjXXUdNCCi3RQuGEbq_Uvd-OkhF6bOMS9Cm2mqzcaV_wzDwSg1kvYhTdowCsQ&_nc_zt=24&_nc_ht=scontent.fcgk43-1.fna&_nc_gid=72SVam_7gDL9Xejj1CwuBQ&_nc_ss=7b2a8&oh=00_Af4n8tejvUBESj7JFu8yzGzDIvRjGj01Qyntd1CoUpjBxg&oe=6A1A0B73,Si Kiun,Kurang berat siksanya,https://www.facebook.com/reel/1336508365019749/?comment_id=2215372049290583,0,0,0,05/23/2026 21:17:36,Facebook,facebook_comments_post_1.csv,kurang berat siksanya,3,2026-05-23 21:17:36
Y29tbWVudDoxMzE0MDM5MTM3NTg1Nzg5XzEyNjc0MTM5OTIwNDIzNTM=,100000321247293,https://scontent.fcgk43-1.fna.fbcdn.net/v/t39.30808-1/448833586_8200339996653294_6955660434716739719_n.jpg?stp=c107.31.390.391a_cp0_dst-jpg_s32x32_tt6&_nc_cat=102&ccb=1-7&_nc_sid=e99d92&_nc_eui2=AeEiMCQe3hKHkQFT_fqD3MpKhk2vZD2RMCCGTa9kPZEwICLwTJBcIXjZ4_mwiDM2DsfL8Azt4Ci7BakZy3GFBBEK&_nc_ohc=rPmUpHQsF5wQ7kNvwEQKbgF&_nc_oc=AdptZcqNx4xtltXElmDs7vtndGY7_2P59EdnAfIOqUXpVkaOlRSdDNhR0DwnI0ufQcY&_nc_zt=24&_nc_ht=scontent.fcgk43-1.fna&_nc_gid=etUiMAKJZd6v2fd1tgAxYQ&_nc_ss=7b2a8&oh=00_Af4H3jDLYG9dxMdzs2SH2i8TWISfZclEouDDHl51tCqQrA&oe=6A1A17C9,Albert Kaunang,9 orang ga tahu malu.. kayak anak kecil… sudah diniati Dari rumah .. tidak ijin resmi negara .. kok ketangkap merengek minta negara bebasin . Harus Nya ketangkap Dinikmati Dan diam sampai Israel pasti membebasin itu baru … kayak anak kecil  ga tahu bertsnggung jawab,https://www.facebook.com/reel/1336508365019749/?comment_id=1267413992042353,0,0,0,05/23/2026 20:45:20,Facebook,facebook_comments_post_1.csv,9 orang ga tahu malu kayak anak kecil sudah diniati dari rumah tidak ijin resmi negara kok ketangkap merengek minta negara bebasin harus nya ketangkap dinikmati dan diam sampai israel pasti membebasin itu baru kayak anak kecil ga tahu bertsnggung jawab,41,2026-05-23 20:45:20
Y29tbWVudDoxMzE0MDM5MTM3NTg1Nzg5XzE1OTMxMjU4OTYxNDU4NTE=,61553382272856,https://scontent.fcgk43-1.fna.fbcdn.net/v/t39.30808-1/704697616_122258513930112742_8827915908676629438_n.jpg?stp=cp0_dst-jpg_s32x32_tt6&_nc_cat=103&ccb=1-7&_nc_sid=e99d92&_nc_eui2=AeFbQ2kiBlKpWMaCgDaq1IRXCBJUIufYWCIIElQi59hYIucMYKsmFf-AesWH6kK7NsY1bvTxv4jmpj13OY4DQ5SS&_nc_ohc=HqpMJH_2jg0Q7kNvwGE8J7o&_nc_oc=AdonwZGQsyKZ0f1g1E6HQMwCJtjwkS-4M3k20JAFDbHk4tqrW0W48MnXlDMHDw13oEU&_nc_zt=24&_nc_ht=scontent.fcgk43-1.fna&_nc_gid=etUiMAKJZd6v2fd1tgAxYQ&_nc_ss=7b2a8&oh=00_Af6xW18yW5rkZz1cwx_xj4tOYyZcYRWYeBNNbO2i4BDhOg&oe=6A1A0AAB,Aljer Dohona,Knpa kalian gk mati ja,https://www.facebook.com/reel/1336508365019749/?comment_id=1593125896145851,0,0,0,05/23/2026 19:28:48,Facebook,facebook_comments_post_1.csv,knpa kalian gk mati ja,5,2026-05-23 19:28:48
Y29tbWVudDoxMzE0MDM5MTM3NTg1Nzg5XzE1MjM3NTE3MTI0NzQ4NTg=,100002310303960,https://scontent.fcgk43-1.fna.fbcdn.net/v/t39.30808-1/504158948_23881834721476871_7392345884131560719_n.jpg?stp=cp0_dst-jpg_s32x32_tt6&_nc_cat=100&ccb=1-7&_nc_sid=1d2534&_nc_eui2=AeGo27LvaX54GKdskJTgl68BAn1kdEe2E_UCfWR0R7YT9UPAbMNTEtk19GVDW5UD1Iygcg0GJ6sUQ65CN9mLmKD-&_nc_ohc=FFTQZ7IxW9wQ7kNvwEL0QY0&_nc_oc=AdqZw9J4KTJExLQ2ViQaIKa7JcV98NtCxpWfazsCEJGAcWZa4NIbUd5QlUYurhtTrm0&_nc_zt=24&_nc_ht=scontent.fcgk43-1.fna&_nc_gid=etUiMAKJZd6v2fd1tgAxYQ&_nc_ss=7b2a8&oh=00_Af4wxv-gTiudDyZEY_As9MOq25hf9U81WZUfdFIY3uYl_Q&oe=6A1A0895,Jerlin Sitorus,"Keji, keji, ayo mari kita serang israel yok. Kita punya tentara yang kuat dan banyak. Perlengkapan senjata yang canggih. Kita jangan hanya mau berteriak mengutuk dan mengutuk saja, kita serang yoookkkk.
Berani gak ????🤣🤣🤣",https://www.facebook.com/reel/1336508365019749/?comment_id=1523751712474858,0,0,0,05/23/2026 11:34:11,Facebook,facebook_comments_post_1.csv,keji keji ayo mari kita serang israel yok kita punya tentara yang kuat dan banyak perlengkapan senjata yang canggih kita jangan hanya mau berteriak mengutuk dan mengutuk saja kita serang yoookkkk berani gak,33,2026-05-23 11:34:11
Y29tbWVudDoxMzE0MDM5MTM3NTg1Nzg5XzEyOTg4MjQyNzg5ODM0MTA=,100010575576901,https://scontent.fcgk43-1.fna.fbcdn.net/v/t39.30808-1/540547531_2517663721929456_8511607540580280520_n.jpg?stp=c0.0.932.932a_cp0_dst-jpg_s32x32_tt6&_nc_cat=103&ccb=1-7&_nc_sid=e99d92&_nc_eui2=AeHZkLGRNQnEPuTYT1NkwM6Wm8FzSEd1c3WbwXNIR3VzdajH5tWamfnQK_n8GCUd_AbstbTH7eXY9sreSjjRbDYb&_nc_ohc=saqHNBxN6FoQ7kNvwHRsfHq&_nc_oc=Ado0QaXd_m7hvB9YxYKrN1Fzho_gHxuWf9MjVYMpa8o7zBPAR9wPxjLaiaY9IPLYuSo&_nc_zt=24&_nc_ht=scontent.fcgk43-1.fna&_nc_gid=etUiMAKJZd6v2fd1tgAxYQ&_nc_ss=7b2a8&oh=00_Af7sOna0jzxInWTMyPRwB3BI6RvPHc8NctqvI0vy0eeb1w&oe=6A1A0A20,Agus Sindoro,Loe masuk jalur illegal kali diperlakukan kaya maling ga terima,https://www.facebook.com/reel/1336508365019749/?comment_id=1298824278983410,0,0,0,05/23/2026 06:47:05,Facebook,facebook_comments_post_1.csv,loe masuk jalur illegal kali diperlakukan kaya maling ga terima,10,2026-05-23 06:47:05
Y29tbWVudDoxMzE0MDM5MTM3NTg1Nzg5Xzg0NTQ0MDA2MTQ0NzEwNw==,100038755070068,https://scontent.fcgk43-1.fna.fbcdn.net/v/t39.30808-1/489275520_1319226122712544_3116937001613396896_n.jpg?stp=cp0_dst-jpg_s32x32_tt6&_nc_cat=105&ccb=1-7&_nc_sid=e99d92&_nc_eui2=AeE4RMQo_W4TqWRk6EqLzHfQ4vxDdiGcmSvi_EN2IZyZK4PJcK6fZdBw4FjpKEIt9WJ9ueobutSb1QBTwvmkBi_N&_nc_ohc=6W-xFS31T5UQ7kNvwENTsj8&_nc_oc=AdoludNyV3NS_ysFP5gjd4nOJrfLj6nGogeSNnKNy29UhjdCKl7A3M1QLDWBWyhizqg&_nc_zt=24&_nc_ht=scontent.fcgk43-1.fna&_nc_gid=etUiMAKJZd6v2fd1tgAxYQ&_nc_ss=7b2a8&oh=00_Af4kaO4LpdMzyqYXEX9yAtaKuIKjvkGnYr6zFjwayXLezg&oe=6A1A07A8,Kang Zen Samin,"WNI dan Jurnalis PERMALUKAN IRAN

WNI dan Jurnalis bodoh koar2 pro Palestina dan Iran TAPI mereka nangis2 minta tolong Presiden Prabowo saat ditangkap Israel. Kenapa sih mereka gak minta tolong sama IRGC atau minta tolong pada Mojtaba Khamenei dan Presiden Iran?

Jangan2 WNI dan Jurnalis ini sebenarnya sengaja menghina Iran-IRGC dan menunjukan kepada dunia bahwa Iran sebenarnya sangat takut dlm perang lawan Israel, sehingga Iran gak berani masuk ke Israel untuk menolong WNI dan Jurnalis.

#WNI #JURNALIS #IRAN #IRGC #ISRAEL #IDF #PALESTINA #PBB #AMERICA #INDONESIA #PRABOWOSUBIANTO #KADRUN #UEA",https://www.facebook.com/reel/1336508365019749/?comment_id=845440061447107,0,0,0,05/23/2026 06:23:45,Facebook,facebook_comments_post_1.csv,wni dan jurnalis permalukan iran wni dan jurnalis bodoh koar2 pro palestina dan iran tapi mereka nangis2 minta tolong presiden prabowo saat ditangkap israel kenapa sih mereka gak minta tolong sama irgc atau minta tolong pada mojtaba khamenei dan presiden iran jangan2 wni dan jurnalis ini sebenarnya sengaja menghina iran irgc dan menunjukan kepada dunia bahwa iran sebenarnya sangat takut dlm perang lawan israel sehingga iran gak berani masuk ke israel untuk menolong wni dan jurnalis,76,2026-05-23 06:23:45
Y29tbWVudDoxMzE0MDM5MTM3NTg1Nzg5XzEyNTQzNzMxMTMxOTI4MDg=,100085366432686,https://scontent.fcgk43-1.fna.fbcdn.net/v/t39.30808-1/508113564_678806198308255_4001591363961497377_n.jpg?stp=cp0_dst-jpg_s32x32_tt6&_nc_cat=102&ccb=1-7&_nc_sid=1d2534&_nc_eui2=AeGWNSEWadsF-ypluLtj_d7D_vxLiydYkHX-_EuLJ1iQdRQiNFO13B-Jk1wszZ12lmed2k_9W3cyv3C8NKZ35wfc&_nc_ohc=gj8Z5oZ8fBwQ7kNvwHJ1wJ-&_nc_oc=AdoDuI_r3Y88jKKuRDRhdwKdD9ZWFBqxzecXxliBdrHYtvQCjG3C0BR-iosCmfhSulk&_nc_zt=24&_nc_ht=scontent.fcgk43-1.fna&_nc_gid=etUiMAKJZd6v2fd1tgAxYQ&_nc_ss=7b2a8&oh=00_Af4UobHCISeKf4-wMmJtrGNi0mRHy8kWq_LgN_CLaS7KlQ&oe=6A1A13C7,Joao Moniz,Memang kalian teroris harusnya di trmbak mati semua itu,https://www.facebook.com/reel/1336508365019749/?comment_id=1254373113192808,0,0,0,05/23/2026 03:06:33,Facebook,facebook_comments_post_1.csv,memang kalian teroris harusnya di trmbak mati semua itu,9,2026-05-23 03:06:33
Y29tbWVudDoxMzE0MDM5MTM3NTg1Nzg5XzEzMjQ1MTg1Mzk2MTMzMTk=,100002783510081,https://scontent.fcgk43-1.fna.fbcdn.net/v/t1.6435-1/68781309_1833761083393324_4784186971780022272_n.jpg?stp=cp0_dst-jpg_s32x32_tt6&_nc_cat=106&ccb=1-7&_nc_sid=1d2534&_nc_eui2=AeFfWcxetctoGORDYiQl-L5XL7qak7SeAYYvupqTtJ4Bhu8XL6meRzkIfyx727UxDVx35Bwsm2RMqN_-2EmTAywW&_nc_ohc=oebMK3brsdgQ7kNvwF7rTss&_nc_oc=Adpd-ohTtgzKVzajKUXLlTC3yFOX0Rv_KLRnSEA44xt7aQMYlod5xlJm8y0wjsQkikE&_nc_zt=24&_nc_ht=scontent.fcgk43-1.fna&_nc_gid=etUiMAKJZd6v2fd1tgAxYQ&_nc_ss=7b2a8&oh=00_Af7XSTXGJ7J-vlZpJMCmxkSNbkDCC__eiMtDXArG3V0ySg&oe=6A3BD53D,Aldiano Punk,sudah tahu di sana tempat nya orang bajingan semua malah kamu pergi kesana,https://www.facebook.com/reel/1336508365019749/?comment_id=1324518539613319,0,0,0,05/22/2026 23:12:58,Facebook,facebook_comments_post_1.csv,sudah tahu di sana tempat nya orang bajingan semua malah kamu pergi kesana,13,2026-05-22 23:12:58
Y29tbWVudDoxMzE0MDM5MTM3NTg1Nzg5XzI3MjA3NTc5NTU1NTM0ODg1,100024991448685,https://scontent.fcgk43-1.fna.fbcdn.net/v/t39.30808-1/433263449_1576224319887268_783787379119923823_n.jpg?stp=cp0_dst-jpg_s32x32_tt6&_nc_cat=104&ccb=1-7&_nc_sid=e99d92&_nc_eui2=AeEriLJU-wWEyA815vu_qTVNEdlXd2lNQE4R2Vd3aU1ATnRP3j0xttuKEPzR1QJG07u8Rwes2gnDqYWLeQ1QMcX8&_nc_ohc=gDt3S-cqKT0Q7kNvwE6ysJ6&_nc_oc=AdpzbAEkKtGoyzI1wWdgkEnrMXGvwzTzDvXrtEcY_ZupV7CzYhwb8gqCFitX5Ch45Bs&_nc_zt=24&_nc_ht=scontent.fcgk43-1.fna&_nc_gid=etUiMAKJZd6v2fd1tgAxYQ&_nc_ss=7b2a8&oh=00_Af6AyrRuGVPB77erUtXMq3CWr8IC1V-jQCiITrJxt-LZeA&oe=6A1A3BFB,Gobenghuat,"Hei konoha goblok kau pulang selamat ud sukur jgn banyak cakap lg kau tdk ad orang indo puji kamu, selama kau di tahan aja orang pada cerita yg miring untung selamat ud jgn bikin pliming yg ngak ngak tak yg respon, jgn kau bangga bisa selamat coba sekali lg kok ngak modar kue asu tdk ad yg perduli",https://www.facebook.com/reel/1336508365019749/?comment_id=27207579555534885,0,0,0,05/22/2026 20:10:09,Facebook,facebook_comments_post_1.csv,hei konoha goblok kau pulang selamat ud sukur jgn banyak cakap lg kau tdk ad orang indo puji kamu selama kau di tahan aja orang pada cerita yg miring untung selamat ud jgn bikin pliming yg ngak ngak tak yg respon jgn kau bangga bisa selamat coba sekali lg kok ngak modar kue asu tdk ad yg perduli,58,2026-05-22 20:10:09
Y29tbWVudDoxMzE0MDM5MTM3NTg1Nzg5XzE4Njg1NTMzNTEyMTk4NzE=,100071296176262,https://scontent.fcgk43-1.fna.fbcdn.net/v/t1.30497-1/453178253_471506465671661_2781666950760530985_n.png?stp=cp0_dst-png_s32x32&_nc_cat=1&ccb=1-7&_nc_sid=136b72&_nc_eui2=AeFGFJyZaqPRpiRyZpRgbwBxWt9TLzuBU1Ba31MvO4FTUL8HxY2QiwXJTv5p9XLa_dMvsgUnsVhkID7reG3SHs4m&_nc_ohc=K7kB_z34aKIQ7kNvwGwMh4l&_nc_oc=AdoeRvRCc-dRS6STrqswcPaVUjYROipM-o0xx_uEpRLNOkn3nhaXfkhQ1Ta8l88uu3s&_nc_zt=24&_nc_ht=scontent.fcgk43-1.fna&_nc_ss=7b2a8&oh=00_Af77HaaZ7AUOKsyS6yIS8OKM5VEEjFCyUJR3RO1DqE9ogA&oe=6A3BD37A,Menasinta Astuti,"Makanya jadi manusia jangan blo,on.untung gak ditembah mati kalian🇮🇱🇮🇱🇮🇱",https://www.facebook.com/reel/1336508365019749/?comment_id=1868553351219871,0,0,1,05/22/2026 16:24:46,Facebook,facebook_comments_post_1.csv,makanya jadi manusia jangan blo on untung gak ditembah mati kalian,11,2026-05-22 16:24:46
Y29tbWVudDoxMzE0MDM5MTM3NTg1Nzg5XzEzNDE1ODkyODQ2OTEyOTU=,100005110158485,https://scontent.fcgk43-1.fna.fbcdn.net/v/t39.30808-1/414889824_2543024705877843_7870184109990078320_n.jpg?stp=c0.0.411.411a_cp0_dst-jpg_s32x32_tt6&_nc_cat=109&ccb=1-7&_nc_sid=e99d92&_nc_eui2=AeGqKqAmrRO7pxGy5xE6fySgRGvhKiLtQs9Ea-EqIu1Cz7PoXqmKWRU6f3eeIw7w7GtwFIW8rwoGf-38rbooFTgJ&_nc_ohc=Lk2iE8AKbW0Q7kNvwGhrCdM&_nc_oc=Ado-cMd3CkSWd0sCqX7lo8-w40ALxBwAVl9od4X4rkdFKjeqBrPfOtuSpPAqlH33gEs&_nc_zt=24&_nc_ht=scontent.fcgk43-1.fna&_nc_gid=8dDUNE_0KKw5fDuXF2xc1A&_nc_ss=7b2a8&oh=00_Af7mD-khN9NK-Uyty1wk_2msysIZDGAOpc_bxHKZr3uhpA&oe=6A1A0EF0,Ida Lilio,-Menasinta Astuti buzzer #israelteroris,https://www.facebook.com/reel/1336508365019749/?comment_id=1868553351219871&reply_comment_id=1341589284691295,0,1,0,05/22/2026 17:22:58,Facebook,facebook_comments_post_1.csv,menasinta astuti buzzer,3,2026-05-22 17:22:58
Y29tbWVudDoxMzE0MDM5MTM3NTg1Nzg5Xzk4OTY4MjAyMzg0NjAyOQ==,61562487057131,https://scontent.fcgk43-1.fna.fbcdn.net/v/t39.30808-1/678484393_122147330786416235_7747296848245895377_n.jpg?stp=cp0_dst-jpg_s32x32_tt6&_nc_cat=104&ccb=1-7&_nc_sid=e99d92&_nc_eui2=AeFEWDcxPjcpBwW1hkYTbG3Y1mphYC7FtTPWamFgLsW1M8evcKLMmKxfdLNP11bTfxzQcypYht2GwFWIZz8kwTtr&_nc_ohc=zjVHgXhw0_AQ7kNvwFGlbUv&_nc_oc=AdqSBD4iGyjZCQe_t_GnmDwoWPUos69HFHjkmTB5ccHrejgrvC5FgrWmHIhl4k8UJSg&_nc_zt=24&_nc_ht=scontent.fcgk43-1.fna&_nc_gid=etUiMAKJZd6v2fd1tgAxYQ&_nc_ss=7b2a8&oh=00_Af6_KzlytanTa1JLoyZMflEGCMfRloK7pBKZXpBaqhFiuA&oe=6A1A0EC4,Oppa Bunga,Seharusnya para kadrun tsb dicelupin ke danau tiberias aja.,https://www.facebook.com/reel/1336508365019749/?comment_id=989682023846029,0,0,0,05/22/2026 14:46:25,Facebook,facebook_comments_post_1.csv,seharusnya para kadrun tsb dicelupin ke danau tiberias aja,9,2026-05-22 14:46:25
Y29tbWVudDoxMzE0MDM5MTM3NTg1Nzg5XzE2NTE1ODYzNTk0MzYzMDQ=,61585201547992,https://scontent.fcgk43-1.fna.fbcdn.net/v/t1.30497-1/453178253_471506465671661_2781666950760530985_n.png?stp=cp0_dst-png_s32x32&_nc_cat=1&ccb=1-7&_nc_sid=136b72&_nc_eui2=AeFGFJyZaqPRpiRyZpRgbwBxWt9TLzuBU1Ba31MvO4FTUL8HxY2QiwXJTv5p9XLa_dMvsgUnsVhkID7reG3SHs4m&_nc_ohc=K7kB_z34aKIQ7kNvwGwMh4l&_nc_oc=AdoeRvRCc-dRS6STrqswcPaVUjYROipM-o0xx_uEpRLNOkn3nhaXfkhQ1Ta8l88uu3s&_nc_zt=24&_nc_ht=scontent.fcgk43-1.fna&_nc_ss=7b2a8&oh=00_Af77HaaZ7AUOKsyS6yIS8OKM5VEEjFCyUJR3RO1DqE9ogA&oe=6A3BD37A,Otwan Otwan,Pencari sampah dan kondom,https://www.facebook.com/reel/1336508365019749/?comment_id=1651586359436304,0,0,1,05/22/2026 14:08:49,Facebook,facebook_comments_post_1.csv,pencari sampah dan kondom,4,2026-05-22 14:08:49
Y29tbWVudDoxMzE0MDM5MTM3NTg1Nzg5Xzg3Mzk0MjY4OTEyNzc2Mw==,100005110158485,https://scontent.fcgk43-1.fna.fbcdn.net/v/t39.30808-1/414889824_2543024705877843_7870184109990078320_n.jpg?stp=c0.0.411.411a_cp0_dst-jpg_s32x32_tt6&_nc_cat=109&ccb=1-7&_nc_sid=e99d92&_nc_eui2=AeGqKqAmrRO7pxGy5xE6fySgRGvhKiLtQs9Ea-EqIu1Cz7PoXqmKWRU6f3eeIw7w7GtwFIW8rwoGf-38rbooFTgJ&_nc_ohc=Lk2iE8AKbW0Q7kNvwGhrCdM&_nc_oc=Ado-cMd3CkSWd0sCqX7lo8-w40ALxBwAVl9od4X4rkdFKjeqBrPfOtuSpPAqlH33gEs&_nc_zt=24&_nc_ht=scontent.fcgk43-1.fna&_nc_gid=_sdbkAVzBj1Sx-ooGLSkAA&_nc_ss=7b2a8&oh=00_Af5x75eTveNf0tT-9tDdMgeYdtNmuLiBHnUz6jZqi7oS2Q&oe=6A1A0EF0,Ida Lilio,-Otwan Otwan buzzer #israelteroris,https://www.facebook.com/reel/1336508365019749/?comment_id=1651586359436304&reply_comment_id=873942689127763,0,1,0,05/22/2026 17:24:26,Facebook,facebook_comments_post_1.csv,otwan otwan buzzer,3,2026-05-22 17:24:26
Y29tbWVudDoxMzE0MDM5MTM3NTg1Nzg5XzE1NTUyMzk3MDk0OTg5ODQ=,100000408726977,https://scontent.fcgk43-1.fna.fbcdn.net/v/t39.30808-1/698818024_27396744763255779_3593352410071751185_n.jpg?stp=cp0_dst-jpg_s32x32_tt6&_nc_cat=110&ccb=1-7&_nc_sid=1d2534&_nc_eui2=AeGEUJ2hd5lywR2UORx-Q4S2BkwSQVTEgx0GTBJBVMSDHQVXfwp9-CBBl0ywm2jUtKwKK0vmAHLrRsDfHGzSnxwn&_nc_ohc=r9pQSdoDk_AQ7kNvwGqO3md&_nc_oc=Adqy0-NwjpQcFHNdSbunnLAnjcriTMDTVYdcF8yPdFVCzNkUwI8JkGssaLAmGr88cqc&_nc_zt=24&_nc_ht=scontent.fcgk43-1.fna&_nc_gid=ALMcmClCQA2GIdE9lJoWcA&_nc_ss=7b2a8&oh=00_Af4QQdsMeFT1YWFVEYuA3IqTIhYavSqGi4iUfO8YKMOwfg&oe=6A1A2915,Romy AnDrean NugRaha,Kan saya udah bilang Israel yahudi tu penuh kehancuran bengis Fir'aun versi modern dan mereka bersekutu dengan kristen Papua atau di Indonesia bagian timur lain nya karna Israel di elu elukan mereka,https://www.facebook.com/reel/1336508365019749/?comment_id=1555239709498984,0,0,0,05/22/2026 12:58:32,Facebook,facebook_comments_post_1.csv,kan saya udah bilang israel yahudi tu penuh kehancuran bengis fir aun versi modern dan mereka bersekutu dengan kristen papua atau di indonesia bagian timur lain nya karna israel di elu elukan mereka,33,2026-05-22 12:58:32
Y29tbWVudDoxMzE0MDM5MTM3NTg1Nzg5XzE2NzA3MTIyNzc1MzQ5OTU=,563562191,https://scontent.fcgk43-1.fna.fbcdn.net/v/t39.30808-1/355901539_10160612679807192_5389128107606798481_n.jpg?stp=cp0_dst-jpg_s32x32_tt6&_nc_cat=103&ccb=1-7&_nc_sid=e99d92&_nc_eui2=AeG1V1nM1CkbrNxlIqrcORhtcFMnoJo3jmdwUyegmjeOZ1s3KowfroFn5ITM_H2TOk1_0zmNc6aZxo7SUygyI6fW&_nc_ohc=PE-zfIEvzX4Q7kNvwEya-dC&_nc_oc=AdpftNERI8O6Jo-AgOYvtS4aStxPdnmJFHOQjs_n0g6CPhjgulUGKN2CY6C-IZFvfUQ&_nc_zt=24&_nc_ht=scontent.fcgk43-1.fna&_nc_gid=ALMcmClCQA2GIdE9lJoWcA&_nc_ss=7b2a8&oh=00_Af7az-yb8OgaaGYOAIUfbSRQvDSRdFw4jegTJjB73COhvw&oe=6A1A1AAE,Gyönyörú Ria,"🤣🤣🤣 jreeeeeenggggg.....asek nih baca beritanya. Ada yg diikat terlalu keras katanya (manja banget) harusnya ikat pake karet nasi rames apa karet gado-gado😅  eh ada yg dupukul? Waduh zionis keterlaluan nih, masa nyelonong tanpa izin masuk wilayah itu aja dipukul? Diusap dong, disayang, dibelai...kalau dipukul gue aduin emak gue lo! Koplak...dah! Pada Caper emang😅",https://www.facebook.com/reel/1336508365019749/?comment_id=1670712277534995,0,0,1,05/22/2026 12:52:57,Facebook,facebook_comments_post_1.csv,jreeeeeenggggg asek nih baca beritanya ada yg diikat terlalu keras katanya manja banget harusnya ikat pake karet nasi rames apa karet gado gado eh ada yg dupukul waduh zionis keterlaluan nih masa nyelonong tanpa izin masuk wilayah itu aja dipukul diusap dong disayang dibelai kalau dipukul gue aduin emak gue lo koplak dah pada caper emang,56,2026-05-22 12:52:57
Y29tbWVudDoxMzE0MDM5MTM3NTg1Nzg5XzEzMjY3ODA1MjYyMTk2MDE=,100005110158485,https://scontent.fcgk43-1.fna.fbcdn.net/v/t39.30808-1/414889824_2543024705877843_7870184109990078320_n.jpg?stp=c0.0.411.411a_cp0_dst-jpg_s32x32_tt6&_nc_cat=109&ccb=1-7&_nc_sid=e99d92&_nc_eui2=AeGqKqAmrRO7pxGy5xE6fySgRGvhKiLtQs9Ea-EqIu1Cz7PoXqmKWRU6f3eeIw7w7GtwFIW8rwoGf-38rbooFTgJ&_nc_ohc=Lk2iE8AKbW0Q7kNvwGhrCdM&_nc_oc=Ado-cMd3CkSWd0sCqX7lo8-w40ALxBwAVl9od4X4rkdFKjeqBrPfOtuSpPAqlH33gEs&_nc_zt=24&_nc_ht=scontent.fcgk43-1.fna&_nc_gid=sfFK_1SjvIqRBLf-g7ix3A&_nc_ss=7b2a8&oh=00_Af6A82WJp_GKUN0orHUGB_IpfIIJhnDLHBhXwrrBDa3ANg&oe=6A1A0EF0,Ida Lilio,-Gyönyörú Ria buzzer #israelteroris,https://www.facebook.com/reel/1336508365019749/?comment_id=1670712277534995&reply_comment_id=1326780526219601,0,1,0,05/22/2026 17:23:44,Facebook,facebook_comments_post_1.csv,gyönyörú ria buzzer,3,2026-05-22 17:23:44
Y29tbWVudDoxMzE0MDM5MTM3NTg1Nzg5XzE2NTI5NjEwOTU5MDI1OTU=,100037342842385,https://scontent.fcgk43-1.fna.fbcdn.net/v/t39.30808-1/635275451_1566099224644824_4040698678965651017_n.jpg?stp=cp0_dst-jpg_s32x32_tt6&_nc_cat=106&ccb=1-7&_nc_sid=e99d92&_nc_eui2=AeGmrL01SlY22UbOTvEF_Z37W-fXdTZ4Kzdb59d1NngrN5IrGw0DsOncpiQR2FMViG79_ZKNtyMacBzw0JuADuXX&_nc_ohc=c8cw6uTK5W8Q7kNvwGKdaEu&_nc_oc=AdpkiqOEkLrPr6a_0c1bsLcL-NsX9oImtqGtjc4v03tqnZ-1_5zVXTe1x5ZxQofkcZY&_nc_zt=24&_nc_ht=scontent.fcgk43-1.fna&_nc_gid=ALMcmClCQA2GIdE9lJoWcA&_nc_ss=7b2a8&oh=00_Af5qQ5Xjp7bt6P4aA8BtaGqGPkX0ML943ds2CDyogor25w&oe=6A1A3806,Asmita Hani,"laknatullah israel
orang yg paling munafiq adalah orang israel 
israel itu setan iblis...",https://www.facebook.com/reel/1336508365019749/?comment_id=1652961095902595,0,0,0,05/22/2026 12:51:54,Facebook,facebook_comments_post_1.csv,laknatullah israel orang yg paling munafiq adalah orang israel israel itu setan iblis,13,2026-05-22 12:51:54
Y29tbWVudDoxMzE0MDM5MTM3NTg1Nzg5XzIwNDg5MjY5MzkzODY5NzQ=,1417929137,https://scontent.fcgk43-1.fna.fbcdn.net/v/t39.30808-1/344227840_1175199076488505_176932203778833000_n.jpg?stp=cp0_dst-jpg_s32x32_tt6&_nc_cat=110&ccb=1-7&_nc_sid=1d2534&_nc_eui2=AeEqDeXkT2yaVxylaQ0c_pxEst5EHg5b--Gy3kQeDlv74W0UxI6JSqq9j7z3e3ZVK06J6dJwS2wxMQxOh-ykrJix&_nc_ohc=6sv7cm_1CcIQ7kNvwE2eifO&_nc_oc=AdragzW0exQCwLv723GvA6Oy00f5pOogvgb0z6W6dCJI-hiSbMJtUPexE-NimeWbnCs&_nc_zt=24&_nc_ht=scontent.fcgk43-1.fna&_nc_gid=ALMcmClCQA2GIdE9lJoWcA&_nc_ss=7b2a8&oh=00_Af6-WhGoGVseR4nmq8S57sfrV5Jz6tGrNd1rVhckk-_zsQ&oe=6A1A149D,Andriyan Makawimbang Harindah,"Bacot... Kalau loe jatuh ketangan Hauti, Hamas, hizbulah, boko haram, Taliban, isis.. Loe sdh METONG tong nda peduli seagama.",https://www.facebook.com/reel/1336508365019749/?comment_id=2048926939386974,0,0,0,05/22/2026 12:37:40,Facebook,facebook_comments_post_1.csv,bacot kalau loe jatuh ketangan hauti hamas hizbulah boko haram taliban isis loe sdh metong tong nda peduli seagama,19,2026-05-22 12:37:40
Y29tbWVudDoxMzE0MDM5MTM3NTg1Nzg5XzE4MTY4Nzc2MDYzNjE3MDE=,100024023522969,https://scontent.fcgk43-1.fna.fbcdn.net/v/t1.6435-1/186434688_939569750187134_8099366095503517486_n.jpg?stp=cp0_dst-jpg_s32x32_tt6&_nc_cat=103&ccb=1-7&_nc_sid=e99d92&_nc_eui2=AeF6aK0r5cp3bdAmyxV808zS5_ntjBY8xcPn-e2MFjzFw5tb15lxU43dZZ0TT_6KNygMZMGC03QDPfI3xh0sElzo&_nc_ohc=cG88cIzjpGEQ7kNvwGdXfPl&_nc_oc=AdqtTDhP9TiAZ2W82fg4vJTuKhD-kkbjmLpI7kB0YmFCKSJvjHItzkTBfVQvc5Eq1Qs&_nc_zt=24&_nc_ht=scontent.fcgk43-1.fna&_nc_gid=ALMcmClCQA2GIdE9lJoWcA&_nc_ss=7b2a8&oh=00_Af7r5W1jeA_KgYt0WYMp2Xv9nYH8NoZ4cSHXmn923bnciQ&oe=6A3BD08F,Oj,Bodoh di pelihara.,https://www.facebook.com/reel/1336508365019749/?comment_id=1816877606361701,0,0,0,05/22/2026 12:27:02,Facebook,facebook_comments_post_1.csv,bodoh di pelihara,3,2026-05-22 12:27:02
Y29tbWVudDoxMzE0MDM5MTM3NTg1Nzg5XzIyMDUwMzA0MzY5ODc0MTg=,100075709389439,https://scontent.fcgk43-1.fna.fbcdn.net/v/t39.30808-1/557922643_815411027659203_6668144329469328034_n.jpg?stp=c282.0.1176.1176a_cp0_dst-jpg_s32x32_tt6&_nc_cat=102&ccb=1-7&_nc_sid=e99d92&_nc_eui2=AeGK7SfJV3OfpLc7sFLAhC4qEkFSJqmLfqgSQVImqYt-qBLXgOlBdkMj6Pc66grpeRGHgLCmdY3FIZKy7tZVE2yB&_nc_ohc=GA2a3M2iAU8Q7kNvwEpdV0b&_nc_oc=AdqK_PHW6AirdO4KL3MVvaof6wmLdXzeqY8yLwxhRNDSVDA6M58bJEdZlWeCpoiaAXc&_nc_zt=24&_nc_ht=scontent.fcgk43-1.fna&_nc_gid=ALMcmClCQA2GIdE9lJoWcA&_nc_ss=7b2a8&oh=00_Af5D1Q6qRORA7t01haYdlCcSTwbVuH3SErtCXp0ujl1hLw&oe=6A1A0EA2,Wahana Usaha,kekerasan? disini disiram air keras sampai cacat seumur hidup oleh tentara hanya 𝐤𝐞𝐧𝐚𝐤𝐚𝐥𝐚𝐧 kok,https://www.facebook.com/reel/1336508365019749/?comment_id=2205030436987418,0,0,0,05/22/2026 12:26:14,Facebook,facebook_comments_post_1.csv,kekerasan disini disiram air keras sampai cacat seumur hidup oleh tentara hanya 𝐤𝐞𝐧𝐚𝐤𝐚𝐥𝐚𝐧 kok,14,2026-05-22 12:26:14
Y29tbWVudDoxMzE0MDM5MTM3NTg1Nzg5Xzk3ODk1MDQ5ODM3Nzc0NA==,100013539076120,https://scontent.fcgk43-1.fna.fbcdn.net/v/t39.30808-1/456256107_1974787969649153_5910532741690479107_n.jpg?stp=cp0_dst-jpg_s32x32_tt6&_nc_cat=108&ccb=1-7&_nc_sid=1d2534&_nc_eui2=AeF2OwuartiuePEuL7sZWn2g-1Z26S2_AAP7VnbpLb8AA6T3bO9ulFL5mG4mHlZrEp6l_HxIP5LNWbrPzPuDphNq&_nc_ohc=psEB4vOMDYwQ7kNvwE96_du&_nc_oc=Ado2R_Ir9gmr07fxnzaZXdryH03NOFk7yyYe0XBcmRY08bieQaJNK4HpDPeh8VYXhKg&_nc_zt=24&_nc_ht=scontent.fcgk43-1.fna&_nc_gid=ALMcmClCQA2GIdE9lJoWcA&_nc_ss=7b2a8&oh=00_Af4Aka9fhCk0Ia0-JEQCtRgBYsUjohAKtz7SvYRA3D5tVg&oe=6A1A3976,Luhut Simanjuntak,Emang kamu pikir disana cuma main perang perangan? dasar Goblok.,https://www.facebook.com/reel/1336508365019749/?comment_id=978950498377744,0,0,0,05/22/2026 12:22:33,Facebook,facebook_comments_post_1.csv,emang kamu pikir disana cuma main perang perangan dasar goblok,10,2026-05-22 12:22:33
Y29tbWVudDoxNDUzODgyNjI2NzY4MTUzXzEzNjk5NjU5MzQ5OTcxNjk=,100091976603350,https://scontent.fcgk43-1.fna.fbcdn.net/v/t39.30808-1/347865659_703227698471635_2145105602226803132_n.jpg?stp=cp0_dst-jpg_s32x32_tt6&_nc_cat=102&ccb=1-7&_nc_sid=e99d92&_nc_eui2=AeFlxCuw6a5GgYuOyy-meicBJBMcID3hs-QkExwgPeGz5Gb8nAiKVW4Ll645gWZcGfGoP5-w5e9d3M9dZjDmHyIJ&_nc_ohc=YLYhCOA8J-cQ7kNvwEMAebR&_nc_oc=Adr2Rpmd5c329dolqPynulC8J0I0jRoRgQTJbpdbPgRUcP_NidcnS_GYU1imdWpTvBg&_nc_zt=24&_nc_ht=scontent.fcgk43-1.fna&_nc_gid=LFlsYJ8TbjtwvudFA2Sivw&_nc_ss=7b2a8&oh=00_Af5JPAXkr48ggGUfA_RDgNf1SqdvOBzFEBly69YgL2_mrQ&oe=6A1A1A37,Roh Kas,"nah gitu melawan ,baiknya sih fisik lawan fisik",https://www.facebook.com/TirtoID/posts/pfbid02eZCnsA6s7gXx8AZq9t7KLmiC8EMgXXg6zirheujS9oA4uNCjKPCzb21ZdzpJWXUul?comment_id=1369965934997169,0,0,0,05/25/2026 19:19:09,Facebook,facebook_comments_post_2.csv,nah gitu melawan baiknya sih fisik lawan fisik,8,2026-05-25 19:19:09
Y29tbWVudDoxNDUzODgyNjI2NzY4MTUzXzE5NTg0MTQ4NzgyMTI4OTc=,100040461306333,https://scontent.fcgk43-1.fna.fbcdn.net/v/t39.30808-1/677100951_1696617045030323_7221450255584645728_n.jpg?stp=cp0_dst-jpg_s32x32_tt6&_nc_cat=103&ccb=1-7&_nc_sid=1d2534&_nc_eui2=AeGRauZ3a2GIJB4_64w96SMZcauOaFC_ge1xq45oUL-B7YEOQS3_XnX2a3zwiuNx1IPbrNlB69sMg8bi-Pqj9MgE&_nc_ohc=dtBFNGXtPccQ7kNvwEKPTw0&_nc_oc=AdptFILcLG2LE0yCXxq4e2XAbKYZut6thcJT0ZFV3clWnOM-3wxLNnbVKUM1veRrG7A&_nc_zt=24&_nc_ht=scontent.fcgk43-1.fna&_nc_gid=LFlsYJ8TbjtwvudFA2Sivw&_nc_ss=7b2a8&oh=00_Af7fKlnI6RR5u2jy26XfOSAXfe3rC0EHZ8Y8q-gXoWYKcw&oe=6A1A0ED8,MJ Rahardjo,"BUWAHAHAHA

Orang-orang seperti ini menguntungkan berbagai media di Indonesia, karena ada bahan untuk diberitakan.

Yang tidak banyak disadari oleh kebanyakan orang, berbagai pemilik platform medsos juga bakal kebanjiran cuan, karena engagement para users meningkat tajam. Padahal para pemilik berbagai platform medsos itu dimiliki secara langsung atau tidak langsung oleh pengusaha Yahudi  atau berbagai perusahaan raksasa Israel.

Mungkin mereka itu sebenarnya agen Mossad?
🤣

MJR",https://www.facebook.com/TirtoID/posts/pfbid02eZCnsA6s7gXx8AZq9t7KLmiC8EMgXXg6zirheujS9oA4uNCjKPCzb21ZdzpJWXUul?comment_id=1958414878212897,0,0,0,05/25/2026 18:49:14,Facebook,facebook_comments_post_2.csv,buwahahaha orang orang seperti ini menguntungkan berbagai media di indonesia karena ada bahan untuk diberitakan yang tidak banyak disadari oleh kebanyakan orang berbagai pemilik platform medsos juga bakal kebanjiran cuan karena engagement para users meningkat tajam padahal para pemilik berbagai platform medsos itu dimiliki secara langsung atau tidak langsung oleh pengusaha yahudi atau berbagai perusahaan raksasa israel mungkin mereka itu sebenarnya agen mossad mjr,64,2026-05-25 18:49:14
Y29tbWVudDoxNDUzODgyNjI2NzY4MTUzXzIwNTA3Mjc0MTU1MTEzNTQ=,100000669115523,https://scontent.fcgk43-1.fna.fbcdn.net/v/t39.30808-1/600448006_26213642708241342_2249424866618770468_n.jpg?stp=cp0_dst-jpg_s32x32_tt6&_nc_cat=109&ccb=1-7&_nc_sid=e99d92&_nc_eui2=AeHEljax4CS9mRbPe3iM6cTkZ-j7ZhdGVlVn6PtmF0ZWVZjysrylRZVCEHxLMASAw4AQeCR3E2fnQs4gttuYp_pv&_nc_ohc=xJB_kxjxHo4Q7kNvwEjjTW7&_nc_oc=AdrOzCJb4g-ghOm9i-vpieZ81x7vGFb24tedamtmJmFz8Mq6T0MRmcotrImK7oCzAqA&_nc_zt=24&_nc_ht=scontent.fcgk43-1.fna&_nc_gid=LFlsYJ8TbjtwvudFA2Sivw&_nc_ss=7b2a8&oh=00_Af6Tak6oGu7i3GA6Vw0txFwvRfjueZhw0JguRoCg-vNYqg&oe=6A1A12DC,Drs Banuasi Simamora,https://external.fcgk43-1.fna.fbcdn.net/emg1/v/t13/10257710618964457597?url=https%3A%2F%2Fmedia2.giphy.com%2Fmedia%2F29HRejgahYenVsohB5%2Fgiphy.gif%3Fcid%3D120c0147iff46s1pzonf2ch8c1zcj806q71e1tafny4zmuo5%26rid%3Dgiphy.gif&fb_obo=1&utld=giphy.com&stp=dst-emg0_q75_s360x360_tt6&_nc_gid=LFlsYJ8TbjtwvudFA2Sivw&_nc_eui2=AeHaRF_mjLcQogZLvwoHnwC0xjpe4WcQM4fGOl7hZxAzhwCfDsq6plm0qTsZjxArVipGlxIhvr5Sax0pFSby6Ept&_nc_oc=Adp1VKywovhi0BiHZjn3qcxp-zp7vWR7HHPdmDnaAUWkrHYJMy4MjKNAz8pkKV6lhrM&ccb=13-1&oh=06_Q3-_AZg_f_iYxMTcsRjZJsdPbrB5VVSj_KsaaidxYQg0L3Gl&oe=6A162E92&_nc_sid=c97757,https://www.facebook.com/TirtoID/posts/pfbid02eZCnsA6s7gXx8AZq9t7KLmiC8EMgXXg6zirheujS9oA4uNCjKPCzb21ZdzpJWXUul?comment_id=2050727415511354,0,0,0,05/25/2026 18:13:52,Facebook,facebook_comments_post_2.csv,,0,2026-05-25 18:13:52
Y29tbWVudDoxNDUzODgyNjI2NzY4MTUzXzgzNzA3ODkwOTQ1NTcwNw==,100063211351539,https://scontent.fcgk43-1.fna.fbcdn.net/v/t39.30808-1/458111915_820962253354146_7829705897402823131_n.jpg?stp=cp0_dst-jpg_s32x32_tt6&_nc_cat=106&ccb=1-7&_nc_sid=e99d92&_nc_eui2=AeFp2SSXiV1XigUTkg4MRAgTJn0rv6lhjeQmfSu_qWGN5F9PWcoBIL6UUIOma2m8hwobcS71TP7Pna82hdptaslD&_nc_ohc=wLLa2vpyAE4Q7kNvwECteQT&_nc_oc=AdpHCGPOStdzHuIOwl4RCYEAcV7UfIJYdMK37FzceDAkXzyByP9hmrPf-m9vXGrOxQA&_nc_zt=24&_nc_ht=scontent.fcgk43-1.fna&_nc_gid=LFlsYJ8TbjtwvudFA2Sivw&_nc_ss=7b2a8&oh=00_Af6eozRENoc8xNNwcs4IiLolMQVtvGgABXdKPaOG_L-aqQ&oe=6A1A38D0,Pola Siwa,Heran ya mereka..,https://www.facebook.com/TirtoID/posts/pfbid02eZCnsA6s7gXx8AZq9t7KLmiC8EMgXXg6zirheujS9oA4uNCjKPCzb21ZdzpJWXUul?comment_id=837078909455707,0,0,0,05/25/2026 17:06:24,Facebook,facebook_comments_post_2.csv,heran ya mereka,3,2026-05-25 17:06:24
Y29tbWVudDoxNDUzODgyNjI2NzY4MTUzXzk4NzIyMTcwMDY5ODk1OQ==,100000575242911,https://scontent.fcgk43-1.fna.fbcdn.net/v/t39.30808-1/483782092_23956997593902747_820937918601121039_n.jpg?stp=cp0_dst-jpg_s32x32_tt6&_nc_cat=104&ccb=1-7&_nc_sid=e99d92&_nc_eui2=AeGKKpBiNOlVBrYtMHTsnr8zwRMrS4bCki7BEytLhsKSLj7IgUSpRHUraIH9h2Kvy4hjCv3gae4fLEXB3QucVp1o&_nc_ohc=92-4rSQnvQEQ7kNvwEz_QBc&_nc_oc=AdrvYnv4dY2w9JwmjgMp_yRCEktwnvGFrmJYA_8yPadDyXQrQ5zkUlJarIyMhY3ua5c&_nc_zt=24&_nc_ht=scontent.fcgk43-1.fna&_nc_gid=LFlsYJ8TbjtwvudFA2Sivw&_nc_ss=7b2a8&oh=00_Af79omU3uRPWxJf7gT7hm1g2xN6M4CvazWEl9XzsPCRoKg&oe=6A1A12A2,Hac Ker,Jangan lupa kondom,https://www.facebook.com/TirtoID/posts/pfbid02eZCnsA6s7gXx8AZq9t7KLmiC8EMgXXg6zirheujS9oA4uNCjKPCzb21ZdzpJWXUul?comment_id=987221700698959,0,0,0,05/25/2026 17:05:25,Facebook,facebook_comments_post_2.csv,jangan lupa kondom,3,2026-05-25 17:05:25
Y29tbWVudDoxNDUzODgyNjI2NzY4MTUzXzEwMjczODQxNzk5NjY0MDI=,100026249088133,https://scontent.fcgk43-1.fna.fbcdn.net/v/t39.30808-1/538285972_1763195271232092_8215236634260518749_n.jpg?stp=c0.96.720.720a_cp0_dst-jpg_s32x32_tt6&_nc_cat=107&ccb=1-7&_nc_sid=1d2534&_nc_eui2=AeGY04yyGBFIZlt2Gbtw8CPUSz_AxuoQEdBLP8DG6hAR0IyGg0c4y78dQWjrJ-XwJDZ8TCubdLiUZEoE22hhPdJ9&_nc_ohc=VwweGfnnARgQ7kNvwFHNVE3&_nc_oc=Adqyv0p2juWx4wUA3_f18lhneLGR2KQgg9lepAHGBMKAHsFEw7kRbFFDds2Gskd8psA&_nc_zt=24&_nc_ht=scontent.fcgk43-1.fna&_nc_gid=LFlsYJ8TbjtwvudFA2Sivw&_nc_ss=7b2a8&oh=00_Af7ZIiJw2iaaBgzC9W3WTBFJQ03IlQK83qEwKRNEXUx1jw&oe=6A1A3854,Ambold RHy,"Sok jago pas kena tangkap,, merengek  ke negara  ,,",https://www.facebook.com/TirtoID/posts/pfbid02eZCnsA6s7gXx8AZq9t7KLmiC8EMgXXg6zirheujS9oA4uNCjKPCzb21ZdzpJWXUul?comment_id=1027384179966402,0,0,0,05/25/2026 17:00:13,Facebook,facebook_comments_post_2.csv,sok jago pas kena tangkap merengek ke negara,8,2026-05-25 17:00:13
Y29tbWVudDoxNDUzODgyNjI2NzY4MTUzXzE3MTk5NzQ4NjkzNTY1NDE=,100009751564261,https://scontent.fcgk43-1.fna.fbcdn.net/v/t39.30808-1/661794993_2738898106445215_7387390147450596861_n.jpg?stp=cp0_dst-jpg_s32x32_tt6&_nc_cat=105&ccb=1-7&_nc_sid=1d2534&_nc_eui2=AeH-2AooB8X5x9fzux73SJ8Ab2QJOdSmgbVvZAk51KaBtdqxCaGqPpgm-zpZijB8KziYSikurYyqxKzvLaCL3eum&_nc_ohc=8TIY4K8oB5wQ7kNvwG0uJQz&_nc_oc=AdrM5fKwYRWYJxFZepxzrRDWKDFZuAmc8R9VvTVpEApiVgaYY4hiaCesZUp3j9sYjXU&_nc_zt=24&_nc_ht=scontent.fcgk43-1.fna&_nc_gid=LFlsYJ8TbjtwvudFA2Sivw&_nc_ss=7b2a8&oh=00_Af5mWhrG4DisJDv15DeVRlifFnZoiIZul1on3pGT58OnMg&oe=6A1A09CC,Ayahe Opet Cipenk,Jauh2 sok jihad tetangga loe kelaparan diam ajenx,https://www.facebook.com/TirtoID/posts/pfbid02eZCnsA6s7gXx8AZq9t7KLmiC8EMgXXg6zirheujS9oA4uNCjKPCzb21ZdzpJWXUul?comment_id=1719974869356541,0,0,0,05/25/2026 16:44:35,Facebook,facebook_comments_post_2.csv,jauh2 sok jihad tetangga loe kelaparan diam ajenx,8,2026-05-25 16:44:35
Y29tbWVudDoxNDUzODgyNjI2NzY4MTUzXzEwNDA3NTI2MjUxNDI5Nzc=,1416397464,https://scontent.fcgk43-1.fna.fbcdn.net/v/t1.6435-1/141421833_10219863678048476_5343341570839255682_n.jpg?stp=cp0_dst-jpg_s32x32_tt6&_nc_cat=104&ccb=1-7&_nc_sid=e99d92&_nc_eui2=AeFwgHlu2IFkM1GCiw_opVZamhkTAk2-3U-aGRMCTb7dT-B_sV42-Sq2K7oTSZAvLZkQbKNO5pA_3xTpkG0Eqtyg&_nc_ohc=6i1is20KFO4Q7kNvwE_FvvE&_nc_oc=AdqEKTlaqtlrsPPH6qiuyTdTeUF4l-5BTCUA7wOM0HsxQ6_n_cEAZ2m3u2JK9O6SUQI&_nc_zt=24&_nc_ht=scontent.fcgk43-1.fna&_nc_gid=LFlsYJ8TbjtwvudFA2Sivw&_nc_ss=7b2a8&oh=00_Af6vXTjH2aAQXwnwiJlhKa0eOHbBfQRhwVUuQAHCQljL_w&oe=6A3BC970,Samuel Kyle Karwur,"Ngelawak ya...

https://scontent.fcgk43-1.fna.fbcdn.net/v/t39.1997-6/557601154_31772489432395191_7143803421923591879_n.webp?_nc_cat=100&ccb=1-7&_nc_sid=72b077&_nc_eui2=AeEkN6d9OEUmpInaJWi0FAFuqxcOtHxTloSrFw60fFOWhCmy-HSzPp8xRChGqbCZorKYUwVac9fvPlSAF2-aZj9X&_nc_ohc=1Zo9fAWXiUIQ7kNvwFB-wdx&_nc_oc=AdrF-qC7smu-NXrEpQ5ttnTVGLAEIBA6rHF5VfeqY2E0geAa-f1Az0nurqHyqaNpIUA&_nc_zt=26&_nc_ht=scontent.fcgk43-1.fna&_nc_gid=LFlsYJ8TbjtwvudFA2Sivw&_nc_ss=7b2a8&oh=00_Af5g1J0EwfwczHisTddoc6y3A169N5bjDjzbJkXwB4ptFA&oe=6A1A25F1",https://www.facebook.com/TirtoID/posts/pfbid02eZCnsA6s7gXx8AZq9t7KLmiC8EMgXXg6zirheujS9oA4uNCjKPCzb21ZdzpJWXUul?comment_id=1040752625142977,0,0,0,05/25/2026 16:19:08,Facebook,facebook_comments_post_2.csv,ngelawak ya,2,2026-05-25 16:19:08
Y29tbWVudDoxNDUzODgyNjI2NzY4MTUzXzE0NTI4MTM5MDMxNzk3NDE=,100013143006786,https://scontent.fcgk43-1.fna.fbcdn.net/v/t1.6435-1/70423721_762242430890517_8905635849559867392_n.jpg?stp=c0.105.480.480a_cp0_dst-jpg_s32x32_tt6&_nc_cat=107&ccb=1-7&_nc_sid=1d2534&_nc_eui2=AeH3u_RL88BFxSNbnuKo6H-FMhcfofKpwFMyFx-h8qnAU5d68SJkNWhzZ1_qL76pMge3HD-t4siUWGz5pJf90FR8&_nc_ohc=CVwaNXkNvegQ7kNvwFliQt4&_nc_oc=AdoTjjEj5m-710TSANwgFVxwtPXcSrONfUzdSHfzOMNMwMesK4zLBTL6GqHArc49Zj8&_nc_zt=24&_nc_ht=scontent.fcgk43-1.fna&_nc_gid=LFlsYJ8TbjtwvudFA2Sivw&_nc_ss=7b2a8&oh=00_Af69Gn6YL_vcJzGFZQ0I3jEmVyDLxfrjAneCWczem3XI1g&oe=6A3BCB85,Mcp,"Kode FONASI

https://scontent.fcgk43-1.fna.fbcdn.net/v/t39.1997-6/585404007_1156970703083238_8325303220801050133_n.png?stp=dst-png_s168x128&_nc_cat=101&ccb=1-7&_nc_sid=23dd7b&_nc_eui2=AeFKRxB05SL7AxlpPAwGfppWRxbREcdz1WNHFtERx3PVY8YIshsiYLEwY1F8aKeWZS794Ax1Qxifkl0vcbUnUw3h&_nc_ohc=i0pJUnKEyDUQ7kNvwHJxnWb&_nc_oc=AdppH9-TASEzK7rNnChT-SWUDXnV-DGIMoo3F5h89wgsO_2zYRN6f1yPRuGUf2yzeBY&_nc_zt=26&_nc_ht=scontent.fcgk43-1.fna&_nc_gid=LFlsYJ8TbjtwvudFA2Sivw&_nc_ss=7b2a8&oh=00_Af46NqCAw_HRC499XiHSvVTNZ70H3vUa7shV3Nemd5Naog&oe=6A1A32E6",https://www.facebook.com/TirtoID/posts/pfbid02eZCnsA6s7gXx8AZq9t7KLmiC8EMgXXg6zirheujS9oA4uNCjKPCzb21ZdzpJWXUul?comment_id=1452813903179741,0,0,0,05/25/2026 16:16:26,Facebook,facebook_comments_post_2.csv,kode fonasi,2,2026-05-25 16:16:26
Y29tbWVudDoxNDUzODgyNjI2NzY4MTUzXzE1MzA3NjU5NjUzNDY0MDE=,100007957719172,https://scontent.fcgk43-1.fna.fbcdn.net/v/t39.30808-1/347092799_1699385453986777_6401674674208065546_n.jpg?stp=cp0_dst-jpg_s32x32_tt6&_nc_cat=105&ccb=1-7&_nc_sid=e99d92&_nc_eui2=AeFz-GDGarDRtkBEBfufPlVOKU8hvO6-2B8pTyG87r7YH_rQv_UyuN6JemCXhCvDb-BXfzGjqcP8MAnZshXugpXQ&_nc_ohc=6Zv5zzsbAPAQ7kNvwHnCcVs&_nc_oc=AdoQjwq49udqMLCauJ7I3lR7-TvH7iFpQxkufIhUd4mrXL-G8XQQ9Oos6tCJyiy8MZc&_nc_zt=24&_nc_ht=scontent.fcgk43-1.fna&_nc_gid=LFlsYJ8TbjtwvudFA2Sivw&_nc_ss=7b2a8&oh=00_Af6CgdLYWVI2n_MwRa_rTzytlBZmsGZlot_VCiBl2VknJQ&oe=6A1A1F16,Christiano Simbala,"Ketawa aja

https://scontent.fcgk43-1.fna.fbcdn.net/v/t39.1997-6/106823040_953856961743328_2605604044035726523_n.png?stp=cp0_dst-png_s110x80&_nc_cat=1&ccb=1-7&_nc_sid=23dd7b&_nc_eui2=AeFb79OUC-u-SrxpZKdOQIbt3BQOoHLms0PcFA6gcuazQ1WhZdCrO7wb60rPr8UdxMF19DEvngI8qlZCwsPIHOuq&_nc_ohc=10KGGR0OkvQQ7kNvwGynB1G&_nc_oc=AdqL_bS93WjO3FpmD7_z13NZKSzFV1OdziSW800KqXtxurmYbweA5inbzR4B7aGoJTg&_nc_zt=26&_nc_ht=scontent.fcgk43-1.fna&_nc_gid=LFlsYJ8TbjtwvudFA2Sivw&_nc_ss=7b2a8&oh=00_Af5lzf_ScXo26b_O-b5lQhiiWHk_Mg287nVaB55e0hCcqw&oe=6A1A3505",https://www.facebook.com/TirtoID/posts/pfbid02eZCnsA6s7gXx8AZq9t7KLmiC8EMgXXg6zirheujS9oA4uNCjKPCzb21ZdzpJWXUul?comment_id=1530765965346401,1,0,0,05/25/2026 16:13:10,Facebook,facebook_comments_post_2.csv,ketawa aja,2,2026-05-25 16:13:10
Y29tbWVudDoxNDUzODgyNjI2NzY4MTUzXzEwMDA4MDg3NDkxMjE5NTI=,61589399249613,https://scontent.fcgk43-1.fna.fbcdn.net/v/t39.30808-1/700431020_122102534733313308_7113242696905668185_n.jpg?stp=c0.0.736.736a_cp0_dst-jpg_s32x32_tt6&_nc_cat=107&ccb=1-7&_nc_sid=e99d92&_nc_eui2=AeHRR9g9rN0PeIZ9eQoYO3baoAo2wyKN2V2gCjbDIo3ZXcRSiZjui6V_Y03MP5CfLfgqdE19VytXpxMi5pqBI312&_nc_ohc=dmGCbW0_NDEQ7kNvwHXz6qc&_nc_oc=Adop082Jq8fb-Oe7dMYTGMZ9wFqXVB00qpBHe67YaQY-9xQ9Q9wBmRIn4CtibEMzjdU&_nc_zt=24&_nc_ht=scontent.fcgk43-1.fna&_nc_gid=eqOLmjEgdrODo5Iqn2SKew&_nc_ss=7b2a8&oh=00_Af6QMJTiokSV1u3clFon5PuQ6X4Xx7Bam0PCm5G7wlfy_A&oe=6A1A0E86,Abi Sarh Ben Walled,"Ini pengalihan isyu terhadap arah donasi kemanusiaan di arahkan kemana saja dan siapa yang menerimanya. Ini pangalihan publik bagi donatur dan masyarakat sipil yang telah memberikan bantuan donasi kepada rakyat Palestina.
Memangnya di dengar oleh Israel... ??? Atau memangnya di takuti oleh Israel...??? Mimpi kali, sedangkan sekelas Organisasi Besar Dunia saja seperti PBB, UNI EROPA, LIGA ARAB, NATO, OKI, OIC, DAN ASEAN saja tidak pernah mereka gubris dan mereka tidak pernah dengar kecaman, resolusi dan permintaan gencatan senjatanya, apalagi cuma sekelas kalian, yang skop gerakannya hanya sebatas di Indonesia, jangankan di dengar mungkin di anggap suara gosip masyarakat biasa saja. Liga Arab dan OKI saja bungkammmmm, tidak berkutik sama sekali, Apalagi kalian.....Siapa kalian  bagi Israel..... ???  Kalian itu hanya di anggap kecoa dan tikus ruma saja....🙏🙏🙏",https://www.facebook.com/TirtoID/posts/pfbid02eZCnsA6s7gXx8AZq9t7KLmiC8EMgXXg6zirheujS9oA4uNCjKPCzb21ZdzpJWXUul?comment_id=1000808749121952,0,0,0,05/25/2026 15:59:55,Facebook,facebook_comments_post_2.csv,ini pengalihan isyu terhadap arah donasi kemanusiaan di arahkan kemana saja dan siapa yang menerimanya ini pangalihan publik bagi donatur dan masyarakat sipil yang telah memberikan bantuan donasi kepada rakyat palestina memangnya di dengar oleh israel atau memangnya di takuti oleh israel mimpi kali sedangkan sekelas organisasi besar dunia saja seperti pbb uni eropa liga arab nato oki oic dan asean saja tidak pernah mereka gubris dan mereka tidak pernah dengar kecaman resolusi dan permintaan gencatan senjatanya apalagi cuma sekelas kalian yang skop gerakannya hanya sebatas di indonesia jangankan di dengar mungkin di anggap suara gosip masyarakat biasa saja liga arab dan oki saja bungkammmmm tidak berkutik sama sekali apalagi kalian siapa kalian bagi israel kalian itu hanya di anggap kecoa dan tikus ruma saja,125,2026-05-25 15:59:55
Y29tbWVudDoxNDUzODgyNjI2NzY4MTUzXzIxOTEyMDYwNjQ5ODY0MDY=,61557989817455,https://scontent.fcgk43-1.fna.fbcdn.net/v/t39.30808-1/701302028_122252645930266327_5690497295714249606_n.jpg?stp=cp0_dst-jpg_s32x32_tt6&_nc_cat=102&ccb=1-7&_nc_sid=e99d92&_nc_eui2=AeHnMFLVV0aqnO8s1KDZgRhJeSk0AAAFPwd5KTQAAAU_B_3ubH6wbCW0KwcqApy6KYXSDt3bcvVFIZz9bbWxuVP_&_nc_ohc=RJEmwVzugSgQ7kNvwHDGGgA&_nc_oc=AdrI4Nz7pj2BBjPoq8-N00jhgNGqudVmC9nsgTwkhtmVNuF5MIvpdh0X5V5B0fY67AA&_nc_zt=24&_nc_ht=scontent.fcgk43-1.fna&_nc_gid=eqOLmjEgdrODo5Iqn2SKew&_nc_ss=7b2a8&oh=00_Af5t1GP65LPfURw1FlnktmLuBDVfzqy8ssPGnO8gHXWMGQ&oe=6A1A3EB8,Oncho Oncho,"Lucu
PBB aj mereka Tdk takut 🤣",https://www.facebook.com/TirtoID/posts/pfbid02eZCnsA6s7gXx8AZq9t7KLmiC8EMgXXg6zirheujS9oA4uNCjKPCzb21ZdzpJWXUul?comment_id=2191206064986406,0,0,0,05/25/2026 15:42:12,Facebook,facebook_comments_post_2.csv,lucu pbb aj mereka tdk takut,6,2026-05-25 15:42:12
Y29tbWVudDoxNDUzODgyNjI2NzY4MTUzXzE0MjE1MTU3MDY2ODQ5MTY=,100002531060349,https://scontent.fcgk43-1.fna.fbcdn.net/v/t39.30808-1/324560973_692887335950711_319205865546576744_n.jpg?stp=cp0_dst-jpg_s32x32_tt6&_nc_cat=107&ccb=1-7&_nc_sid=e99d92&_nc_eui2=AeEoiErbeqg7RzljfaSS-KhVr6C11YF96lGvoLXVgX3qUUEn3_1FJWgrfshLqY_cz4Hb-3IJEEVrXzvvU04FZkvg&_nc_ohc=Q0hQwFHFk_0Q7kNvwFt_hGt&_nc_oc=AdrLlb9w4iqVuWUVKEpJZr6EFA9r9p8jQ9LH276kep3TZgTA324r5n5OEfNCvy1q6Zg&_nc_zt=24&_nc_ht=scontent.fcgk43-1.fna&_nc_gid=eqOLmjEgdrODo5Iqn2SKew&_nc_ss=7b2a8&oh=00_Af7iXa6MgKrNctsKSpTcknMEfqy0zxv_Y5uXhkbP8DfIEw&oe=6A1A19C8,Teady Armand,Membeka ham bangsa asing ehh vangsa sendiri hak2nya dikebiri..,https://www.facebook.com/TirtoID/posts/pfbid02eZCnsA6s7gXx8AZq9t7KLmiC8EMgXXg6zirheujS9oA4uNCjKPCzb21ZdzpJWXUul?comment_id=1421515706684916,1,0,0,05/25/2026 14:56:06,Facebook,facebook_comments_post_2.csv,membeka ham bangsa asing ehh vangsa sendiri hak2nya dikebiri,9,2026-05-25 14:56:06
Y29tbWVudDoxNDUzODgyNjI2NzY4MTUzXzIxNjk5NzYwODA0MzQxMjQ=,100000769307179,https://scontent.fcgk43-1.fna.fbcdn.net/v/t39.30808-1/539682120_24549060811369555_1433548402137424331_n.jpg?stp=c0.0.1080.1080a_cp0_dst-jpg_s32x32_tt6&_nc_cat=106&ccb=1-7&_nc_sid=1d2534&_nc_eui2=AeEYQYI3fLbKZL9sWdfhMKVbWvhzNu68ESBa-HM27rwRIHpOq51gd8PAtKNsRltlIY1GyE_Qi1njdDVcUYKdeBiX&_nc_ohc=jxTq6lwwTEQQ7kNvwFCaSy7&_nc_oc=AdqFPVZMFp0AvdZ109sO57gWfTHsDgXDk1GYyJLpCuW8ci4hh-zHvNYCqoDv2Lbp6J4&_nc_zt=24&_nc_ht=scontent.fcgk43-1.fna&_nc_gid=eqOLmjEgdrODo5Iqn2SKew&_nc_ss=7b2a8&oh=00_Af5TL3y8D1JVYlNZNcB3gbkTGfmXr7T0sBVhcPpMSQhp1w&oe=6A1A35F9,Lalu Yuditya Banjarsena,https://scontent.fcgk43-1.fna.fbcdn.net/v/t39.1997-6/118211260_659965514618313_1559572347261946985_n.png?stp=cp0_dst-png_s110x80&_nc_cat=1&ccb=1-7&_nc_sid=23dd7b&_nc_eui2=AeFPEv3Ej6oRlGYVXezffI0A5XXJUeTgJn7ldclR5OAmfmaooF3wViac7fWNnxgZM_1FhjXcVXltvFoM_WByKBi_&_nc_ohc=4HFiwMzZsT8Q7kNvwG4ycVu&_nc_oc=AdpHN_K9oAwcqWsUq4-geyx5TZR75qJ_IqCNz6gjV6peW6KKdQ6ea8cPk3ApzZ3hJjs&_nc_zt=26&_nc_ht=scontent.fcgk43-1.fna&_nc_gid=eqOLmjEgdrODo5Iqn2SKew&_nc_ss=7b2a8&oh=00_Af5h0nJY-A60r6tSj7BT8urnnH0V28kHKWvcr0hsx1Ih7w&oe=6A1A1DD0,https://www.facebook.com/TirtoID/posts/pfbid02eZCnsA6s7gXx8AZq9t7KLmiC8EMgXXg6zirheujS9oA4uNCjKPCzb21ZdzpJWXUul?comment_id=2169976080434124,0,0,0,05/25/2026 14:41:12,Facebook,facebook_comments_post_2.csv,,0,2026-05-25 14:41:12
Y29tbWVudDoxNDUzODgyNjI2NzY4MTUzXzExNzk4MTI4ODA5MDAwNTQ=,1299687413,https://scontent.fcgk43-1.fna.fbcdn.net/v/t39.30808-1/451314954_10223952371099356_8875102945236778421_n.jpg?stp=cp0_dst-jpg_s32x32_tt6&_nc_cat=100&ccb=1-7&_nc_sid=e99d92&_nc_eui2=AeEdKZ9Ok_WJJwt0OOSfBH45oBwJVZCswBagHAlVkKzAFqZOQrACiEVheV26ohZN0gz_5NOU1Gv2FgJtpzJuJEfG&_nc_ohc=ndA83dhD7F0Q7kNvwHnF_L-&_nc_oc=AdoU64Z1f2aMBPW1hlxiotQbbkqH33cWrWqTk1cJv1fcmUaiIkQ2gQc1TrbojWzRGRI&_nc_zt=24&_nc_ht=scontent.fcgk43-1.fna&_nc_gid=eqOLmjEgdrODo5Iqn2SKew&_nc_ss=7b2a8&oh=00_Af6Vd1RlL9m4AzYwypeO7ny88GFSGwhlvsqalhMO6MLIIg&oe=6A1A1E95,Nasruddin Djinamli,Ngelawak👍,https://www.facebook.com/TirtoID/posts/pfbid02eZCnsA6s7gXx8AZq9t7KLmiC8EMgXXg6zirheujS9oA4uNCjKPCzb21ZdzpJWXUul?comment_id=1179812880900054,0,0,0,05/25/2026 14:14:22,Facebook,facebook_comments_post_2.csv,ngelawak,1,2026-05-25 14:14:22
Y29tbWVudDoxNDUzODgyNjI2NzY4MTUzXzE1MTEzMjg1MzAyMTMxNTY=,100071106524546,https://scontent.fcgk43-1.fna.fbcdn.net/v/t39.30808-1/224519924_105285321851685_7843086514196567089_n.jpg?stp=cp0_dst-jpg_s32x32_tt6&_nc_cat=106&ccb=1-7&_nc_sid=e99d92&_nc_eui2=AeFKogdmwnBSEP7AFCLnmSIuiN2c3VtEELyI3ZzdW0QQvJO4JwDPZJjtDBHMibf3d5qVThA7V5p280yxZay6F8_1&_nc_ohc=WRxK5OQC_ZoQ7kNvwHIpNgn&_nc_oc=AdoBfL4gbzsoTnr0UpwnCwZhMviZYCc2BR7XKL1pinJNfaelo31LAxYPZlI31bqAirg&_nc_zt=24&_nc_ht=scontent.fcgk43-1.fna&_nc_gid=eqOLmjEgdrODo5Iqn2SKew&_nc_ss=7b2a8&oh=00_Af5HQqrj_hwoSDTsD9hqhqYptqyyq3PsyeRN3MD8HrUDqQ&oe=6A1A0798,Benaya,Minta donasi utk ngurus ngongkos ke Belanda ke Makamah Internasional.,https://www.facebook.com/TirtoID/posts/pfbid02eZCnsA6s7gXx8AZq9t7KLmiC8EMgXXg6zirheujS9oA4uNCjKPCzb21ZdzpJWXUul?comment_id=1511328530213156,1,0,1,05/25/2026 13:53:45,Facebook,facebook_comments_post_2.csv,minta donasi utk ngurus ngongkos ke belanda ke makamah internasional,10,2026-05-25 13:53:45
Y29tbWVudDoxNDUzODgyNjI2NzY4MTUzXzE0MzE3NTk4MzIzMTgwNTU=,100006362736869,https://scontent.fcgk43-1.fna.fbcdn.net/v/t39.30808-1/449771993_3658688474353208_7104480189253741993_n.jpg?stp=cp0_dst-jpg_s32x32_tt6&_nc_cat=109&ccb=1-7&_nc_sid=e99d92&_nc_eui2=AeFy0TYBwCwwZ8qbwNG-7SFUArawnnG9VbQCtrCecb1VtIUgomEt9kWjrNlw6NvTT8seHevBAwNYHCWajGeX5ikT&_nc_ohc=ix3N728q7poQ7kNvwGCVtGT&_nc_oc=Ado-ArOf3fKUKB_9MdJOihl5AERWWbQFOAAwOZrKB2IDaj1Ff_Nzaqj2iXhTu67wTw0&_nc_zt=24&_nc_ht=scontent.fcgk43-1.fna&_nc_gid=E9w_wgWBQWDnG-JZPUQdcA&_nc_ss=7b2a8&oh=00_Af7TUfOZO-f0TsI3QwmXpTYcgZeD4vYR5SoEmGDBnvtt9Q&oe=6A1A3947,Priskiela Tako,"-Benaya biar bisa jalan² ke Belanda, biar bisa liat suasana Eropa, kesian nihh para pemain sinetron Pinokio 🤥🤥🤥🤥",https://www.facebook.com/TirtoID/posts/pfbid02eZCnsA6s7gXx8AZq9t7KLmiC8EMgXXg6zirheujS9oA4uNCjKPCzb21ZdzpJWXUul?comment_id=1511328530213156&reply_comment_id=1431759832318055,0,1,0,05/25/2026 16:16:40,Facebook,facebook_comments_post_2.csv,benaya biar bisa jalan² ke belanda biar bisa liat suasana eropa kesian nihh para pemain sinetron pinokio,17,2026-05-25 16:16:40
Y29tbWVudDoxNDUzODgyNjI2NzY4MTUzXzgyNTkzMTI2NjkyOTQwNg==,61564457831694,https://scontent.fcgk43-1.fna.fbcdn.net/v/t39.30808-1/605168135_122191565792481927_3237627953943676833_n.jpg?stp=c7.0.705.705a_cp0_dst-jpg_s32x32_tt6&_nc_cat=104&ccb=1-7&_nc_sid=e99d92&_nc_eui2=AeEZdUT2KsZVnxLq2oIDQX8knkv6FtYIOqOeS_oW1gg6oxD1Cz-99jBOIR5L0Wsh0cGiMT2SkRqN9VLdgf0ioBP6&_nc_ohc=LTQ38LElljMQ7kNvwEyrd7h&_nc_oc=AdpsVWl9RyoXJvr4y55VNz5jGpKf1JFtBtEdP-KgAOhdQbzDzZUQjCsYCOGSiSe8cCU&_nc_zt=24&_nc_ht=scontent.fcgk43-1.fna&_nc_gid=eqOLmjEgdrODo5Iqn2SKew&_nc_ss=7b2a8&oh=00_Af7XYdbPqbVUMpsNcdmCwXHOOD6p-Il9fcphceBu3dCiDw&oe=6A1A2D52,Piter Van,Kontol. Bersyukurla kamu kepada Tuhanmu msh dikasih hidup sama israel,https://www.facebook.com/TirtoID/posts/pfbid02eZCnsA6s7gXx8AZq9t7KLmiC8EMgXXg6zirheujS9oA4uNCjKPCzb21ZdzpJWXUul?comment_id=825931266929406,0,0,0,05/25/2026 13:48:21,Facebook,facebook_comments_post_2.csv,kontol bersyukurla kamu kepada tuhanmu msh dikasih hidup sama israel,10,2026-05-25 13:48:21
Y29tbWVudDoxNDUzODgyNjI2NzY4MTUzXzIwNzE2MzQwMDAwNjE4OTY=,100006961727980,https://scontent.fcgk43-1.fna.fbcdn.net/v/t39.30808-1/475277116_3890118701230149_2248270576633982332_n.jpg?stp=cp0_dst-jpg_s32x32_tt6&_nc_cat=102&ccb=1-7&_nc_sid=e99d92&_nc_eui2=AeEcSarRxYKBFHec1chNYqVf_WTGA0kCFTb9ZMYDSQIVNmHn-2njTqMqOFm0zPviGQ0iGKZuXZAWhjf14f0yukMS&_nc_ohc=BXlEnLAQo_wQ7kNvwFq0qej&_nc_oc=Adq0oZlOT_E26mXFrdBv8Gnn67x3XOWSMbS9ZbYQ6ggHMERquV7Yx5Uc-Zo8uXFGwBo&_nc_zt=24&_nc_ht=scontent.fcgk43-1.fna&_nc_gid=eqOLmjEgdrODo5Iqn2SKew&_nc_ss=7b2a8&oh=00_Af6o-YL3JYQeIiGmWQdKVZfew_ummftxirQpiqspgqTU-g&oe=6A1A2C85,Hengky Jokhu,https://scontent.fcgk43-1.fna.fbcdn.net/v/t39.1997-6/106823040_953856961743328_2605604044035726523_n.png?stp=cp0_dst-png_s110x80&_nc_cat=1&ccb=1-7&_nc_sid=23dd7b&_nc_eui2=AeFb79OUC-u-SrxpZKdOQIbt3BQOoHLms0PcFA6gcuazQ1WhZdCrO7wb60rPr8UdxMF19DEvngI8qlZCwsPIHOuq&_nc_ohc=10KGGR0OkvQQ7kNvwGynB1G&_nc_oc=AdqL_bS93WjO3FpmD7_z13NZKSzFV1OdziSW800KqXtxurmYbweA5inbzR4B7aGoJTg&_nc_zt=26&_nc_ht=scontent.fcgk43-1.fna&_nc_gid=eqOLmjEgdrODo5Iqn2SKew&_nc_ss=7b2a8&oh=00_Af5j6ZRc2C2f7BeKR4DFpMgrdICCFm7UHm542RAKokgjSw&oe=6A1A3505,https://www.facebook.com/TirtoID/posts/pfbid02eZCnsA6s7gXx8AZq9t7KLmiC8EMgXXg6zirheujS9oA4uNCjKPCzb21ZdzpJWXUul?comment_id=2071634000061896,0,0,0,05/25/2026 13:18:02,Facebook,facebook_comments_post_2.csv,,0,2026-05-25 13:18:02
Y29tbWVudDoxNDUzODgyNjI2NzY4MTUzXzE1MzA3NzEzOTE3OTE0NDU=,100087954311913,https://scontent.fcgk43-1.fna.fbcdn.net/v/t39.30808-1/661520841_916817181260084_1354694908730061211_n.jpg?stp=cp0_dst-jpg_s32x32_tt6&_nc_cat=111&ccb=1-7&_nc_sid=e99d92&_nc_eui2=AeG4Y1EfPGGaIyXZUZQ-9Dy0iHtNmIwVp6qIe02YjBWnqmhHj5Qt6NJfqJKQjm6puX73gVXZc8dMhZlLzUUTLlu8&_nc_ohc=vHnBbAe3j7kQ7kNvwGkHFj9&_nc_oc=Adq5T7pIUMQoZU3tHQeAqoCVoXsoQ61YqbMIbNOz6THuJw8TN7Bhbw4KCTBhfr_zyzc&_nc_zt=24&_nc_ht=scontent.fcgk43-1.fna&_nc_gid=eqOLmjEgdrODo5Iqn2SKew&_nc_ss=7b2a8&oh=00_Af6WBBNR-YXvCrode2NYM1nV_00ZzbDw71EWNiQku2obCQ&oe=6A1A29C9,Hitria,Konoha darurat otak!!,https://www.facebook.com/TirtoID/posts/pfbid02eZCnsA6s7gXx8AZq9t7KLmiC8EMgXXg6zirheujS9oA4uNCjKPCzb21ZdzpJWXUul?comment_id=1530771391791445,1,0,0,05/25/2026 13:15:07,Facebook,facebook_comments_post_2.csv,konoha darurat otak,3,2026-05-25 13:15:07
Y29tbWVudDoxNDUzODgyNjI2NzY4MTUzXzE1NDYyNzk1ODAxOTUzMjE=,61565363695991,https://scontent.fcgk43-1.fna.fbcdn.net/v/t39.30808-1/588950588_122196346316512123_4809441299187286684_n.jpg?stp=c207.0.830.830a_cp0_dst-jpg_s32x32_tt6&_nc_cat=110&ccb=1-7&_nc_sid=e99d92&_nc_eui2=AeE1knn_LVti4i1II0l_9lMOM0pMhonA5L8zSkyGicDkv2sX6rcnDzsvIjlQcGbAdemOTDD_6HmIKMQ-Yyq13DbS&_nc_ohc=nsUSXoMeQ8MQ7kNvwEs9cR-&_nc_oc=AdqAQiQfhh-Ah-oWBK8KLhzTWAV6FR7OAyhJqGv9OyUTQ9kTv_oIwflaKU3Aq5ksxWM&_nc_zt=24&_nc_ht=scontent.fcgk43-1.fna&_nc_gid=eqOLmjEgdrODo5Iqn2SKew&_nc_ss=7b2a8&oh=00_Af4QYZI5cnncHeYSePEOvw2wEKB8jdhmRnpkf_0vQLMinQ&oe=6A1A3E33,Iwan Sariwan,Percuma. PBB aja mereka tentang.,https://www.facebook.com/TirtoID/posts/pfbid02eZCnsA6s7gXx8AZq9t7KLmiC8EMgXXg6zirheujS9oA4uNCjKPCzb21ZdzpJWXUul?comment_id=1546279580195321,0,0,0,05/25/2026 12:30:16,Facebook,facebook_comments_post_2.csv,percuma pbb aja mereka tentang,5,2026-05-25 12:30:16
Y29tbWVudDoxNDUzODgyNjI2NzY4MTUzXzEyOTk4NDAwMzgzNTY1NDk=,1451850770,https://scontent.fcgk43-1.fna.fbcdn.net/v/t39.30808-1/467111716_10226411808028815_7250383580374728315_n.jpg?stp=cp0_dst-jpg_s32x32_tt6&_nc_cat=106&ccb=1-7&_nc_sid=1d2534&_nc_eui2=AeHQ_2RbuT2a-90tM2iI7v5iBdP_bEchAosF0_9sRyECi8DWei0c5M3OAw0enR0K7MwWs6iu6aaBNzgWxcdyWFS4&_nc_ohc=6iRfkBXu7K4Q7kNvwEu_zgq&_nc_oc=AdqfLrM_G-pCq1P3nKPBcVNJR1uBR_HLwZqG-8hWQJrM_5VMWd3bXeNWA5BW7SEt3yM&_nc_zt=24&_nc_ht=scontent.fcgk43-1.fna&_nc_gid=ISxoS-PnvzbgfbJnEmM98g&_nc_ss=7b2a8&oh=00_Af4YqRFaw23NvJi_U-RWtsCaG_MbY_-yrLOZviJeJMbEmQ&oe=6A1A0C57,Tri Bayu,"Langkah hukum apaan?
Gerombolan halu kalian itu.",https://www.facebook.com/TirtoID/posts/pfbid02eZCnsA6s7gXx8AZq9t7KLmiC8EMgXXg6zirheujS9oA4uNCjKPCzb21ZdzpJWXUul?comment_id=1299840038356549,2,0,0,05/25/2026 12:19:16,Facebook,facebook_comments_post_2.csv,langkah hukum apaan gerombolan halu kalian itu,7,2026-05-25 12:19:16
Y29tbWVudDoxNDUzODgyNjI2NzY4MTUzXzEzMDM0OTExNjc5NzkwNTc=,100014321497520,https://scontent.fcgk43-1.fna.fbcdn.net/v/t39.30808-1/527794298_2111796405974389_4804323611941369130_n.jpg?stp=cp0_dst-jpg_s32x32_tt6&_nc_cat=111&ccb=1-7&_nc_sid=e99d92&_nc_eui2=AeFFy2gUfllz3WbIdQMuuO54-lg8OZGhJR76WDw5kaElHqapCS3KzbsQKfcZERWiih_LFgbUnFmNMDgKo4cEXZ9q&_nc_ohc=yZ0Vv3nbeSYQ7kNvwF0WqAf&_nc_oc=Ado_UIDgSL99ExlVQlZHhMhnrWUS5wI4vwM5qWJa796-daVYFsR91aAZMVC27h4LbWQ&_nc_zt=24&_nc_ht=scontent.fcgk43-1.fna&_nc_gid=ISxoS-PnvzbgfbJnEmM98g&_nc_ss=7b2a8&oh=00_Af4EjNBYEDdzaNQFanNWuT2hFfyzn2yk3uB7PJ1zw5UDwQ&oe=6A1A1D02,Deret Ukur,Jgn lupa open BO.... Ehhh donasi 😁,https://www.facebook.com/TirtoID/posts/pfbid02eZCnsA6s7gXx8AZq9t7KLmiC8EMgXXg6zirheujS9oA4uNCjKPCzb21ZdzpJWXUul?comment_id=1303491167979057,0,0,0,05/25/2026 12:02:57,Facebook,facebook_comments_post_2.csv,jgn lupa open bo ehhh donasi,6,2026-05-25 12:02:57
Y29tbWVudDoxNDUzODgyNjI2NzY4MTUzXzI1NjI0NDU4Mjc1NDQ2NTY=,100000579995232,https://scontent.fcgk43-1.fna.fbcdn.net/v/t39.30808-1/242706112_4974419009254050_5937322157903876922_n.jpg?stp=cp0_dst-jpg_s32x32_tt6&_nc_cat=109&ccb=1-7&_nc_sid=1d2534&_nc_eui2=AeFCsBU3RxYq3fbgxkk7S7SuPrYK7tkkdT4-tgru2SR1Pr8JNgN0YbhVdHpNcXJr5AdVEIFNbXaefcu8RfOXxxgq&_nc_ohc=cBRKh6UkgdYQ7kNvwF7Mo2V&_nc_oc=Adpj0rqD7YBimOdMdFeH6Rd528V7QnBTStDVNh-DPVmyXwOPpv7YGwyg7lTwG8DhD2s&_nc_zt=24&_nc_ht=scontent.fcgk43-1.fna&_nc_gid=ISxoS-PnvzbgfbJnEmM98g&_nc_ss=7b2a8&oh=00_Af4zdrmjJmDGcFf2AOqTGhZCHPfdUclj_1qeIrgRgfmNZg&oe=6A1A0804,Hanif Wong,Nyusain orang aja,https://www.facebook.com/TirtoID/posts/pfbid02eZCnsA6s7gXx8AZq9t7KLmiC8EMgXXg6zirheujS9oA4uNCjKPCzb21ZdzpJWXUul?comment_id=2562445827544656,0,0,0,05/25/2026 11:58:37,Facebook,facebook_comments_post_2.csv,nyusain orang aja,3,2026-05-25 11:58:37
Y29tbWVudDoxNDUzODgyNjI2NzY4MTUzXzI3MTYzMDIyMDI2NjQzMTIy,100002534628145,https://scontent.fcgk43-1.fna.fbcdn.net/v/t39.30808-1/600254692_25414919394842532_2076791082128107276_n.jpg?stp=cp0_dst-jpg_s32x32_tt6&_nc_cat=102&ccb=1-7&_nc_sid=e99d92&_nc_eui2=AeHtUD16EeOjEZ2nawqWdZ8oKn2h9Tqtk30qfaH1Oq2TfSQKLaLCiMaL4HFhZTkH1aNIxjHHVn4Gm_oNJDAUULJZ&_nc_ohc=pFeWmp9Ak6sQ7kNvwFfRTxp&_nc_oc=AdrSe_lnFHYDCbJiLDwQCZxJyEiqzcyxgvyr6TPSfc5RoADr7iYCGNdbjOFJYVwIw2M&_nc_zt=24&_nc_ht=scontent.fcgk43-1.fna&_nc_gid=ISxoS-PnvzbgfbJnEmM98g&_nc_ss=7b2a8&oh=00_Af4BmXAqMON52S1_tZmYsWRnG3Zxk30Ajx00GK83VysL-g&oe=6A1A3246,Gustaf R L,"D culik kokukus bgni

Bisa oetawa ketiwi
Mreka pikir mreka pahlawan 🤣🤣🤣🤣🤣",https://www.facebook.com/TirtoID/posts/pfbid02eZCnsA6s7gXx8AZq9t7KLmiC8EMgXXg6zirheujS9oA4uNCjKPCzb21ZdzpJWXUul?comment_id=27163022026643122,0,0,0,05/25/2026 11:16:17,Facebook,facebook_comments_post_2.csv,d culik kokukus bgni bisa oetawa ketiwi mreka pikir mreka pahlawan,11,2026-05-25 11:16:17
Y29tbWVudDoxNDUzODgyNjI2NzY4MTUzXzIyOTEyNTc1NjgwNjg5OTU=,100054808184748,https://scontent.fcgk43-1.fna.fbcdn.net/v/t39.30808-1/465568559_1085446896625573_283455485860564413_n.jpg?stp=cp0_dst-jpg_s32x32_tt6&_nc_cat=107&ccb=1-7&_nc_sid=1d2534&_nc_eui2=AeHyk9aFS5u0S56ozcOuex551jmPNAf8L1fWOY80B_wvV473f58cttPSh2OEU-aYFCR5woyoFV3are5Ni_tGr3gJ&_nc_ohc=y96gFZUJpS8Q7kNvwFxxAFo&_nc_oc=AdpP7kxxKX_0O7OFGZW6EykfpTXwaRRYj5vAP5PLfEcbPliefvYCUZdQmbNOVlufxeE&_nc_zt=24&_nc_ht=scontent.fcgk43-1.fna&_nc_gid=ISxoS-PnvzbgfbJnEmM98g&_nc_ss=7b2a8&oh=00_Af48JdnK-4LK0OyKEbCeOdHALcg4CaFZ5LVzYWbXwyXYoQ&oe=6A1A0A91,Allan Bule,Banyakan menghayal ..ayo donasi nya buat melawan israel ..,https://www.facebook.com/TirtoID/posts/pfbid02eZCnsA6s7gXx8AZq9t7KLmiC8EMgXXg6zirheujS9oA4uNCjKPCzb21ZdzpJWXUul?comment_id=2291257568068995,0,0,0,05/25/2026 11:07:42,Facebook,facebook_comments_post_2.csv,banyakan menghayal ayo donasi nya buat melawan israel,8,2026-05-25 11:07:42
Y29tbWVudDoxNDUzODgyNjI2NzY4MTUzXzEzMDEwMjgzMzE1NzQ2MDU=,1697303555,https://scontent.fcgk43-1.fna.fbcdn.net/v/t39.30808-1/429580066_10211245491568563_5211129217400482508_n.jpg?stp=cp0_dst-jpg_s32x32_tt6&_nc_cat=100&ccb=1-7&_nc_sid=1d2534&_nc_eui2=AeGX3zpf2Yy_-8ZK0L4GPwZADAFaI_muLNkMAVoj-a4s2XA_0qCU6djSaV_QHcGp0aFkVwfJLefSB-BL4r9beREf&_nc_ohc=XvKzbTpL0W0Q7kNvwGI1nu4&_nc_oc=Ado_yga1MHMGBGr0C83kbiKJH8cipD11mg964vQ0qqhqhXMq9j5HNN_eLeFbzvXBNhc&_nc_zt=24&_nc_ht=scontent.fcgk43-1.fna&_nc_gid=ISxoS-PnvzbgfbJnEmM98g&_nc_ss=7b2a8&oh=00_Af5lgpXIHwrSGyRHImZz5qUT_K45D8IXP3B0aX4PuZJyPw&oe=6A1A0DB2,Dion Sahbrani Situmorang,"Lakukan sekuat dan semampu kalian. 
Jgn libatkan PBB atau BoP gak mempan itu. 
Tapi coba libatkan Kejaksaan 😁

Kalian dibebaskan krn dianggap tidak bersenjata. Pulihkan sj dlu badan lalu datang lgi kesana dri jalur lain agar lancar.",https://www.facebook.com/TirtoID/posts/pfbid02eZCnsA6s7gXx8AZq9t7KLmiC8EMgXXg6zirheujS9oA4uNCjKPCzb21ZdzpJWXUul?comment_id=1301028331574605,0,0,0,05/25/2026 11:00:43,Facebook,facebook_comments_post_2.csv,lakukan sekuat dan semampu kalian jgn libatkan pbb atau bop gak mempan itu tapi coba libatkan kejaksaan kalian dibebaskan krn dianggap tidak bersenjata pulihkan sj dlu badan lalu datang lgi kesana dri jalur lain agar lancar,36,2026-05-25 11:00:43
Y29tbWVudDoxNDUzODgyNjI2NzY4MTUzXzk5NDEzNTY2NjUwMTkzMA==,100055409681999,https://scontent.fcgk43-1.fna.fbcdn.net/v/t39.30808-1/457023124_1026211225902524_5009808784532306069_n.jpg?stp=cp0_dst-jpg_s32x32_tt6&_nc_cat=106&ccb=1-7&_nc_sid=e99d92&_nc_eui2=AeEvn3zmj0zdlSclgmO6lP-eiPQu7U05J72I9C7tTTknvRIP0bUGNYBDgHhb9iLhK560jpCm2OT0bMxmPACqdRzA&_nc_ohc=DLN1GLgbv-wQ7kNvwGEFl2S&_nc_oc=AdrFCQnwoO5vwmyK-nig44gQsz6kRHQgeeVkEHNPp0IkLJsDCjZ2nax9v5l1u8l5K-8&_nc_zt=24&_nc_ht=scontent.fcgk43-1.fna&_nc_gid=ISxoS-PnvzbgfbJnEmM98g&_nc_ss=7b2a8&oh=00_Af6A0xyWGGTpydFAyN3KvqcQ8ePPcFLobjy2B8BqGyWsVg&oe=6A1A1875,Joon Joon,Donasi kosong melongton,https://www.facebook.com/TirtoID/posts/pfbid02eZCnsA6s7gXx8AZq9t7KLmiC8EMgXXg6zirheujS9oA4uNCjKPCzb21ZdzpJWXUul?comment_id=994135666501930,0,0,0,05/25/2026 10:57:22,Facebook,facebook_comments_post_2.csv,donasi kosong melongton,3,2026-05-25 10:57:22
Y29tbWVudDoxNDUzODgyNjI2NzY4MTUzXzI0Njc4MTk3NTY5NzE5Njk=,1675006372,https://scontent.fcgk43-1.fna.fbcdn.net/v/t39.30808-1/273007062_10217516039967611_7462817131186369074_n.jpg?stp=cp0_dst-jpg_s32x32_tt6&_nc_cat=109&ccb=1-7&_nc_sid=1d2534&_nc_eui2=AeH8tblVZOK2yzUJd762q3PooMcLDNClSEGgxwsM0KVIQYsOyCoqN0rpPDvnrFJbHWJAdRcMARiMCxH9eyCAkSXa&_nc_ohc=EYN-DIyWe1sQ7kNvwGO9ilb&_nc_oc=AdpSURMpxT2YeWwuDewVUyNaGHHNdeFer6xQlIedAD4ZWOfxfD7L1xCmRSX6NdQcP3Y&_nc_zt=24&_nc_ht=scontent.fcgk43-1.fna&_nc_gid=ISxoS-PnvzbgfbJnEmM98g&_nc_ss=7b2a8&oh=00_Af6H1lcq_tlGdGv71QmpcfYY1ps5X000zl8g9Sbd40NF9g&oe=6A1A2AC9,Anastasia Anita Setyawati,"Mereka terus up kasusnya krn ga nyangka Israel lgs bebaskan org2 ini. Padahal belum sempat kumpulkan donasi🤣

Israel kurang lama menahan mereka😅",https://www.facebook.com/TirtoID/posts/pfbid02eZCnsA6s7gXx8AZq9t7KLmiC8EMgXXg6zirheujS9oA4uNCjKPCzb21ZdzpJWXUul?comment_id=2467819756971969,1,0,0,05/25/2026 10:54:38,Facebook,facebook_comments_post_2.csv,mereka terus up kasusnya krn ga nyangka israel lgs bebaskan org2 ini padahal belum sempat kumpulkan donasi israel kurang lama menahan mereka,22,2026-05-25 10:54:38
Y29tbWVudDoxNDUzODgyNjI2NzY4MTUzXzk1ODYwNjM5Njk5MjM1Mg==,100092730345879,https://scontent.fcgk43-1.fna.fbcdn.net/v/t39.30808-1/348470713_1189214571747807_4144760083077057010_n.jpg?stp=cp0_dst-jpg_s32x32_tt6&_nc_cat=110&ccb=1-7&_nc_sid=e99d92&_nc_eui2=AeHnswgnhTKArXOTMEElP82LU-uup67HCrpT666nrscKuhv83h2GTfyYwGuavX2Rz-CrwpTwVmXwWb7nQeLd2Q6r&_nc_ohc=bqUOpqEJP-sQ7kNvwEGh1EY&_nc_oc=Adqu2TV4_-bfd2ofV-8dh0UEW2ejyB9v1mMq0rnZqobSecbVNYPRNHDDN3ZRg_0olBQ&_nc_zt=24&_nc_ht=scontent.fcgk43-1.fna&_nc_gid=ISxoS-PnvzbgfbJnEmM98g&_nc_ss=7b2a8&oh=00_Af5e4F2PwGWjrR24IEQVWPQtOCJnR6UNt-LHtbpwiHAMZw&oe=6A1A12A5,Jamil Ridwan,"Bravo 1srael! Terimakasih sdh membebaskan saudara2 kami yg bodoh ini, maafkanlah kebodohan mrk yg melanggar kedaulatan wilayahmu,  & maafkanlah jg politikus2 bodoh & media2 katro k0n0ha yg memusuhimu 🙏🏽 FREE 1SRAEL! ✊🏽🇮🇱",https://www.facebook.com/TirtoID/posts/pfbid02eZCnsA6s7gXx8AZq9t7KLmiC8EMgXXg6zirheujS9oA4uNCjKPCzb21ZdzpJWXUul?comment_id=958606396992352,0,0,0,05/25/2026 10:49:20,Facebook,facebook_comments_post_2.csv,bravo 1srael terimakasih sdh membebaskan saudara2 kami yg bodoh ini maafkanlah kebodohan mrk yg melanggar kedaulatan wilayahmu maafkanlah jg politikus2 bodoh media2 katro k0n0ha yg memusuhimu free 1srael,28,2026-05-25 10:49:20
Y29tbWVudDoxNDUzODgyNjI2NzY4MTUzXzIzODkwNDY0NzE2MDQ1NzY=,61560714576083,https://scontent.fcgk43-1.fna.fbcdn.net/v/t39.30808-1/705052596_122216032922357152_6820557217596020676_n.jpg?stp=c0.0.750.750a_cp0_dst-jpg_s32x32_tt6&_nc_cat=102&ccb=1-7&_nc_sid=e99d92&_nc_eui2=AeH7jOabLbSyMTJk1JNH4HxkOvccVwxy2yE69xxXDHLbITD-2zDJdHVb285F-gaAgm4sMjADBw9TsHY1vH4eTOWp&_nc_ohc=mcFvRRvUQjgQ7kNvwGMq81K&_nc_oc=AdpOY-nMai2bvKCb6cPzmSA_hxwCkrU9ZQOwtB-PWnL0gg_sQ7Yto8HQ6kbYVOxF9Aw&_nc_zt=24&_nc_ht=scontent.fcgk43-1.fna&_nc_gid=ISxoS-PnvzbgfbJnEmM98g&_nc_ss=7b2a8&oh=00_Af6KZ4Q9RAIrR46gZI_TpLxbU46yTVK2zKVneMCJuNbfuw&oe=6A1A1B0A,Angga Tri Jaya,Donasi lagi dong agar bisa melawan Israel secara hukum 🤭🤣🤣🤣,https://www.facebook.com/TirtoID/posts/pfbid02eZCnsA6s7gXx8AZq9t7KLmiC8EMgXXg6zirheujS9oA4uNCjKPCzb21ZdzpJWXUul?comment_id=2389046471604576,0,0,0,05/25/2026 10:43:34,Facebook,facebook_comments_post_2.csv,donasi lagi dong agar bisa melawan israel secara hukum,9,2026-05-25 10:43:34
